  0
SECTION
  2
HEADER
  9
$ACADVER
  1
AC1024
  9
$ACADMAINTVER
 70
6
  9
$DWGCODEPAGE
  3
ANSI_1252
  9
$LASTSAVEDBY
  1
ezdxf
  9
$INSBASE
 10
0.0
 20
0.0
 30
0.0
  9
$EXTMIN
 10
1e+20
 20
1e+20
 30
1e+20
  9
$EXTMAX
 10
-1e+20
 20
-1e+20
 30
-1e+20
  9
$LIMMIN
 10
0.0
 20
0.0
  9
$LIMMAX
 10
420.0
 20
297.0
  9
$ORTHOMODE
 70
0
  9
$REGENMODE
 70
1
  9
$FILLMODE
 70
1
  9
$QTEXTMODE
 70
0
  9
$MIRRTEXT
 70
1
  9
$LTSCALE
 40
1.0
  9
$ATTMODE
 70
1
  9
$TEXTSIZE
 40
2.5
  9
$TRACEWID
 40
1.0
  9
$TEXTSTYLE
  7
OpenSans
  9
$CLAYER
  8
0
  9
$CELTYPE
  6
ByLayer
  9
$CECOLOR
 62
256
  9
$CELTSCALE
 40
1.0
  9
$DISPSILH
 70
0
  9
$DIMSCALE
 40
1.0
  9
$DIMASZ
 40
0.175
  9
$DIMEXO
 40
0.125
  9
$DIMDLI
 40
3.75
  9
$DIMRND
 40
0.0
  9
$DIMDLE
 40
0.0
  9
$DIMEXE
 40
0.375
  9
$DIMTP
 40
0.0
  9
$DIMTM
 40
0.0
  9
$DIMTXT
 40
0.25
  9
$DIMCEN
 40
2.5
  9
$DIMTSZ
 40
0.0
  9
$DIMTOL
 70
0
  9
$DIMLIM
 70
0
  9
$DIMTIH
 70
0
  9
$DIMTOH
 70
0
  9
$DIMSE1
 70
0
  9
$DIMSE2
 70
0
  9
$DIMTAD
 70
1
  9
$DIMZIN
 70
12
  9
$DIMBLK
  1
ARCHTICK
  9
$DIMASO
 70
1
  9
$DIMSHO
 70
1
  9
$DIMPOST
  1

  9
$DIMAPOST
  1

  9
$DIMALT
 70
0
  9
$DIMALTD
 70
3
  9
$DIMALTF
 40
0.03937007874
  9
$DIMLFAC
 40
100.0
  9
$DIMTOFL
 70
1
  9
$DIMTVP
 40
0.0
  9
$DIMTIX
 70
0
  9
$DIMSOXD
 70
0
  9
$DIMSAH
 70
0
  9
$DIMBLK1
  1

  9
$DIMBLK2
  1

  9
$DIMSTYLE
  2
EZDXF
  9
$DIMCLRD
 70
0
  9
$DIMCLRE
 70
0
  9
$DIMCLRT
 70
0
  9
$DIMTFAC
 40
0.5
  9
$DIMGAP
 40
0.1
  9
$DIMJUST
 70
0
  9
$DIMSD1
 70
0
  9
$DIMSD2
 70
0
  9
$DIMTOLJ
 70
0
  9
$DIMTZIN
 70
8
  9
$DIMALTZ
 70
0
  9
$DIMALTTZ
 70
0
  9
$DIMUPT
 70
1
  9
$DIMDEC
 70
2
  9
$DIMTDEC
 70
2
  9
$DIMALTU
 70
2
  9
$DIMALTTD
 70
3
  9
$DIMTXSTY
  7
OpenSansCondensed-Light
  9
$DIMAUNIT
 70
0
  9
$DIMADEC
 70
2
  9
$DIMALTRND
 40
0.0
  9
$DIMAZIN
 70
3
  9
$DIMDSEP
 70
46
  9
$DIMATFIT
 70
3
  9
$DIMFRAC
 70
0
  9
$DIMLDRBLK
  1

  9
$DIMLUNIT
 70
2
  9
$DIMLWD
 70
-2
  9
$DIMLWE
 70
-2
  9
$DIMTMOVE
 70
2
  9
$DIMFXL
 40
1.0
  9
$DIMFXLON
 70
0
  9
$DIMJOGANG
 40
0.785398163397
  9
$DIMTFILL
 70
0
  9
$DIMTFILLCLR
 70
0
  9
$DIMARCSYM
 70
0
  9
$DIMLTYPE
  6

  9
$DIMLTEX1
  6

  9
$DIMLTEX2
  6

  9
$DIMTXTDIRECTION
 70
0
  9
$LUNITS
 70
2
  9
$LUPREC
 70
4
  9
$SKETCHINC
 40
1.0
  9
$FILLETRAD
 40
10.0
  9
$AUNITS
 70
0
  9
$AUPREC
 70
2
  9
$MENU
  1
.
  9
$ELEVATION
 40
0.0
  9
$PELEVATION
 40
0.0
  9
$THICKNESS
 40
0.0
  9
$LIMCHECK
 70
0
  9
$CHAMFERA
 40
0.0
  9
$CHAMFERB
 40
0.0
  9
$CHAMFERC
 40
0.0
  9
$CHAMFERD
 40
0.0
  9
$SKPOLY
 70
0
  9
$TDCREATE
 40
2461251.4934953703
  9
$TDUCREATE
 40
2458532.153996898
  9
$TDUPDATE
 40
2461251.4934953703
  9
$TDUUPDATE
 40
2458532.1544311
  9
$TDINDWG
 40
0.0
  9
$TDUSRTIMER
 40
0.0
  9
$USRTIMER
 70
1
  9
$ANGBASE
 50
0.0
  9
$ANGDIR
 70
0
  9
$PDMODE
 70
0
  9
$PDSIZE
 40
0.0
  9
$PLINEWID
 40
0.0
  9
$SPLFRAME
 70
0
  9
$SPLINETYPE
 70
6
  9
$SPLINESEGS
 70
8
  9
$HANDSEED
  5
7F3
  9
$SURFTAB1
 70
6
  9
$SURFTAB2
 70
6
  9
$SURFTYPE
 70
6
  9
$SURFU
 70
6
  9
$SURFV
 70
6
  9
$UCSBASE
  2

  9
$UCSNAME
  2

  9
$UCSORG
 10
0.0
 20
0.0
 30
0.0
  9
$UCSXDIR
 10
1.0
 20
0.0
 30
0.0
  9
$UCSYDIR
 10
0.0
 20
1.0
 30
0.0
  9
$UCSORTHOREF
  2

  9
$UCSORTHOVIEW
 70
0
  9
$UCSORGTOP
 10
0.0
 20
0.0
 30
0.0
  9
$UCSORGBOTTOM
 10
0.0
 20
0.0
 30
0.0
  9
$UCSORGLEFT
 10
0.0
 20
0.0
 30
0.0
  9
$UCSORGRIGHT
 10
0.0
 20
0.0
 30
0.0
  9
$UCSORGFRONT
 10
0.0
 20
0.0
 30
0.0
  9
$UCSORGBACK
 10
0.0
 20
0.0
 30
0.0
  9
$PUCSBASE
  2

  9
$PUCSNAME
  2

  9
$PUCSORG
 10
0.0
 20
0.0
 30
0.0
  9
$PUCSXDIR
 10
1.0
 20
0.0
 30
0.0
  9
$PUCSYDIR
 10
0.0
 20
1.0
 30
0.0
  9
$PUCSORTHOREF
  2

  9
$PUCSORTHOVIEW
 70
0
  9
$PUCSORGTOP
 10
0.0
 20
0.0
 30
0.0
  9
$PUCSORGBOTTOM
 10
0.0
 20
0.0
 30
0.0
  9
$PUCSORGLEFT
 10
0.0
 20
0.0
 30
0.0
  9
$PUCSORGRIGHT
 10
0.0
 20
0.0
 30
0.0
  9
$PUCSORGFRONT
 10
0.0
 20
0.0
 30
0.0
  9
$PUCSORGBACK
 10
0.0
 20
0.0
 30
0.0
  9
$USERI1
 70
0
  9
$USERI2
 70
0
  9
$USERI3
 70
0
  9
$USERI4
 70
0
  9
$USERI5
 70
0
  9
$USERR1
 40
0.0
  9
$USERR2
 40
0.0
  9
$USERR3
 40
0.0
  9
$USERR4
 40
0.0
  9
$USERR5
 40
0.0
  9
$WORLDVIEW
 70
1
  9
$SHADEDGE
 70
3
  9
$SHADEDIF
 70
70
  9
$TILEMODE
 70
1
  9
$MAXACTVP
 70
64
  9
$PINSBASE
 10
0.0
 20
0.0
 30
0.0
  9
$PLIMCHECK
 70
0
  9
$PEXTMIN
 10
1e+20
 20
1e+20
 30
1e+20
  9
$PEXTMAX
 10
-1e+20
 20
-1e+20
 30
-1e+20
  9
$PLIMMIN
 10
0.0
 20
0.0
  9
$PLIMMAX
 10
420.0
 20
297.0
  9
$UNITMODE
 70
0
  9
$VISRETAIN
 70
1
  9
$PLINEGEN
 70
0
  9
$PSLTSCALE
 70
1
  9
$TREEDEPTH
 70
3020
  9
$CMLSTYLE
  2
Standard
  9
$CMLJUST
 70
0
  9
$CMLSCALE
 40
20.0
  9
$PROXYGRAPHICS
 70
1
  9
$MEASUREMENT
 70
1
  9
$CELWEIGHT
370
-1
  9
$ENDCAPS
280
0
  9
$JOINSTYLE
280
0
  9
$LWDISPLAY
290
0
  9
$INSUNITS
 70
4
  9
$HYPERLINKBASE
  1

  9
$STYLESHEET
  1

  9
$XEDIT
290
1
  9
$CEPSNTYPE
380
0
  9
$PSTYLEMODE
290
1
  9
$FINGERPRINTGUID
  2
{40BEA994-3C06-41A6-8B1F-5B74696F66C4}
  9
$VERSIONGUID
  2
{088E4CA7-E81A-4C9C-81D1-91E4EA19EEE7}
  9
$EXTNAMES
290
1
  9
$PSVPSCALE
 40
0.0
  9
$OLESTARTUP
290
0
  9
$SORTENTS
280
127
  9
$INDEXCTL
280
0
  9
$HIDETEXT
280
1
  9
$XCLIPFRAME
280
1
  9
$HALOGAP
280
0
  9
$OBSCOLOR
 70
257
  9
$OBSLTYPE
280
0
  9
$INTERSECTIONDISPLAY
280
0
  9
$INTERSECTIONCOLOR
 70
257
  9
$DIMASSOC
280
2
  9
$PROJECTNAME
  1

  9
$CAMERADISPLAY
290
0
  9
$LENSLENGTH
 40
50.0
  9
$CAMERAHEIGHT
 40
0.0
  9
$STEPSPERSEC
 40
24.0
  9
$STEPSIZE
 40
100.0
  9
$3DDWFPREC
 40
2.0
  9
$PSOLWIDTH
 40
0.005
  9
$PSOLHEIGHT
 40
0.08
  9
$LOFTANG1
 40
1.570796326795
  9
$LOFTANG2
 40
1.570796326795
  9
$LOFTMAG1
 40
0.0
  9
$LOFTMAG2
 40
0.0
  9
$LOFTPARAM
 70
7
  9
$LOFTNORMALS
280
1
  9
$LATITUDE
 40
37.795
  9
$LONGITUDE
 40
-122.394
  9
$NORTHDIRECTION
 40
0.0
  9
$TIMEZONE
 70
-8000
  9
$LIGHTGLYPHDISPLAY
280
1
  9
$TILEMODELIGHTSYNCH
280
1
  9
$CMATERIAL
347
20
  9
$SOLIDHIST
280
0
  9
$SHOWHIST
280
1
  9
$DWFFRAME
280
2
  9
$DGNFRAME
280
2
  9
$REALWORLDSCALE
290
1
  9
$INTERFERECOLOR
 62
256
  9
$CSHADOW
280
0
  9
$SHADOWPLANELOCATION
 40
0.0
  0
ENDSEC
  0
SECTION
  2
CLASSES
  0
CLASS
  1
ACDBDICTIONARYWDFLT
  2
AcDbDictionaryWithDefault
  3
ObjectDBX Classes
 90
0
 91
0
280
0
281
0
  0
CLASS
  1
SUN
  2
AcDbSun
  3
SCENEOE
 90
1153
 91
0
280
0
281
0
  0
CLASS
  1
VISUALSTYLE
  2
AcDbVisualStyle
  3
ObjectDBX Classes
 90
4095
 91
0
280
0
281
0
  0
CLASS
  1
MATERIAL
  2
AcDbMaterial
  3
ObjectDBX Classes
 90
1153
 91
0
280
0
281
0
  0
CLASS
  1
SCALE
  2
AcDbScale
  3
ObjectDBX Classes
 90
1153
 91
0
280
0
281
0
  0
CLASS
  1
TABLESTYLE
  2
AcDbTableStyle
  3
ObjectDBX Classes
 90
4095
 91
0
280
0
281
0
  0
CLASS
  1
MLEADERSTYLE
  2
AcDbMLeaderStyle
  3
ACDB_MLEADERSTYLE_CLASS
 90
4095
 91
0
280
0
281
0
  0
CLASS
  1
DICTIONARYVAR
  2
AcDbDictionaryVar
  3
ObjectDBX Classes
 90
0
 91
0
280
0
281
0
  0
CLASS
  1
CELLSTYLEMAP
  2
AcDbCellStyleMap
  3
ObjectDBX Classes
 90
1152
 91
0
280
0
281
0
  0
CLASS
  1
MENTALRAYRENDERSETTINGS
  2
AcDbMentalRayRenderSettings
  3
SCENEOE
 90
1024
 91
0
280
0
281
0
  0
CLASS
  1
ACDBDETAILVIEWSTYLE
  2
AcDbDetailViewStyle
  3
ObjectDBX Classes
 90
1025
 91
0
280
0
281
0
  0
CLASS
  1
ACDBSECTIONVIEWSTYLE
  2
AcDbSectionViewStyle
  3
ObjectDBX Classes
 90
1025
 91
0
280
0
281
0
  0
CLASS
  1
RASTERVARIABLES
  2
AcDbRasterVariables
  3
ISM
 90
0
 91
0
280
0
281
0
  0
CLASS
  1
ACDBPLACEHOLDER
  2
AcDbPlaceHolder
  3
ObjectDBX Classes
 90
0
 91
0
280
0
281
0
  0
CLASS
  1
LAYOUT
  2
AcDbLayout
  3
ObjectDBX Classes
 90
0
 91
0
280
0
281
0
  0
ENDSEC
  0
SECTION
  2
TABLES
  0
TABLE
  2
VPORT
  5
8
330
0
100
AcDbSymbolTable
 70
1
  0
VPORT
  5
23
330
8
100
AcDbSymbolTableRecord
100
AcDbViewportTableRecord
  2
*Active
 70
0
 10
0.0
 20
0.0
 11
1.0
 21
1.0
 12
0.0
 22
0.0
 13
0.0
 23
0.0
 14
0.5
 24
0.5
 15
0.5
 25
0.5
 16
0.0
 26
0.0
 36
1.0
 17
0.0
 27
0.0
 37
0.0
 40
1000.0
 41
1.34
 42
50.0
 43
0.0
 44
0.0
 50
0.0
 51
0.0
 71
0
 72
1000
 73
1
 74
3
 75
0
 76
0
 77
0
 78
0
281
0
 65
0
146
0.0
  0
ENDTAB
  0
TABLE
  2
LTYPE
  5
2
330
0
100
AcDbSymbolTable
 70
21
  0
LTYPE
  5
24
330
2
100
AcDbSymbolTableRecord
100
AcDbLinetypeTableRecord
  2
ByBlock
 70
0
  3

 72
65
 73
0
 40
0.0
  0
LTYPE
  5
25
330
2
100
AcDbSymbolTableRecord
100
AcDbLinetypeTableRecord
  2
ByLayer
 70
0
  3

 72
65
 73
0
 40
0.0
  0
LTYPE
  5
26
330
2
100
AcDbSymbolTableRecord
100
AcDbLinetypeTableRecord
  2
Continuous
 70
0
  3

 72
65
 73
0
 40
0.0
  0
LTYPE
  5
2F
330
2
100
AcDbSymbolTableRecord
100
AcDbLinetypeTableRecord
  2
CENTER
 70
0
  3
Center ____ _ ____ _ ____ _ ____ _ ____ _ ____
 72
65
 73
4
 40
5.08
 49
3.175
 74
0
 49
-0.635
 74
0
 49
0.635
 74
0
 49
-0.635
 74
0
  0
LTYPE
  5
30
330
2
100
AcDbSymbolTableRecord
100
AcDbLinetypeTableRecord
  2
CENTERX2
 70
0
  3
Center (2x) ________  __  ________  __  ________
 72
65
 73
4
 40
8.89
 49
6.35
 74
0
 49
-0.635
 74
0
 49
1.27
 74
0
 49
-0.635
 74
0
  0
LTYPE
  5
31
330
2
100
AcDbSymbolTableRecord
100
AcDbLinetypeTableRecord
  2
CENTER2
 70
0
  3
Center (.5x) ____ _ ____ _ ____ _ ____ _ ____
 72
65
 73
4
 40
2.54
 49
1.587
 74
0
 49
-0.318
 74
0
 49
0.318
 74
0
 49
-0.318
 74
0
  0
LTYPE
  5
32
330
2
100
AcDbSymbolTableRecord
100
AcDbLinetypeTableRecord
  2
DASHED
 70
0
  3
Dashed __ __ __ __ __ __ __ __ __ __ __ __ __ _
 72
65
 73
2
 40
1.524
 49
1.27
 74
0
 49
-0.254
 74
0
  0
LTYPE
  5
33
330
2
100
AcDbSymbolTableRecord
100
AcDbLinetypeTableRecord
  2
DASHEDX2
 70
0
  3
Dashed (2x) ____  ____  ____  ____  ____  ____
 72
65
 73
2
 40
3.048
 49
2.54
 74
0
 49
-0.508
 74
0
  0
LTYPE
  5
34
330
2
100
AcDbSymbolTableRecord
100
AcDbLinetypeTableRecord
  2
DASHED2
 70
0
  3
Dashed (.5x) _ _ _ _ _ _ _ _ _ _ _ _ _ _
 72
65
 73
2
 40
0.762
 49
0.635
 74
0
 49
-0.127
 74
0
  0
LTYPE
  5
35
330
2
100
AcDbSymbolTableRecord
100
AcDbLinetypeTableRecord
  2
PHANTOM
 70
0
  3
Phantom ______  __  __  ______  __  __  ______
 72
65
 73
6
 40
6.35
 49
3.175
 74
0
 49
-0.635
 74
0
 49
0.635
 74
0
 49
-0.635
 74
0
 49
0.635
 74
0
 49
-0.635
 74
0
  0
LTYPE
  5
36
330
2
100
AcDbSymbolTableRecord
100
AcDbLinetypeTableRecord
  2
PHANTOMX2
 70
0
  3
Phantom (2x)____________    ____    ____    ____________
 72
65
 73
6
 40
10.795
 49
6.35
 74
0
 49
-0.635
 74
0
 49
1.27
 74
0
 49
-0.635
 74
0
 49
1.27
 74
0
 49
-0.635
 74
0
  0
LTYPE
  5
37
330
2
100
AcDbSymbolTableRecord
100
AcDbLinetypeTableRecord
  2
PHANTOM2
 70
0
  3
Phantom (.5x) ___ _ _ ___ _ _ ___ _ _ ___ _ _ ___
 72
65
 73
6
 40
3.175
 49
1.587
 74
0
 49
-0.318
 74
0
 49
0.318
 74
0
 49
-0.318
 74
0
 49
0.318
 74
0
 49
-0.318
 74
0
  0
LTYPE
  5
38
330
2
100
AcDbSymbolTableRecord
100
AcDbLinetypeTableRecord
  2
DASHDOT
 70
0
  3
Dash dot __ . __ . __ . __ . __ . __ . __ . __
 72
65
 73
4
 40
3.556
 49
2.54
 74
0
 49
-0.508
 74
0
 49
0.0
 74
0
 49
-0.508
 74
0
  0
LTYPE
  5
39
330
2
100
AcDbSymbolTableRecord
100
AcDbLinetypeTableRecord
  2
DASHDOTX2
 70
0
  3
Dash dot (2x) ____  .  ____  .  ____  .  ____
 72
65
 73
4
 40
6.096
 49
5.08
 74
0
 49
-0.508
 74
0
 49
0.0
 74
0
 49
-0.508
 74
0
  0
LTYPE
  5
3A
330
2
100
AcDbSymbolTableRecord
100
AcDbLinetypeTableRecord
  2
DASHDOT2
 70
0
  3
Dash dot (.5x) _ . _ . _ . _ . _ . _ . _ . _
 72
65
 73
4
 40
1.778
 49
1.27
 74
0
 49
-0.254
 74
0
 49
0.0
 74
0
 49
-0.254
 74
0
  0
LTYPE
  5
3B
330
2
100
AcDbSymbolTableRecord
100
AcDbLinetypeTableRecord
  2
DOT
 70
0
  3
Dot .  .  .  .  .  .  .  .  .  .  .  .  .  .  .  .
 72
65
 73
2
 40
0.508
 49
0.0
 74
0
 49
-0.508
 74
0
  0
LTYPE
  5
3C
330
2
100
AcDbSymbolTableRecord
100
AcDbLinetypeTableRecord
  2
DOTX2
 70
0
  3
Dot (2x) .    .    .    .    .    .    .    . 
 72
65
 73
2
 40
1.016
 49
0.0
 74
0
 49
-1.016
 74
0
  0
LTYPE
  5
3D
330
2
100
AcDbSymbolTableRecord
100
AcDbLinetypeTableRecord
  2
DOT2
 70
0
  3
Dot (.5) . . . . . . . . . . . . . . . . . . . 
 72
65
 73
2
 40
0.254
 49
0.0
 74
0
 49
-0.254
 74
0
  0
LTYPE
  5
3E
330
2
100
AcDbSymbolTableRecord
100
AcDbLinetypeTableRecord
  2
DIVIDE
 70
0
  3
Divide __ . . __ . . __ . . __ . . __ . . __
 72
65
 73
6
 40
4.064
 49
2.54
 74
0
 49
-0.508
 74
0
 49
0.0
 74
0
 49
-0.508
 74
0
 49
0.0
 74
0
 49
-0.508
 74
0
  0
LTYPE
  5
3F
330
2
100
AcDbSymbolTableRecord
100
AcDbLinetypeTableRecord
  2
DIVIDEX2
 70
0
  3
Divide (2x) ____  . .  ____  . .  ____  . .  ____
 72
65
 73
6
 40
6.604
 49
5.08
 74
0
 49
-0.508
 74
0
 49
0.0
 74
0
 49
-0.508
 74
0
 49
0.0
 74
0
 49
-0.508
 74
0
  0
LTYPE
  5
40
330
2
100
AcDbSymbolTableRecord
100
AcDbLinetypeTableRecord
  2
DIVIDE2
 70
0
  3
Divide(.5x) _ . _ . _ . _ . _ . _ . _ . _
 72
65
 73
6
 40
2.032
 49
1.27
 74
0
 49
-0.254
 74
0
 49
0.0
 74
0
 49
-0.254
 74
0
 49
0.0
 74
0
 49
-0.254
 74
0
  0
ENDTAB
  0
TABLE
  2
LAYER
  5
1
330
0
100
AcDbSymbolTable
 70
28
  0
LAYER
  5
27
330
1
100
AcDbSymbolTableRecord
100
AcDbLayerTableRecord
  2
0
 70
0
 62
7
  6
Continuous
370
-3
390
13
347
21
  0
LAYER
  5
28
330
1
100
AcDbSymbolTableRecord
100
AcDbLayerTableRecord
  2
Defpoints
 70
0
 62
7
  6
Continuous
290
0
370
-3
390
13
347
21
  0
LAYER
  5
8A
330
1
100
AcDbSymbolTableRecord
100
AcDbLayerTableRecord
  2
PANEL
 70
0
 62
7
  6
Continuous
370
-3
390
13
347
21
  0
LAYER
  5
8B
330
1
100
AcDbSymbolTableRecord
100
AcDbLayerTableRecord
  2
TXT
 70
0
 62
7
  6
Continuous
370
-3
390
13
347
21
  0
LAYER
  5
8C
330
1
100
AcDbSymbolTableRecord
100
AcDbLayerTableRecord
  2
DIM
 70
0
 62
8
  6
Continuous
370
-3
390
13
347
21
  0
LAYER
  5
90
330
1
100
AcDbSymbolTableRecord
100
AcDbLayerTableRecord
  2
P1_T01_WHOLE
 70
0
 62
7
420
12171184
  6
Continuous
370
-3
390
13
347
21
  0
LAYER
  5
91
330
1
100
AcDbSymbolTableRecord
100
AcDbLayerTableRecord
  2
P1_T02_STD
 70
0
 62
7
420
5210037
  6
Continuous
370
-3
390
13
347
21
  0
LAYER
  5
156
330
1
100
AcDbSymbolTableRecord
100
AcDbLayerTableRecord
  2
P2_T01_WHOLE
 70
0
 62
7
420
12171184
  6
Continuous
370
-3
390
13
347
21
  0
LAYER
  5
157
330
1
100
AcDbSymbolTableRecord
100
AcDbLayerTableRecord
  2
P2_T02_STD
 70
0
 62
7
420
5210037
  6
Continuous
370
-3
390
13
347
21
  0
LAYER
  5
214
330
1
100
AcDbSymbolTableRecord
100
AcDbLayerTableRecord
  2
P3_T01_WHOLE
 70
0
 62
7
420
12171184
  6
Continuous
370
-3
390
13
347
21
  0
LAYER
  5
215
330
1
100
AcDbSymbolTableRecord
100
AcDbLayerTableRecord
  2
P3_T02_STD
 70
0
 62
7
420
5210037
  6
Continuous
370
-3
390
13
347
21
  0
LAYER
  5
216
330
1
100
AcDbSymbolTableRecord
100
AcDbLayerTableRecord
  2
P3_T03_CUT
 70
0
 62
7
420
14715452
  6
Continuous
370
-3
390
13
347
21
  0
LAYER
  5
217
330
1
100
AcDbSymbolTableRecord
100
AcDbLayerTableRecord
  2
P3_T04_CUT
 70
0
 62
7
420
6269028
  6
Continuous
370
-3
390
13
347
21
  0
LAYER
  5
218
330
1
100
AcDbSymbolTableRecord
100
AcDbLayerTableRecord
  2
P3_T05_CUT
 70
0
 62
7
420
12603469
  6
Continuous
370
-3
390
13
347
21
  0
LAYER
  5
2FB
330
1
100
AcDbSymbolTableRecord
100
AcDbLayerTableRecord
  2
P4_T01_WHOLE
 70
0
 62
7
420
12171184
  6
Continuous
370
-3
390
13
347
21
  0
LAYER
  5
2FC
330
1
100
AcDbSymbolTableRecord
100
AcDbLayerTableRecord
  2
P4_T02_STD
 70
0
 62
7
420
5210037
  6
Continuous
370
-3
390
13
347
21
  0
LAYER
  5
3E6
330
1
100
AcDbSymbolTableRecord
100
AcDbLayerTableRecord
  2
P5_T01_WHOLE
 70
0
 62
7
420
12171184
  6
Continuous
370
-3
390
13
347
21
  0
LAYER
  5
3E7
330
1
100
AcDbSymbolTableRecord
100
AcDbLayerTableRecord
  2
P5_T02_CUT
 70
0
 62
7
420
5210037
  6
Continuous
370
-3
390
13
347
21
  0
LAYER
  5
3E8
330
1
100
AcDbSymbolTableRecord
100
AcDbLayerTableRecord
  2
P5_T03_CUT
 70
0
 62
7
420
14715452
  6
Continuous
370
-3
390
13
347
21
  0
LAYER
  5
4AE
330
1
100
AcDbSymbolTableRecord
100
AcDbLayerTableRecord
  2
P6_T01_WHOLE
 70
0
 62
7
420
12171184
  6
Continuous
370
-3
390
13
347
21
  0
LAYER
  5
56E
330
1
100
AcDbSymbolTableRecord
100
AcDbLayerTableRecord
  2
P7_T01_WHOLE
 70
0
 62
7
420
12171184
  6
Continuous
370
-3
390
13
347
21
  0
LAYER
  5
56F
330
1
100
AcDbSymbolTableRecord
100
AcDbLayerTableRecord
  2
P7_T02_STD
 70
0
 62
7
420
5210037
  6
Continuous
370
-3
390
13
347
21
  0
LAYER
  5
63D
330
1
100
AcDbSymbolTableRecord
100
AcDbLayerTableRecord
  2
P8_T01_WHOLE
 70
0
 62
7
420
12171184
  6
Continuous
370
-3
390
13
347
21
  0
LAYER
  5
63E
330
1
100
AcDbSymbolTableRecord
100
AcDbLayerTableRecord
  2
P8_T02_CUT
 70
0
 62
7
420
5210037
  6
Continuous
370
-3
390
13
347
21
  0
LAYER
  5
63F
330
1
100
AcDbSymbolTableRecord
100
AcDbLayerTableRecord
  2
P8_T03_CUT
 70
0
 62
7
420
14715452
  6
Continuous
370
-3
390
13
347
21
  0
LAYER
  5
640
330
1
100
AcDbSymbolTableRecord
100
AcDbLayerTableRecord
  2
P8_T04_CUT
 70
0
 62
7
420
6269028
  6
Continuous
370
-3
390
13
347
21
  0
LAYER
  5
641
330
1
100
AcDbSymbolTableRecord
100
AcDbLayerTableRecord
  2
P8_T05_CUT
 70
0
 62
7
420
12603469
  6
Continuous
370
-3
390
13
347
21
  0
LAYER
  5
72A
330
1
100
AcDbSymbolTableRecord
100
AcDbLayerTableRecord
  2
P9_T01_WHOLE
 70
0
 62
7
420
12171184
  6
Continuous
370
-3
390
13
347
21
  0
ENDTAB
  0
TABLE
  2
STYLE
  5
5
330
0
100
AcDbSymbolTable
 70
27
  0
STYLE
  5
29
330
5
100
AcDbSymbolTableRecord
100
AcDbTextStyleTableRecord
  2
Standard
 70
0
 40
0.0
 41
1.0
 50
0.0
 71
0
 42
2.5
  3
txt
  4

  0
STYLE
  5
41
330
5
100
AcDbSymbolTableRecord
100
AcDbTextStyleTableRecord
  2
OpenSans-Light
 70
0
 40
0.0
 41
1.0
 50
0.0
 71
0
 42
2.5
  3
OpenSans-Light.ttf
  4

  0
STYLE
  5
42
330
5
100
AcDbSymbolTableRecord
100
AcDbTextStyleTableRecord
  2
OpenSans-Light-Italic
 70
0
 40
0.0
 41
1.0
 50
0.0
 71
0
 42
2.5
  3
OpenSans-LightItalic.ttf
  4

  0
STYLE
  5
43
330
5
100
AcDbSymbolTableRecord
100
AcDbTextStyleTableRecord
  2
OpenSans
 70
0
 40
0.0
 41
1.0
 50
0.0
 71
0
 42
2.5
  3
OpenSans-Regular.ttf
  4

  0
STYLE
  5
44
330
5
100
AcDbSymbolTableRecord
100
AcDbTextStyleTableRecord
  2
OpenSans-Italic
 70
0
 40
0.0
 41
1.0
 50
0.0
 71
0
 42
2.5
  3
OpenSans-Italic.ttf
  4

  0
STYLE
  5
45
330
5
100
AcDbSymbolTableRecord
100
AcDbTextStyleTableRecord
  2
OpenSans-SemiBold
 70
0
 40
0.0
 41
1.0
 50
0.0
 71
0
 42
2.5
  3
OpenSans-SemiBold.ttf
  4

  0
STYLE
  5
46
330
5
100
AcDbSymbolTableRecord
100
AcDbTextStyleTableRecord
  2
OpenSans-SemiBoldItalic
 70
0
 40
0.0
 41
1.0
 50
0.0
 71
0
 42
2.5
  3
OpenSans-SemiBoldItalic.ttf
  4

  0
STYLE
  5
47
330
5
100
AcDbSymbolTableRecord
100
AcDbTextStyleTableRecord
  2
OpenSans-Bold
 70
0
 40
0.0
 41
1.0
 50
0.0
 71
0
 42
2.5
  3
OpenSans-Bold.ttf
  4

  0
STYLE
  5
48
330
5
100
AcDbSymbolTableRecord
100
AcDbTextStyleTableRecord
  2
OpenSans-BoldItalic
 70
0
 40
0.0
 41
1.0
 50
0.0
 71
0
 42
2.5
  3
OpenSans-BoldItalic.ttf
  4

  0
STYLE
  5
49
330
5
100
AcDbSymbolTableRecord
100
AcDbTextStyleTableRecord
  2
OpenSans-ExtraBold
 70
0
 40
0.0
 41
1.0
 50
0.0
 71
0
 42
2.5
  3
OpenSans-ExtraBold.ttf
  4

  0
STYLE
  5
4A
330
5
100
AcDbSymbolTableRecord
100
AcDbTextStyleTableRecord
  2
OpenSans-ExtraBoldItalic
 70
0
 40
0.0
 41
1.0
 50
0.0
 71
0
 42
2.5
  3
OpenSans-ExtraBoldItalic.ttf
  4

  0
STYLE
  5
4B
330
5
100
AcDbSymbolTableRecord
100
AcDbTextStyleTableRecord
  2
OpenSansCondensed-Bold
 70
0
 40
0.0
 41
1.0
 50
0.0
 71
0
 42
2.5
  3
OpenSansCondensed-Bold.ttf
  4

  0
STYLE
  5
4C
330
5
100
AcDbSymbolTableRecord
100
AcDbTextStyleTableRecord
  2
OpenSansCondensed-Light
 70
0
 40
0.0
 41
1.0
 50
0.0
 71
0
 42
2.5
  3
OpenSansCondensed-Light.ttf
  4

  0
STYLE
  5
4D
330
5
100
AcDbSymbolTableRecord
100
AcDbTextStyleTableRecord
  2
OpenSansCondensed-Italic
 70
0
 40
0.0
 41
1.0
 50
0.0
 71
0
 42
2.5
  3
OpenSansCondensed-LightItalic.ttf
  4

  0
STYLE
  5
4E
330
5
100
AcDbSymbolTableRecord
100
AcDbTextStyleTableRecord
  2
LiberationSans
 70
0
 40
0.0
 41
1.0
 50
0.0
 71
0
 42
2.5
  3
LiberationSans-Regular.ttf
  4

  0
STYLE
  5
4F
330
5
100
AcDbSymbolTableRecord
100
AcDbTextStyleTableRecord
  2
LiberationSans-Bold
 70
0
 40
0.0
 41
1.0
 50
0.0
 71
0
 42
2.5
  3
LiberationSans-Bold.ttf
  4

  0
STYLE
  5
50
330
5
100
AcDbSymbolTableRecord
100
AcDbTextStyleTableRecord
  2
LiberationSans-BoldItalic
 70
0
 40
0.0
 41
1.0
 50
0.0
 71
0
 42
2.5
  3
LiberationSans-BoldItalic.ttf
  4

  0
STYLE
  5
51
330
5
100
AcDbSymbolTableRecord
100
AcDbTextStyleTableRecord
  2
LiberationSans-Italic
 70
0
 40
0.0
 41
1.0
 50
0.0
 71
0
 42
2.5
  3
LiberationSans-Italic.ttf
  4

  0
STYLE
  5
52
330
5
100
AcDbSymbolTableRecord
100
AcDbTextStyleTableRecord
  2
LiberationSerif
 70
0
 40
0.0
 41
1.0
 50
0.0
 71
0
 42
2.5
  3
LiberationSerif-Regular.ttf
  4

  0
STYLE
  5
53
330
5
100
AcDbSymbolTableRecord
100
AcDbTextStyleTableRecord
  2
LiberationSerif-Bold
 70
0
 40
0.0
 41
1.0
 50
0.0
 71
0
 42
2.5
  3
LiberationSerif-Bold.ttf
  4

  0
STYLE
  5
54
330
5
100
AcDbSymbolTableRecord
100
AcDbTextStyleTableRecord
  2
LiberationSerif-BoldItalic
 70
0
 40
0.0
 41
1.0
 50
0.0
 71
0
 42
2.5
  3
LiberationSerif-BoldItalic.ttf
  4

  0
STYLE
  5
55
330
5
100
AcDbSymbolTableRecord
100
AcDbTextStyleTableRecord
  2
LiberationSerif-Italic
 70
0
 40
0.0
 41
1.0
 50
0.0
 71
0
 42
2.5
  3
LiberationSerif-Italic.ttf
  4

  0
STYLE
  5
56
330
5
100
AcDbSymbolTableRecord
100
AcDbTextStyleTableRecord
  2
LiberationMono
 70
0
 40
0.0
 41
1.0
 50
0.0
 71
0
 42
2.5
  3
LiberationMono-Regular.ttf
  4

  0
STYLE
  5
57
330
5
100
AcDbSymbolTableRecord
100
AcDbTextStyleTableRecord
  2
LiberationMono-Bold
 70
0
 40
0.0
 41
1.0
 50
0.0
 71
0
 42
2.5
  3
LiberationMono-Bold.ttf
  4

  0
STYLE
  5
58
330
5
100
AcDbSymbolTableRecord
100
AcDbTextStyleTableRecord
  2
LiberationMono-BoldItalic
 70
0
 40
0.0
 41
1.0
 50
0.0
 71
0
 42
2.5
  3
LiberationMono-BoldItalic.ttf
  4

  0
STYLE
  5
59
330
5
100
AcDbSymbolTableRecord
100
AcDbTextStyleTableRecord
  2
LiberationMono-Italic
 70
0
 40
0.0
 41
1.0
 50
0.0
 71
0
 42
2.5
  3
LiberationMono-Italic.ttf
  4

  0
STYLE
  5
8D
330
5
100
AcDbSymbolTableRecord
100
AcDbTextStyleTableRecord
  2
CN
 70
0
 40
0.0
 41
1.0
 50
0.0
 71
0
 42
2.5
  3
msyh.ttc
  4

  0
ENDTAB
  0
TABLE
  2
VIEW
  5
7
330
0
100
AcDbSymbolTable
 70
0
  0
ENDTAB
  0
TABLE
  2
UCS
  5
6
330
0
100
AcDbSymbolTable
 70
0
  0
ENDTAB
  0
TABLE
  2
APPID
  5
3
330
0
100
AcDbSymbolTable
 70
3
  0
APPID
  5
2A
330
3
100
AcDbSymbolTableRecord
100
AcDbRegAppTableRecord
  2
ACAD
 70
0
  0
APPID
  5
7F0
330
3
100
AcDbSymbolTableRecord
100
AcDbRegAppTableRecord
  2
HATCHBACKGROUNDCOLOR
 70
0
  0
APPID
  5
7F1
330
3
100
AcDbSymbolTableRecord
100
AcDbRegAppTableRecord
  2
EZDXF
 70
0
  0
ENDTAB
  0
TABLE
  2
DIMSTYLE
  5
4
330
0
100
AcDbSymbolTable
 70
13
100
AcDbDimStyleTable
  0
DIMSTYLE
105
2B
330
4
100
AcDbSymbolTableRecord
100
AcDbDimStyleTableRecord
  2
Standard
 70
0
 40
1.0
 41
2.5
 42
0.625
 43
3.75
 44
1.25
 45
0.0
 46
0.0
 47
0.0
 48
0.0
 49
2.5
140
2.5
141
2.5
142
0.0
143
0.03937007874
144
1.0
145
0.0
146
1.0
147
0.625
148
0.0
 69
0
 70
0
 71
0
 72
0
 73
0
 74
0
 75
0
 76
0
 77
1
 78
8
 79
3
170
0
171
3
172
1
173
0
174
0
175
0
176
0
177
0
178
0
179
2
271
2
272
2
273
2
274
3
275
0
276
0
277
2
278
44
279
0
280
0
281
0
282
0
283
0
284
8
285
0
286
0
288
0
289
3
290
0
371
-2
372
-2
  0
DIMSTYLE
105
73
330
4
100
AcDbSymbolTableRecord
100
AcDbDimStyleTableRecord
  2
EZDXF
 70
0
 40
1.0
 41
0.175
 42
0.125
 43
3.75
 44
0.375
 45
0.0
 46
0.0
 47
0.0
 48
0.0
 49
2.5
140
0.25
141
2.5
142
0.0
143
0.03937007874
144
100.0
145
0.0
146
0.5
147
0.1
148
0.0
 69
0
 70
0
 71
0
 72
0
 73
0
 74
0
 75
0
 76
0
 77
1
 78
12
 79
3
170
0
171
3
172
1
173
0
174
0
175
0
176
0
177
0
178
0
179
2
271
2
272
2
273
2
274
3
275
0
276
0
277
2
278
46
279
2
280
0
281
0
282
0
283
0
284
8
285
0
286
0
288
1
289
3
290
0
340
4C
342
74
371
-2
372
-2
  0
DIMSTYLE
105
7C
330
4
100
AcDbSymbolTableRecord
100
AcDbDimStyleTableRecord
  2
EZ_M_100_H25_CM
 70
0
 40
1.0
 41
0.25
 42
0.125
 43
3.75
 44
0.375
 45
0.0
 46
0.0
 47
0.0
 48
0.0
 49
2.5
140
0.25
141
2.5
142
0.125
143
0.03937007874
144
100.0
145
0.0
146
0.5
147
0.1
148
0.0
 69
0
 70
0
 71
0
 72
0
 73
0
 74
0
 75
0
 76
0
 77
1
 78
12
 79
3
170
0
171
3
172
1
173
0
174
0
175
0
176
0
177
0
178
0
179
2
271
2
272
2
273
2
274
3
275
0
276
0
277
2
278
46
279
2
280
0
281
0
282
0
283
0
284
8
285
0
286
0
288
1
289
3
290
0
340
4C
371
-2
372
-2
  0
DIMSTYLE
105
7D
330
4
100
AcDbSymbolTableRecord
100
AcDbDimStyleTableRecord
  2
EZ_M_50_H25_CM
 70
0
 40
1.0
 41
0.125
 42
0.0625
 43
3.75
 44
0.1875
 45
0.0
 46
0.0
 47
0.0
 48
0.0
 49
2.5
140
0.125
141
2.5
142
0.0625
143
0.03937007874
144
100.0
145
0.0
146
0.5
147
0.05
148
0.0
 69
0
 70
0
 71
0
 72
0
 73
0
 74
0
 75
0
 76
0
 77
1
 78
12
 79
3
170
0
171
3
172
1
173
0
174
0
175
0
176
0
177
0
178
0
179
2
271
2
272
2
273
2
274
3
275
0
276
0
277
2
278
46
279
2
280
0
281
0
282
0
283
0
284
8
285
0
286
0
288
1
289
3
290
0
340
4C
371
-2
372
-2
  0
DIMSTYLE
105
7E
330
4
100
AcDbSymbolTableRecord
100
AcDbDimStyleTableRecord
  2
EZ_M_25_H25_CM
 70
0
 40
1.0
 41
0.0625
 42
0.03125
 43
3.75
 44
0.09375
 45
0.0
 46
0.0
 47
0.0
 48
0.0
 49
2.5
140
0.0625
141
2.5
142
0.03125
143
0.03937007874
144
100.0
145
0.0
146
0.5
147
0.025
148
0.0
 69
0
 70
0
 71
0
 72
0
 73
0
 74
0
 75
0
 76
0
 77
1
 78
12
 79
3
170
0
171
3
172
1
173
0
174
0
175
0
176
0
177
0
178
0
179
2
271
2
272
2
273
2
274
3
275
0
276
0
277
2
278
46
279
2
280
0
281
0
282
0
283
0
284
8
285
0
286
0
288
1
289
3
290
0
340
4C
371
-2
372
-2
  0
DIMSTYLE
105
7F
330
4
100
AcDbSymbolTableRecord
100
AcDbDimStyleTableRecord
  2
EZ_M_20_H25_CM
 70
0
 40
1.0
 41
0.05
 42
0.025
 43
3.75
 44
0.07500000000000001
 45
0.0
 46
0.0
 47
0.0
 48
0.0
 49
2.5
140
0.05
141
2.5
142
0.025
143
0.03937007874
144
100.0
145
0.0
146
0.5
147
0.020000000000000004
148
0.0
 69
0
 70
0
 71
0
 72
0
 73
0
 74
0
 75
0
 76
0
 77
1
 78
12
 79
3
170
0
171
3
172
1
173
0
174
0
175
0
176
0
177
0
178
0
179
2
271
2
272
2
273
2
274
3
275
0
276
0
277
2
278
46
279
2
280
0
281
0
282
0
283
0
284
8
285
0
286
0
288
1
289
3
290
0
340
4C
371
-2
372
-2
  0
DIMSTYLE
105
80
330
4
100
AcDbSymbolTableRecord
100
AcDbDimStyleTableRecord
  2
EZ_M_10_H25_CM
 70
0
 40
1.0
 41
0.025
 42
0.0125
 43
3.75
 44
0.037500000000000006
 45
0.0
 46
0.0
 47
0.0
 48
0.0
 49
2.5
140
0.025
141
2.5
142
0.0125
143
0.03937007874
144
100.0
145
0.0
146
0.5
147
0.010000000000000002
148
0.0
 69
0
 70
0
 71
0
 72
0
 73
0
 74
0
 75
0
 76
0
 77
1
 78
12
 79
3
170
0
171
3
172
1
173
0
174
0
175
0
176
0
177
0
178
0
179
2
271
2
272
2
273
2
274
3
275
0
276
0
277
2
278
46
279
2
280
0
281
0
282
0
283
0
284
8
285
0
286
0
288
1
289
3
290
0
340
4C
371
-2
372
-2
  0
DIMSTYLE
105
81
330
4
100
AcDbSymbolTableRecord
100
AcDbDimStyleTableRecord
  2
EZ_M_5_H25_CM
 70
0
 40
1.0
 41
0.0125
 42
0.00625
 43
3.75
 44
0.018750000000000003
 45
0.0
 46
0.0
 47
0.0
 48
0.0
 49
2.5
140
0.0125
141
2.5
142
0.00625
143
0.03937007874
144
100.0
145
0.0
146
0.5
147
0.005000000000000001
148
0.0
 69
0
 70
0
 71
0
 72
0
 73
0
 74
0
 75
0
 76
0
 77
1
 78
12
 79
3
170
0
171
3
172
1
173
0
174
0
175
0
176
0
177
0
178
0
179
2
271
2
272
2
273
2
274
3
275
0
276
0
277
2
278
46
279
2
280
0
281
0
282
0
283
0
284
8
285
0
286
0
288
1
289
3
290
0
340
4C
371
-2
372
-2
  0
DIMSTYLE
105
82
330
4
100
AcDbSymbolTableRecord
100
AcDbDimStyleTableRecord
  2
EZ_M_1_H25_CM
 70
0
 40
1.0
 41
0.0025
 42
0.00125
 43
3.75
 44
0.00375
 45
0.0
 46
0.0
 47
0.0
 48
0.0
 49
2.5
140
0.0025
141
2.5
142
0.00125
143
0.03937007874
144
100.0
145
0.0
146
0.5
147
0.001
148
0.0
 69
0
 70
0
 71
0
 72
0
 73
0
 74
0
 75
0
 76
0
 77
1
 78
12
 79
3
170
0
171
3
172
1
173
0
174
0
175
0
176
0
177
0
178
0
179
2
271
2
272
2
273
2
274
3
275
0
276
0
277
2
278
46
279
2
280
0
281
0
282
0
283
0
284
8
285
0
286
0
288
1
289
3
290
0
340
4C
371
-2
372
-2
  0
DIMSTYLE
105
83
330
4
100
AcDbSymbolTableRecord
100
AcDbDimStyleTableRecord
  2
EZ_RADIUS
 70
0
 40
1.0
 41
0.25
 42
0.125
 43
3.75
 44
0.375
 45
0.0
 46
0.0
 47
0.0
 48
0.0
 49
2.5
140
0.25
141
0.0
142
0.0
143
0.03937007874
144
100.0
145
0.0
146
0.5
147
0.1
148
0.0
 69
0
 70
0
 71
0
 72
0
 73
0
 74
0
 75
0
 76
0
 77
1
 78
12
 79
3
170
0
171
3
172
0
173
0
174
0
175
0
176
0
177
0
178
0
179
2
271
2
272
2
273
2
274
3
275
0
276
0
277
2
278
46
279
1
280
0
281
0
282
0
283
0
284
8
285
0
286
0
288
1
289
3
290
0
340
4C
342
84
371
-2
372
-2
  0
DIMSTYLE
105
88
330
4
100
AcDbSymbolTableRecord
100
AcDbDimStyleTableRecord
  2
EZ_RADIUS_INSIDE
 70
0
 40
1.0
 41
0.25
 42
0.125
 43
3.75
 44
0.375
 45
0.0
 46
0.0
 47
0.0
 48
0.0
 49
2.5
140
0.25
141
0.0
142
0.0
143
0.03937007874
144
100.0
145
0.0
146
0.5
147
0.1
148
0.0
 69
0
 70
0
 71
0
 72
0
 73
0
 74
0
 75
0
 76
0
 77
0
 78
12
 79
3
170
0
171
3
172
0
173
0
174
1
175
0
176
0
177
0
178
0
179
2
271
2
272
2
273
2
274
3
275
0
276
0
277
2
278
46
279
0
280
0
281
0
282
0
283
0
284
8
285
0
286
0
288
1
289
0
290
0
340
4C
342
84
371
-2
372
-2
  0
DIMSTYLE
105
89
330
4
100
AcDbSymbolTableRecord
100
AcDbDimStyleTableRecord
  2
EZ_CURVED
 70
0
 40
1.0
 41
0.25
 42
0.125
 43
3.75
 44
0.375
 45
0.0
 46
0.0
 47
0.0
 48
0.0
 49
2.5
140
0.25
141
2.5
142
0.0
143
0.03937007874
144
100.0
145
0.0
146
0.5
147
0.1
148
0.0
 69
0
 70
0
 71
0
 72
0
 73
0
 74
0
 75
0
 76
0
 77
1
 78
12
 79
2
 90
2
170
0
171
3
172
1
173
0
174
0
175
0
176
0
177
0
178
0
179
2
271
2
272
2
273
2
274
3
275
0
276
0
277
2
278
46
279
2
280
0
281
0
282
0
283
0
284
8
285
0
286
0
288
1
289
3
290
0
340
4C
371
-2
372
-2
  0
DIMSTYLE
105
8E
330
4
100
AcDbSymbolTableRecord
100
AcDbDimStyleTableRecord
  2
MM
 70
0
 40
1.0
 41
25.0
 42
12.0
 43
3.75
 44
14.0
 45
0.0
 46
0.0
 47
0.0
 48
0.0
 49
2.5
140
40.0
141
2.5
142
0.0
143
0.03937007874
144
1.0
145
0.0
146
1.0
147
10.0
148
0.0
 69
0
 70
0
 71
0
 72
0
 73
0
 74
0
 75
0
 76
0
 77
1
 78
8
 79
3
170
0
171
3
172
1
173
0
174
0
175
0
176
0
177
0
178
0
179
2
271
1
272
2
273
2
274
3
275
0
276
0
277
2
278
46
279
0
280
0
281
0
282
0
283
0
284
8
285
0
286
0
288
0
289
3
290
0
340
8D
371
-2
372
-2
  0
ENDTAB
  0
TABLE
  2
BLOCK_RECORD
  5
9
330
0
100
AcDbSymbolTable
 70
23
  0
BLOCK_RECORD
  5
17
330
9
100
AcDbSymbolTableRecord
100
AcDbBlockTableRecord
  2
*Model_Space
340
1A
 70
0
280
1
281
0
  0
BLOCK_RECORD
  5
1B
330
9
100
AcDbSymbolTableRecord
100
AcDbBlockTableRecord
  2
*Paper_Space
340
1E
 70
0
280
1
281
0
  0
BLOCK_RECORD
  5
74
330
9
100
AcDbSymbolTableRecord
100
AcDbBlockTableRecord
  2
_ARCHTICK
340
0
 70
0
280
1
281
0
  0
BLOCK_RECORD
  5
78
330
9
100
AcDbSymbolTableRecord
100
AcDbBlockTableRecord
  2
_CLOSEDFILLED
340
0
 70
0
280
1
281
0
  0
BLOCK_RECORD
  5
84
330
9
100
AcDbSymbolTableRecord
100
AcDbBlockTableRecord
  2
_CLOSEDBLANK
340
0
 70
0
280
1
281
0
  0
BLOCK_RECORD
  5
127
330
9
100
AcDbSymbolTableRecord
100
AcDbBlockTableRecord
  2
*D1
340
0
 70
0
280
1
281
0
  0
BLOCK_RECORD
  5
136
330
9
100
AcDbSymbolTableRecord
100
AcDbBlockTableRecord
  2
*D2
340
0
 70
0
280
1
281
0
  0
BLOCK_RECORD
  5
1E5
330
9
100
AcDbSymbolTableRecord
100
AcDbBlockTableRecord
  2
*D3
340
0
 70
0
280
1
281
0
  0
BLOCK_RECORD
  5
1F4
330
9
100
AcDbSymbolTableRecord
100
AcDbBlockTableRecord
  2
*D4
340
0
 70
0
280
1
281
0
  0
BLOCK_RECORD
  5
2C0
330
9
100
AcDbSymbolTableRecord
100
AcDbBlockTableRecord
  2
*D5
340
0
 70
0
280
1
281
0
  0
BLOCK_RECORD
  5
2CF
330
9
100
AcDbSymbolTableRecord
100
AcDbBlockTableRecord
  2
*D6
340
0
 70
0
280
1
281
0
  0
BLOCK_RECORD
  5
3B7
330
9
100
AcDbSymbolTableRecord
100
AcDbBlockTableRecord
  2
*D7
340
0
 70
0
280
1
281
0
  0
BLOCK_RECORD
  5
3C6
330
9
100
AcDbSymbolTableRecord
100
AcDbBlockTableRecord
  2
*D8
340
0
 70
0
280
1
281
0
  0
BLOCK_RECORD
  5
47B
330
9
100
AcDbSymbolTableRecord
100
AcDbBlockTableRecord
  2
*D9
340
0
 70
0
280
1
281
0
  0
BLOCK_RECORD
  5
48A
330
9
100
AcDbSymbolTableRecord
100
AcDbBlockTableRecord
  2
*D10
340
0
 70
0
280
1
281
0
  0
BLOCK_RECORD
  5
543
330
9
100
AcDbSymbolTableRecord
100
AcDbBlockTableRecord
  2
*D11
340
0
 70
0
280
1
281
0
  0
BLOCK_RECORD
  5
552
330
9
100
AcDbSymbolTableRecord
100
AcDbBlockTableRecord
  2
*D12
340
0
 70
0
280
1
281
0
  0
BLOCK_RECORD
  5
60E
330
9
100
AcDbSymbolTableRecord
100
AcDbBlockTableRecord
  2
*D13
340
0
 70
0
280
1
281
0
  0
BLOCK_RECORD
  5
61D
330
9
100
AcDbSymbolTableRecord
100
AcDbBlockTableRecord
  2
*D14
340
0
 70
0
280
1
281
0
  0
BLOCK_RECORD
  5
6EF
330
9
100
AcDbSymbolTableRecord
100
AcDbBlockTableRecord
  2
*D15
340
0
 70
0
280
1
281
0
  0
BLOCK_RECORD
  5
6FE
330
9
100
AcDbSymbolTableRecord
100
AcDbBlockTableRecord
  2
*D16
340
0
 70
0
280
1
281
0
  0
BLOCK_RECORD
  5
7C6
330
9
100
AcDbSymbolTableRecord
100
AcDbBlockTableRecord
  2
*D17
340
0
 70
0
280
1
281
0
  0
BLOCK_RECORD
  5
7D5
330
9
100
AcDbSymbolTableRecord
100
AcDbBlockTableRecord
  2
*D18
340
0
 70
0
280
1
281
0
  0
ENDTAB
  0
ENDSEC
  0
SECTION
  2
BLOCKS
  0
BLOCK
  5
18
330
17
100
AcDbEntity
  8
0
100
AcDbBlockBegin
  2
*Model_Space
 70
0
 10
0.0
 20
0.0
 30
0.0
  3
*Model_Space
  1

  0
ENDBLK
  5
19
330
17
100
AcDbEntity
  8
0
100
AcDbBlockEnd
  0
BLOCK
  5
1C
330
1B
100
AcDbEntity
  8
0
100
AcDbBlockBegin
  2
*Paper_Space
 70
0
 10
0.0
 20
0.0
 30
0.0
  3
*Paper_Space
  1

  0
ENDBLK
  5
1D
330
1B
100
AcDbEntity
  8
0
100
AcDbBlockEnd
  0
BLOCK
  5
75
330
74
100
AcDbEntity
  8
0
100
AcDbBlockBegin
  2
_ARCHTICK
 70
0
 10
0.0
 20
0.0
 30
0.0
  3
_ARCHTICK
  1

  0
LWPOLYLINE
  5
77
330
74
100
AcDbEntity
  8
0
  6
BYBLOCK
 62
0
100
AcDbPolyline
 90
2
 70
0
 43
0.15
 10
-0.5
 20
-0.5
 10
0.5
 20
0.5
  0
ENDBLK
  5
76
330
74
100
AcDbEntity
  8
0
100
AcDbBlockEnd
  0
BLOCK
  5
79
330
78
100
AcDbEntity
  8
0
100
AcDbBlockBegin
  2
_CLOSEDFILLED
 70
0
 10
0.0
 20
0.0
 30
0.0
  3
_CLOSEDFILLED
  1

  0
SOLID
  5
7B
330
78
100
AcDbEntity
  8
0
  6
BYBLOCK
 62
0
100
AcDbTrace
 10
-1.0
 20
0.16439898372402537
 30
0.0
 11
0.0
 21
0.0
 31
0.0
 12
-1.0
 22
-0.16439898372402537
 32
0.0
 13
-1.0
 23
-0.16439898372402537
 33
0.0
  0
ENDBLK
  5
7A
330
78
100
AcDbEntity
  8
0
100
AcDbBlockEnd
  0
BLOCK
  5
85
330
84
100
AcDbEntity
  8
0
100
AcDbBlockBegin
  2
_CLOSEDBLANK
 70
0
 10
0.0
 20
0.0
 30
0.0
  3
_CLOSEDBLANK
  1

  0
LWPOLYLINE
  5
87
330
84
100
AcDbEntity
  8
0
  6
BYBLOCK
 62
0
100
AcDbPolyline
 90
3
 70
1
 10
-1.0
 20
0.16439898372402537
 10
0.0
 20
0.0
 10
-1.0
 20
-0.16439898372402537
  0
ENDBLK
  5
86
330
84
100
AcDbEntity
  8
0
100
AcDbBlockEnd
  0
BLOCK
  5
128
330
127
100
AcDbEntity
  8
0
100
AcDbBlockBegin
  2
*D1
 70
1
 10
0.0
 20
0.0
 30
0.0
  3
*D1
  1

  0
LINE
  5
12A
330
127
100
AcDbEntity
  8
0
100
AcDbLine
 10
0.0
 20
1502.0
 30
0.0
 11
0.0
 21
1744.0
 31
0.0
  0
LINE
  5
12B
330
127
100
AcDbEntity
  8
0
100
AcDbLine
 10
1565.0
 20
1502.0
 30
0.0
 11
1565.0
 21
1744.0
 31
0.0
  0
INSERT
  5
12C
330
127
100
AcDbEntity
  8
DIM
100
AcDbBlockReference
  2
_CLOSEDFILLED
 10
0.0
 20
1730.0
 30
0.0
 41
25.0
 42
25.0
 50
180.0
  0
INSERT
  5
12E
330
127
100
AcDbEntity
  8
DIM
100
AcDbBlockReference
  2
_CLOSEDFILLED
 10
1565.0
 20
1730.0
 30
0.0
 41
25.0
 42
25.0
  0
LINE
  5
130
330
127
100
AcDbEntity
  8
0
100
AcDbLine
 10
25.0
 20
1730.0
 30
0.0
 11
1540.0
 21
1730.0
 31
0.0
  0
MTEXT
  5
131
330
127
100
AcDbEntity
  8
DIM
100
AcDbMText
 10
782.5
 20
1760.0
 30
0.0
 40
40.0
 71
5
  1
1565
  7
CN
  0
POINT
  5
132
330
127
100
AcDbEntity
  8
Defpoints
100
AcDbPoint
 10
0.0
 20
1730.0
 30
0.0
  0
POINT
  5
133
330
127
100
AcDbEntity
  8
Defpoints
100
AcDbPoint
 10
0.0
 20
1490.0
 30
0.0
  0
POINT
  5
134
330
127
100
AcDbEntity
  8
Defpoints
100
AcDbPoint
 10
1565.0
 20
1490.0
 30
0.0
  0
ENDBLK
  5
129
330
127
100
AcDbEntity
  8
0
100
AcDbBlockEnd
  0
BLOCK
  5
137
330
136
100
AcDbEntity
  8
0
100
AcDbBlockBegin
  2
*D2
 70
1
 10
0.0
 20
0.0
 30
0.0
  3
*D2
  1

  0
LINE
  5
139
330
136
100
AcDbEntity
  8
0
100
AcDbLine
 10
1577.0
 20
0.0
 30
0.0
 11
1819.0
 21
0.0
 31
0.0
  0
LINE
  5
13A
330
136
100
AcDbEntity
  8
0
100
AcDbLine
 10
1577.0
 20
1490.0
 30
0.0
 11
1819.0
 21
1490.0
 31
0.0
  0
INSERT
  5
13B
330
136
100
AcDbEntity
  8
DIM
100
AcDbBlockReference
  2
_CLOSEDFILLED
 10
1805.0
 20
0.0
 30
0.0
 41
25.0
 42
25.0
 50
270.0
  0
INSERT
  5
13D
330
136
100
AcDbEntity
  8
DIM
100
AcDbBlockReference
  2
_CLOSEDFILLED
 10
1805.0
 20
1490.0
 30
0.0
 41
25.0
 42
25.0
 50
90.0
  0
LINE
  5
13F
330
136
100
AcDbEntity
  8
0
100
AcDbLine
 10
1805.0
 20
25.0
 30
0.0
 11
1805.0
 21
1465.0
 31
0.0
  0
MTEXT
  5
140
330
136
100
AcDbEntity
  8
DIM
100
AcDbMText
 10
1775.0
 20
745.0
 30
0.0
 40
40.0
 71
5
  1
1490
  7
CN
 50
90.0
  0
POINT
  5
141
330
136
100
AcDbEntity
  8
Defpoints
100
AcDbPoint
 10
1805.0
 20
0.0
 30
0.0
  0
POINT
  5
142
330
136
100
AcDbEntity
  8
Defpoints
100
AcDbPoint
 10
1565.0
 20
0.0
 30
0.0
  0
POINT
  5
143
330
136
100
AcDbEntity
  8
Defpoints
100
AcDbPoint
 10
1565.0
 20
1490.0
 30
0.0
  0
ENDBLK
  5
138
330
136
100
AcDbEntity
  8
0
100
AcDbBlockEnd
  0
BLOCK
  5
1E6
330
1E5
100
AcDbEntity
  8
0
100
AcDbBlockBegin
  2
*D3
 70
1
 10
0.0
 20
0.0
 30
0.0
  3
*D3
  1

  0
LINE
  5
1E8
330
1E5
100
AcDbEntity
  8
0
100
AcDbLine
 10
5333.2
 20
1502.0
 30
0.0
 11
5333.2
 21
1744.0
 31
0.0
  0
LINE
  5
1E9
330
1E5
100
AcDbEntity
  8
0
100
AcDbLine
 10
6785.7
 20
1502.0
 30
0.0
 11
6785.7
 21
1744.0
 31
0.0
  0
INSERT
  5
1EA
330
1E5
100
AcDbEntity
  8
DIM
100
AcDbBlockReference
  2
_CLOSEDFILLED
 10
5333.2
 20
1730.0
 30
0.0
 41
25.0
 42
25.0
 50
180.0
  0
INSERT
  5
1EC
330
1E5
100
AcDbEntity
  8
DIM
100
AcDbBlockReference
  2
_CLOSEDFILLED
 10
6785.7
 20
1730.0
 30
0.0
 41
25.0
 42
25.0
  0
LINE
  5
1EE
330
1E5
100
AcDbEntity
  8
0
100
AcDbLine
 10
5358.2
 20
1730.0
 30
0.0
 11
6760.7
 21
1730.0
 31
0.0
  0
MTEXT
  5
1EF
330
1E5
100
AcDbEntity
  8
DIM
100
AcDbMText
 10
6059.45
 20
1760.0
 30
0.0
 40
40.0
 71
5
  1
1452.5
  7
CN
  0
POINT
  5
1F0
330
1E5
100
AcDbEntity
  8
Defpoints
100
AcDbPoint
 10
5333.2
 20
1730.0
 30
0.0
  0
POINT
  5
1F1
330
1E5
100
AcDbEntity
  8
Defpoints
100
AcDbPoint
 10
5333.2
 20
1490.0
 30
0.0
  0
POINT
  5
1F2
330
1E5
100
AcDbEntity
  8
Defpoints
100
AcDbPoint
 10
6785.7
 20
1490.0
 30
0.0
  0
ENDBLK
  5
1E7
330
1E5
100
AcDbEntity
  8
0
100
AcDbBlockEnd
  0
BLOCK
  5
1F5
330
1F4
100
AcDbEntity
  8
0
100
AcDbBlockBegin
  2
*D4
 70
1
 10
0.0
 20
0.0
 30
0.0
  3
*D4
  1

  0
LINE
  5
1F7
330
1F4
100
AcDbEntity
  8
0
100
AcDbLine
 10
6797.7
 20
0.0
 30
0.0
 11
7039.7
 21
0.0
 31
0.0
  0
LINE
  5
1F8
330
1F4
100
AcDbEntity
  8
0
100
AcDbLine
 10
6797.7
 20
1490.0
 30
0.0
 11
7039.7
 21
1490.0
 31
0.0
  0
INSERT
  5
1F9
330
1F4
100
AcDbEntity
  8
DIM
100
AcDbBlockReference
  2
_CLOSEDFILLED
 10
7025.7
 20
0.0
 30
0.0
 41
25.0
 42
25.0
 50
270.0
  0
INSERT
  5
1FB
330
1F4
100
AcDbEntity
  8
DIM
100
AcDbBlockReference
  2
_CLOSEDFILLED
 10
7025.7
 20
1490.0
 30
0.0
 41
25.0
 42
25.0
 50
90.0
  0
LINE
  5
1FD
330
1F4
100
AcDbEntity
  8
0
100
AcDbLine
 10
7025.7
 20
25.0
 30
0.0
 11
7025.7
 21
1465.0
 31
0.0
  0
MTEXT
  5
1FE
330
1F4
100
AcDbEntity
  8
DIM
100
AcDbMText
 10
6995.7
 20
745.0
 30
0.0
 40
40.0
 71
5
  1
1490
  7
CN
 50
90.0
  0
POINT
  5
1FF
330
1F4
100
AcDbEntity
  8
Defpoints
100
AcDbPoint
 10
7025.7
 20
0.0
 30
0.0
  0
POINT
  5
200
330
1F4
100
AcDbEntity
  8
Defpoints
100
AcDbPoint
 10
6785.7
 20
0.0
 30
0.0
  0
POINT
  5
201
330
1F4
100
AcDbEntity
  8
Defpoints
100
AcDbPoint
 10
6785.7
 20
1490.0
 30
0.0
  0
ENDBLK
  5
1F6
330
1F4
100
AcDbEntity
  8
0
100
AcDbBlockEnd
  0
BLOCK
  5
2C1
330
2C0
100
AcDbEntity
  8
0
100
AcDbBlockBegin
  2
*D5
 70
1
 10
0.0
 20
0.0
 30
0.0
  3
*D5
  1

  0
LINE
  5
2C3
330
2C0
100
AcDbEntity
  8
0
100
AcDbLine
 10
10666.4
 20
1413.5
 30
0.0
 11
10666.4
 21
1655.5
 31
0.0
  0
LINE
  5
2C4
330
2C0
100
AcDbEntity
  8
0
100
AcDbLine
 10
12166.4
 20
1413.5
 30
0.0
 11
12166.4
 21
1655.5
 31
0.0
  0
INSERT
  5
2C5
330
2C0
100
AcDbEntity
  8
DIM
100
AcDbBlockReference
  2
_CLOSEDFILLED
 10
10666.4
 20
1641.5
 30
0.0
 41
25.0
 42
25.0
 50
180.0
  0
INSERT
  5
2C7
330
2C0
100
AcDbEntity
  8
DIM
100
AcDbBlockReference
  2
_CLOSEDFILLED
 10
12166.4
 20
1641.5
 30
0.0
 41
25.0
 42
25.0
  0
LINE
  5
2C9
330
2C0
100
AcDbEntity
  8
0
100
AcDbLine
 10
10691.4
 20
1641.5
 30
0.0
 11
12141.4
 21
1641.5
 31
0.0
  0
MTEXT
  5
2CA
330
2C0
100
AcDbEntity
  8
DIM
100
AcDbMText
 10
11416.4
 20
1671.5
 30
0.0
 40
40.0
 71
5
  1
1500
  7
CN
  0
POINT
  5
2CB
330
2C0
100
AcDbEntity
  8
Defpoints
100
AcDbPoint
 10
10666.4
 20
1641.5
 30
0.0
  0
POINT
  5
2CC
330
2C0
100
AcDbEntity
  8
Defpoints
100
AcDbPoint
 10
10666.4
 20
1401.5
 30
0.0
  0
POINT
  5
2CD
330
2C0
100
AcDbEntity
  8
Defpoints
100
AcDbPoint
 10
12166.4
 20
1401.5
 30
0.0
  0
ENDBLK
  5
2C2
330
2C0
100
AcDbEntity
  8
0
100
AcDbBlockEnd
  0
BLOCK
  5
2D0
330
2CF
100
AcDbEntity
  8
0
100
AcDbBlockBegin
  2
*D6
 70
1
 10
0.0
 20
0.0
 30
0.0
  3
*D6
  1

  0
LINE
  5
2D2
330
2CF
100
AcDbEntity
  8
0
100
AcDbLine
 10
12178.4
 20
0.0
 30
0.0
 11
12420.4
 21
0.0
 31
0.0
  0
LINE
  5
2D3
330
2CF
100
AcDbEntity
  8
0
100
AcDbLine
 10
12178.4
 20
1401.5
 30
0.0
 11
12420.4
 21
1401.5
 31
0.0
  0
INSERT
  5
2D4
330
2CF
100
AcDbEntity
  8
DIM
100
AcDbBlockReference
  2
_CLOSEDFILLED
 10
12406.4
 20
0.0
 30
0.0
 41
25.0
 42
25.0
 50
270.0
  0
INSERT
  5
2D6
330
2CF
100
AcDbEntity
  8
DIM
100
AcDbBlockReference
  2
_CLOSEDFILLED
 10
12406.4
 20
1401.5
 30
0.0
 41
25.0
 42
25.0
 50
90.0
  0
LINE
  5
2D8
330
2CF
100
AcDbEntity
  8
0
100
AcDbLine
 10
12406.4
 20
25.0
 30
0.0
 11
12406.4
 21
1376.5
 31
0.0
  0
MTEXT
  5
2D9
330
2CF
100
AcDbEntity
  8
DIM
100
AcDbMText
 10
12376.4
 20
700.75
 30
0.0
 40
40.0
 71
5
  1
1401.5
  7
CN
 50
90.0
  0
POINT
  5
2DA
330
2CF
100
AcDbEntity
  8
Defpoints
100
AcDbPoint
 10
12406.4
 20
0.0
 30
0.0
  0
POINT
  5
2DB
330
2CF
100
AcDbEntity
  8
Defpoints
100
AcDbPoint
 10
12166.4
 20
0.0
 30
0.0
  0
POINT
  5
2DC
330
2CF
100
AcDbEntity
  8
Defpoints
100
AcDbPoint
 10
12166.4
 20
1401.5
 30
0.0
  0
ENDBLK
  5
2D1
330
2CF
100
AcDbEntity
  8
0
100
AcDbBlockEnd
  0
BLOCK
  5
3B8
330
3B7
100
AcDbEntity
  8
0
100
AcDbBlockBegin
  2
*D7
 70
1
 10
0.0
 20
0.0
 30
0.0
  3
*D7
  1

  0
LINE
  5
3BA
330
3B7
100
AcDbEntity
  8
0
100
AcDbLine
 10
0.0
 20
-1707.5
 30
0.0
 11
0.0
 21
-1465.5
 31
0.0
  0
LINE
  5
3BB
330
3B7
100
AcDbEntity
  8
0
100
AcDbLine
 10
1436.0
 20
-1707.5
 30
0.0
 11
1436.0
 21
-1465.5
 31
0.0
  0
INSERT
  5
3BC
330
3B7
100
AcDbEntity
  8
DIM
100
AcDbBlockReference
  2
_CLOSEDFILLED
 10
0.0
 20
-1479.5
 30
0.0
 41
25.0
 42
25.0
 50
180.0
  0
INSERT
  5
3BE
330
3B7
100
AcDbEntity
  8
DIM
100
AcDbBlockReference
  2
_CLOSEDFILLED
 10
1436.0
 20
-1479.5
 30
0.0
 41
25.0
 42
25.0
  0
LINE
  5
3C0
330
3B7
100
AcDbEntity
  8
0
100
AcDbLine
 10
25.0
 20
-1479.5
 30
0.0
 11
1411.0
 21
-1479.5
 31
0.0
  0
MTEXT
  5
3C1
330
3B7
100
AcDbEntity
  8
DIM
100
AcDbMText
 10
718.0
 20
-1449.5
 30
0.0
 40
40.0
 71
5
  1
1436
  7
CN
  0
POINT
  5
3C2
330
3B7
100
AcDbEntity
  8
Defpoints
100
AcDbPoint
 10
0.0
 20
-1479.5
 30
0.0
  0
POINT
  5
3C3
330
3B7
100
AcDbEntity
  8
Defpoints
100
AcDbPoint
 10
0.0
 20
-1719.5
 30
0.0
  0
POINT
  5
3C4
330
3B7
100
AcDbEntity
  8
Defpoints
100
AcDbPoint
 10
1436.0
 20
-1719.5
 30
0.0
  0
ENDBLK
  5
3B9
330
3B7
100
AcDbEntity
  8
0
100
AcDbBlockEnd
  0
BLOCK
  5
3C7
330
3C6
100
AcDbEntity
  8
0
100
AcDbBlockBegin
  2
*D8
 70
1
 10
0.0
 20
0.0
 30
0.0
  3
*D8
  1

  0
LINE
  5
3C9
330
3C6
100
AcDbEntity
  8
0
100
AcDbLine
 10
1448.0
 20
-3236.5
 30
0.0
 11
1690.0
 21
-3236.5
 31
0.0
  0
LINE
  5
3CA
330
3C6
100
AcDbEntity
  8
0
100
AcDbLine
 10
1448.0
 20
-1719.5
 30
0.0
 11
1690.0
 21
-1719.5
 31
0.0
  0
INSERT
  5
3CB
330
3C6
100
AcDbEntity
  8
DIM
100
AcDbBlockReference
  2
_CLOSEDFILLED
 10
1676.0
 20
-3236.5
 30
0.0
 41
25.0
 42
25.0
 50
270.0
  0
INSERT
  5
3CD
330
3C6
100
AcDbEntity
  8
DIM
100
AcDbBlockReference
  2
_CLOSEDFILLED
 10
1676.0
 20
-1719.5
 30
0.0
 41
25.0
 42
25.0
 50
90.0
  0
LINE
  5
3CF
330
3C6
100
AcDbEntity
  8
0
100
AcDbLine
 10
1676.0
 20
-3211.5
 30
0.0
 11
1676.0
 21
-1744.5
 31
0.0
  0
MTEXT
  5
3D0
330
3C6
100
AcDbEntity
  8
DIM
100
AcDbMText
 10
1646.0
 20
-2478.0
 30
0.0
 40
40.0
 71
5
  1
1517
  7
CN
 50
90.0
  0
POINT
  5
3D1
330
3C6
100
AcDbEntity
  8
Defpoints
100
AcDbPoint
 10
1676.0
 20
-3236.5
 30
0.0
  0
POINT
  5
3D2
330
3C6
100
AcDbEntity
  8
Defpoints
100
AcDbPoint
 10
1436.0
 20
-3236.5
 30
0.0
  0
POINT
  5
3D3
330
3C6
100
AcDbEntity
  8
Defpoints
100
AcDbPoint
 10
1436.0
 20
-1719.5
 30
0.0
  0
ENDBLK
  5
3C8
330
3C6
100
AcDbEntity
  8
0
100
AcDbBlockEnd
  0
BLOCK
  5
47C
330
47B
100
AcDbEntity
  8
0
100
AcDbBlockBegin
  2
*D9
 70
1
 10
0.0
 20
0.0
 30
0.0
  3
*D9
  1

  0
LINE
  5
47E
330
47B
100
AcDbEntity
  8
0
100
AcDbLine
 10
5333.2
 20
-1809.5
 30
0.0
 11
5333.2
 21
-1567.5
 31
0.0
  0
LINE
  5
47F
330
47B
100
AcDbEntity
  8
0
100
AcDbLine
 10
6898.2
 20
-1809.5
 30
0.0
 11
6898.2
 21
-1567.5
 31
0.0
  0
INSERT
  5
480
330
47B
100
AcDbEntity
  8
DIM
100
AcDbBlockReference
  2
_CLOSEDFILLED
 10
5333.2
 20
-1581.5
 30
0.0
 41
25.0
 42
25.0
 50
180.0
  0
INSERT
  5
482
330
47B
100
AcDbEntity
  8
DIM
100
AcDbBlockReference
  2
_CLOSEDFILLED
 10
6898.2
 20
-1581.5
 30
0.0
 41
25.0
 42
25.0
  0
LINE
  5
484
330
47B
100
AcDbEntity
  8
0
100
AcDbLine
 10
5358.2
 20
-1581.5
 30
0.0
 11
6873.2
 21
-1581.5
 31
0.0
  0
MTEXT
  5
485
330
47B
100
AcDbEntity
  8
DIM
100
AcDbMText
 10
6115.7
 20
-1551.5
 30
0.0
 40
40.0
 71
5
  1
1565
  7
CN
  0
POINT
  5
486
330
47B
100
AcDbEntity
  8
Defpoints
100
AcDbPoint
 10
5333.2
 20
-1581.5
 30
0.0
  0
POINT
  5
487
330
47B
100
AcDbEntity
  8
Defpoints
100
AcDbPoint
 10
5333.2
 20
-1821.5
 30
0.0
  0
POINT
  5
488
330
47B
100
AcDbEntity
  8
Defpoints
100
AcDbPoint
 10
6898.2
 20
-1821.5
 30
0.0
  0
ENDBLK
  5
47D
330
47B
100
AcDbEntity
  8
0
100
AcDbBlockEnd
  0
BLOCK
  5
48B
330
48A
100
AcDbEntity
  8
0
100
AcDbBlockBegin
  2
*D10
 70
1
 10
0.0
 20
0.0
 30
0.0
  3
*D10
  1

  0
LINE
  5
48D
330
48A
100
AcDbEntity
  8
0
100
AcDbLine
 10
6910.2
 20
-3236.5
 30
0.0
 11
7152.2
 21
-3236.5
 31
0.0
  0
LINE
  5
48E
330
48A
100
AcDbEntity
  8
0
100
AcDbLine
 10
6910.2
 20
-1821.5
 30
0.0
 11
7152.2
 21
-1821.5
 31
0.0
  0
INSERT
  5
48F
330
48A
100
AcDbEntity
  8
DIM
100
AcDbBlockReference
  2
_CLOSEDFILLED
 10
7138.2
 20
-3236.5
 30
0.0
 41
25.0
 42
25.0
 50
270.0
  0
INSERT
  5
491
330
48A
100
AcDbEntity
  8
DIM
100
AcDbBlockReference
  2
_CLOSEDFILLED
 10
7138.2
 20
-1821.5
 30
0.0
 41
25.0
 42
25.0
 50
90.0
  0
LINE
  5
493
330
48A
100
AcDbEntity
  8
0
100
AcDbLine
 10
7138.2
 20
-3211.5
 30
0.0
 11
7138.2
 21
-1846.5
 31
0.0
  0
MTEXT
  5
494
330
48A
100
AcDbEntity
  8
DIM
100
AcDbMText
 10
7108.2
 20
-2529.0
 30
0.0
 40
40.0
 71
5
  1
1415
  7
CN
 50
90.0
  0
POINT
  5
495
330
48A
100
AcDbEntity
  8
Defpoints
100
AcDbPoint
 10
7138.2
 20
-3236.5
 30
0.0
  0
POINT
  5
496
330
48A
100
AcDbEntity
  8
Defpoints
100
AcDbPoint
 10
6898.2
 20
-3236.5
 30
0.0
  0
POINT
  5
497
330
48A
100
AcDbEntity
  8
Defpoints
100
AcDbPoint
 10
6898.2
 20
-1821.5
 30
0.0
  0
ENDBLK
  5
48C
330
48A
100
AcDbEntity
  8
0
100
AcDbBlockEnd
  0
BLOCK
  5
544
330
543
100
AcDbEntity
  8
0
100
AcDbBlockBegin
  2
*D11
 70
1
 10
0.0
 20
0.0
 30
0.0
  3
*D11
  1

  0
LINE
  5
546
330
543
100
AcDbEntity
  8
0
100
AcDbLine
 10
10666.4
 20
-1659.5
 30
0.0
 11
10666.4
 21
-1417.5
 31
0.0
  0
LINE
  5
547
330
543
100
AcDbEntity
  8
0
100
AcDbLine
 10
12231.4
 20
-1659.5
 30
0.0
 11
12231.4
 21
-1417.5
 31
0.0
  0
INSERT
  5
548
330
543
100
AcDbEntity
  8
DIM
100
AcDbBlockReference
  2
_CLOSEDFILLED
 10
10666.4
 20
-1431.5
 30
0.0
 41
25.0
 42
25.0
 50
180.0
  0
INSERT
  5
54A
330
543
100
AcDbEntity
  8
DIM
100
AcDbBlockReference
  2
_CLOSEDFILLED
 10
12231.4
 20
-1431.5
 30
0.0
 41
25.0
 42
25.0
  0
LINE
  5
54C
330
543
100
AcDbEntity
  8
0
100
AcDbLine
 10
10691.4
 20
-1431.5
 30
0.0
 11
12206.4
 21
-1431.5
 31
0.0
  0
MTEXT
  5
54D
330
543
100
AcDbEntity
  8
DIM
100
AcDbMText
 10
11448.9
 20
-1401.5
 30
0.0
 40
40.0
 71
5
  1
1565
  7
CN
  0
POINT
  5
54E
330
543
100
AcDbEntity
  8
Defpoints
100
AcDbPoint
 10
10666.4
 20
-1431.5
 30
0.0
  0
POINT
  5
54F
330
543
100
AcDbEntity
  8
Defpoints
100
AcDbPoint
 10
10666.4
 20
-1671.5
 30
0.0
  0
POINT
  5
550
330
543
100
AcDbEntity
  8
Defpoints
100
AcDbPoint
 10
12231.4
 20
-1671.5
 30
0.0
  0
ENDBLK
  5
545
330
543
100
AcDbEntity
  8
0
100
AcDbBlockEnd
  0
BLOCK
  5
553
330
552
100
AcDbEntity
  8
0
100
AcDbBlockBegin
  2
*D12
 70
1
 10
0.0
 20
0.0
 30
0.0
  3
*D12
  1

  0
LINE
  5
555
330
552
100
AcDbEntity
  8
0
100
AcDbLine
 10
12243.4
 20
-3236.5
 30
0.0
 11
12485.4
 21
-3236.5
 31
0.0
  0
LINE
  5
556
330
552
100
AcDbEntity
  8
0
100
AcDbLine
 10
12243.4
 20
-1671.5
 30
0.0
 11
12485.4
 21
-1671.5
 31
0.0
  0
INSERT
  5
557
330
552
100
AcDbEntity
  8
DIM
100
AcDbBlockReference
  2
_CLOSEDFILLED
 10
12471.4
 20
-3236.5
 30
0.0
 41
25.0
 42
25.0
 50
270.0
  0
INSERT
  5
559
330
552
100
AcDbEntity
  8
DIM
100
AcDbBlockReference
  2
_CLOSEDFILLED
 10
12471.4
 20
-1671.5
 30
0.0
 41
25.0
 42
25.0
 50
90.0
  0
LINE
  5
55B
330
552
100
AcDbEntity
  8
0
100
AcDbLine
 10
12471.4
 20
-3211.5
 30
0.0
 11
12471.4
 21
-1696.5
 31
0.0
  0
MTEXT
  5
55C
330
552
100
AcDbEntity
  8
DIM
100
AcDbMText
 10
12441.4
 20
-2454.0
 30
0.0
 40
40.0
 71
5
  1
1565
  7
CN
 50
90.0
  0
POINT
  5
55D
330
552
100
AcDbEntity
  8
Defpoints
100
AcDbPoint
 10
12471.4
 20
-3236.5
 30
0.0
  0
POINT
  5
55E
330
552
100
AcDbEntity
  8
Defpoints
100
AcDbPoint
 10
12231.4
 20
-3236.5
 30
0.0
  0
POINT
  5
55F
330
552
100
AcDbEntity
  8
Defpoints
100
AcDbPoint
 10
12231.4
 20
-1671.5
 30
0.0
  0
ENDBLK
  5
554
330
552
100
AcDbEntity
  8
0
100
AcDbBlockEnd
  0
BLOCK
  5
60F
330
60E
100
AcDbEntity
  8
0
100
AcDbBlockBegin
  2
*D13
 70
1
 10
0.0
 20
0.0
 30
0.0
  3
*D13
  1

  0
LINE
  5
611
330
60E
100
AcDbEntity
  8
0
100
AcDbLine
 10
0.0
 20
-4996.0
 30
0.0
 11
0.0
 21
-4754.0
 31
0.0
  0
LINE
  5
612
330
60E
100
AcDbEntity
  8
0
100
AcDbLine
 10
1535.0
 20
-4996.0
 30
0.0
 11
1535.0
 21
-4754.0
 31
0.0
  0
INSERT
  5
613
330
60E
100
AcDbEntity
  8
DIM
100
AcDbBlockReference
  2
_CLOSEDFILLED
 10
0.0
 20
-4768.0
 30
0.0
 41
25.0
 42
25.0
 50
180.0
  0
INSERT
  5
615
330
60E
100
AcDbEntity
  8
DIM
100
AcDbBlockReference
  2
_CLOSEDFILLED
 10
1535.0
 20
-4768.0
 30
0.0
 41
25.0
 42
25.0
  0
LINE
  5
617
330
60E
100
AcDbEntity
  8
0
100
AcDbLine
 10
25.0
 20
-4768.0
 30
0.0
 11
1510.0
 21
-4768.0
 31
0.0
  0
MTEXT
  5
618
330
60E
100
AcDbEntity
  8
DIM
100
AcDbMText
 10
767.5
 20
-4738.0
 30
0.0
 40
40.0
 71
5
  1
1535
  7
CN
  0
POINT
  5
619
330
60E
100
AcDbEntity
  8
Defpoints
100
AcDbPoint
 10
0.0
 20
-4768.0
 30
0.0
  0
POINT
  5
61A
330
60E
100
AcDbEntity
  8
Defpoints
100
AcDbPoint
 10
0.0
 20
-5008.0
 30
0.0
  0
POINT
  5
61B
330
60E
100
AcDbEntity
  8
Defpoints
100
AcDbPoint
 10
1535.0
 20
-5008.0
 30
0.0
  0
ENDBLK
  5
610
330
60E
100
AcDbEntity
  8
0
100
AcDbBlockEnd
  0
BLOCK
  5
61E
330
61D
100
AcDbEntity
  8
0
100
AcDbBlockBegin
  2
*D14
 70
1
 10
0.0
 20
0.0
 30
0.0
  3
*D14
  1

  0
LINE
  5
620
330
61D
100
AcDbEntity
  8
0
100
AcDbLine
 10
1547.0
 20
-6473.0
 30
0.0
 11
1789.0
 21
-6473.0
 31
0.0
  0
LINE
  5
621
330
61D
100
AcDbEntity
  8
0
100
AcDbLine
 10
1547.0
 20
-5008.0
 30
0.0
 11
1789.0
 21
-5008.0
 31
0.0
  0
INSERT
  5
622
330
61D
100
AcDbEntity
  8
DIM
100
AcDbBlockReference
  2
_CLOSEDFILLED
 10
1775.0
 20
-6473.0
 30
0.0
 41
25.0
 42
25.0
 50
270.0
  0
INSERT
  5
624
330
61D
100
AcDbEntity
  8
DIM
100
AcDbBlockReference
  2
_CLOSEDFILLED
 10
1775.0
 20
-5008.0
 30
0.0
 41
25.0
 42
25.0
 50
90.0
  0
LINE
  5
626
330
61D
100
AcDbEntity
  8
0
100
AcDbLine
 10
1775.0
 20
-6448.0
 30
0.0
 11
1775.0
 21
-5033.0
 31
0.0
  0
MTEXT
  5
627
330
61D
100
AcDbEntity
  8
DIM
100
AcDbMText
 10
1745.0
 20
-5740.5
 30
0.0
 40
40.0
 71
5
  1
1465
  7
CN
 50
90.0
  0
POINT
  5
628
330
61D
100
AcDbEntity
  8
Defpoints
100
AcDbPoint
 10
1775.0
 20
-6473.0
 30
0.0
  0
POINT
  5
629
330
61D
100
AcDbEntity
  8
Defpoints
100
AcDbPoint
 10
1535.0
 20
-6473.0
 30
0.0
  0
POINT
  5
62A
330
61D
100
AcDbEntity
  8
Defpoints
100
AcDbPoint
 10
1535.0
 20
-5008.0
 30
0.0
  0
ENDBLK
  5
61F
330
61D
100
AcDbEntity
  8
0
100
AcDbBlockEnd
  0
BLOCK
  5
6F0
330
6EF
100
AcDbEntity
  8
0
100
AcDbBlockBegin
  2
*D15
 70
1
 10
0.0
 20
0.0
 30
0.0
  3
*D15
  1

  0
LINE
  5
6F2
330
6EF
100
AcDbEntity
  8
0
100
AcDbLine
 10
5333.2
 20
-4888.5
 30
0.0
 11
5333.2
 21
-4646.5
 31
0.0
  0
LINE
  5
6F3
330
6EF
100
AcDbEntity
  8
0
100
AcDbLine
 10
6905.7
 20
-4888.5
 30
0.0
 11
6905.7
 21
-4646.5
 31
0.0
  0
INSERT
  5
6F4
330
6EF
100
AcDbEntity
  8
DIM
100
AcDbBlockReference
  2
_CLOSEDFILLED
 10
5333.2
 20
-4660.5
 30
0.0
 41
25.0
 42
25.0
 50
180.0
  0
INSERT
  5
6F6
330
6EF
100
AcDbEntity
  8
DIM
100
AcDbBlockReference
  2
_CLOSEDFILLED
 10
6905.7
 20
-4660.5
 30
0.0
 41
25.0
 42
25.0
  0
LINE
  5
6F8
330
6EF
100
AcDbEntity
  8
0
100
AcDbLine
 10
5358.2
 20
-4660.5
 30
0.0
 11
6880.7
 21
-4660.5
 31
0.0
  0
MTEXT
  5
6F9
330
6EF
100
AcDbEntity
  8
DIM
100
AcDbMText
 10
6119.45
 20
-4630.5
 30
0.0
 40
40.0
 71
5
  1
1572.5
  7
CN
  0
POINT
  5
6FA
330
6EF
100
AcDbEntity
  8
Defpoints
100
AcDbPoint
 10
5333.2
 20
-4660.5
 30
0.0
  0
POINT
  5
6FB
330
6EF
100
AcDbEntity
  8
Defpoints
100
AcDbPoint
 10
5333.2
 20
-4900.5
 30
0.0
  0
POINT
  5
6FC
330
6EF
100
AcDbEntity
  8
Defpoints
100
AcDbPoint
 10
6905.7
 20
-4900.5
 30
0.0
  0
ENDBLK
  5
6F1
330
6EF
100
AcDbEntity
  8
0
100
AcDbBlockEnd
  0
BLOCK
  5
6FF
330
6FE
100
AcDbEntity
  8
0
100
AcDbBlockBegin
  2
*D16
 70
1
 10
0.0
 20
0.0
 30
0.0
  3
*D16
  1

  0
LINE
  5
701
330
6FE
100
AcDbEntity
  8
0
100
AcDbLine
 10
6917.7
 20
-6473.0
 30
0.0
 11
7159.7
 21
-6473.0
 31
0.0
  0
LINE
  5
702
330
6FE
100
AcDbEntity
  8
0
100
AcDbLine
 10
6917.7
 20
-4900.5
 30
0.0
 11
7159.7
 21
-4900.5
 31
0.0
  0
INSERT
  5
703
330
6FE
100
AcDbEntity
  8
DIM
100
AcDbBlockReference
  2
_CLOSEDFILLED
 10
7145.7
 20
-6473.0
 30
0.0
 41
25.0
 42
25.0
 50
270.0
  0
INSERT
  5
705
330
6FE
100
AcDbEntity
  8
DIM
100
AcDbBlockReference
  2
_CLOSEDFILLED
 10
7145.7
 20
-4900.5
 30
0.0
 41
25.0
 42
25.0
 50
90.0
  0
LINE
  5
707
330
6FE
100
AcDbEntity
  8
0
100
AcDbLine
 10
7145.7
 20
-6448.0
 30
0.0
 11
7145.7
 21
-4925.5
 31
0.0
  0
MTEXT
  5
708
330
6FE
100
AcDbEntity
  8
DIM
100
AcDbMText
 10
7115.7
 20
-5686.75
 30
0.0
 40
40.0
 71
5
  1
1572.5
  7
CN
 50
90.0
  0
POINT
  5
709
330
6FE
100
AcDbEntity
  8
Defpoints
100
AcDbPoint
 10
7145.7
 20
-6473.0
 30
0.0
  0
POINT
  5
70A
330
6FE
100
AcDbEntity
  8
Defpoints
100
AcDbPoint
 10
6905.7
 20
-6473.0
 30
0.0
  0
POINT
  5
70B
330
6FE
100
AcDbEntity
  8
Defpoints
100
AcDbPoint
 10
6905.7
 20
-4900.5
 30
0.0
  0
ENDBLK
  5
700
330
6FE
100
AcDbEntity
  8
0
100
AcDbBlockEnd
  0
BLOCK
  5
7C7
330
7C6
100
AcDbEntity
  8
0
100
AcDbBlockBegin
  2
*D17
 70
1
 10
0.0
 20
0.0
 30
0.0
  3
*D17
  1

  0
LINE
  5
7C9
330
7C6
100
AcDbEntity
  8
0
100
AcDbLine
 10
10666.4
 20
-4968.0
 30
0.0
 11
10666.4
 21
-4726.0
 31
0.0
  0
LINE
  5
7CA
330
7C6
100
AcDbEntity
  8
0
100
AcDbLine
 10
12189.4
 20
-4968.0
 30
0.0
 11
12189.4
 21
-4726.0
 31
0.0
  0
INSERT
  5
7CB
330
7C6
100
AcDbEntity
  8
DIM
100
AcDbBlockReference
  2
_CLOSEDFILLED
 10
10666.4
 20
-4740.0
 30
0.0
 41
25.0
 42
25.0
 50
180.0
  0
INSERT
  5
7CD
330
7C6
100
AcDbEntity
  8
DIM
100
AcDbBlockReference
  2
_CLOSEDFILLED
 10
12189.4
 20
-4740.0
 30
0.0
 41
25.0
 42
25.0
  0
LINE
  5
7CF
330
7C6
100
AcDbEntity
  8
0
100
AcDbLine
 10
10691.4
 20
-4740.0
 30
0.0
 11
12164.4
 21
-4740.0
 31
0.0
  0
MTEXT
  5
7D0
330
7C6
100
AcDbEntity
  8
DIM
100
AcDbMText
 10
11427.9
 20
-4710.0
 30
0.0
 40
40.0
 71
5
  1
1523
  7
CN
  0
POINT
  5
7D1
330
7C6
100
AcDbEntity
  8
Defpoints
100
AcDbPoint
 10
10666.4
 20
-4740.0
 30
0.0
  0
POINT
  5
7D2
330
7C6
100
AcDbEntity
  8
Defpoints
100
AcDbPoint
 10
10666.4
 20
-4980.0
 30
0.0
  0
POINT
  5
7D3
330
7C6
100
AcDbEntity
  8
Defpoints
100
AcDbPoint
 10
12189.4
 20
-4980.0
 30
0.0
  0
ENDBLK
  5
7C8
330
7C6
100
AcDbEntity
  8
0
100
AcDbBlockEnd
  0
BLOCK
  5
7D6
330
7D5
100
AcDbEntity
  8
0
100
AcDbBlockBegin
  2
*D18
 70
1
 10
0.0
 20
0.0
 30
0.0
  3
*D18
  1

  0
LINE
  5
7D8
330
7D5
100
AcDbEntity
  8
0
100
AcDbLine
 10
12201.4
 20
-6473.0
 30
0.0
 11
12443.4
 21
-6473.0
 31
0.0
  0
LINE
  5
7D9
330
7D5
100
AcDbEntity
  8
0
100
AcDbLine
 10
12201.4
 20
-4980.0
 30
0.0
 11
12443.4
 21
-4980.0
 31
0.0
  0
INSERT
  5
7DA
330
7D5
100
AcDbEntity
  8
DIM
100
AcDbBlockReference
  2
_CLOSEDFILLED
 10
12429.4
 20
-6473.0
 30
0.0
 41
25.0
 42
25.0
 50
270.0
  0
INSERT
  5
7DC
330
7D5
100
AcDbEntity
  8
DIM
100
AcDbBlockReference
  2
_CLOSEDFILLED
 10
12429.4
 20
-4980.0
 30
0.0
 41
25.0
 42
25.0
 50
90.0
  0
LINE
  5
7DE
330
7D5
100
AcDbEntity
  8
0
100
AcDbLine
 10
12429.4
 20
-6448.0
 30
0.0
 11
12429.4
 21
-5005.0
 31
0.0
  0
MTEXT
  5
7DF
330
7D5
100
AcDbEntity
  8
DIM
100
AcDbMText
 10
12399.4
 20
-5726.5
 30
0.0
 40
40.0
 71
5
  1
1493
  7
CN
 50
90.0
  0
POINT
  5
7E0
330
7D5
100
AcDbEntity
  8
Defpoints
100
AcDbPoint
 10
12429.4
 20
-6473.0
 30
0.0
  0
POINT
  5
7E1
330
7D5
100
AcDbEntity
  8
Defpoints
100
AcDbPoint
 10
12189.4
 20
-6473.0
 30
0.0
  0
POINT
  5
7E2
330
7D5
100
AcDbEntity
  8
Defpoints
100
AcDbPoint
 10
12189.4
 20
-4980.0
 30
0.0
  0
ENDBLK
  5
7D7
330
7D5
100
AcDbEntity
  8
0
100
AcDbBlockEnd
  0
ENDSEC
  0
SECTION
  2
ENTITIES
  0
LWPOLYLINE
  5
8F
330
17
100
AcDbEntity
  8
PANEL
370
50
100
AcDbPolyline
 90
4
 70
1
 10
0.0
 20
0.0
 10
1565.0
 20
0.0
 10
1565.0
 20
1490.0
 10
0.0
 20
1490.0
  0
LWPOLYLINE
  5
92
330
17
100
AcDbEntity
  8
P1_T01_WHOLE
100
AcDbPolyline
 90
4
 70
1
 10
0.0
 20
0.0
 10
65.0
 20
0.0
 10
65.0
 20
215.0
 10
0.0
 20
215.0
  0
LWPOLYLINE
  5
93
330
17
100
AcDbEntity
  8
P1_T01_WHOLE
100
AcDbPolyline
 90
4
 70
1
 10
75.0
 20
0.0
 10
140.0
 20
0.0
 10
140.0
 20
215.0
 10
75.0
 20
215.0
  0
LWPOLYLINE
  5
94
330
17
100
AcDbEntity
  8
P1_T01_WHOLE
100
AcDbPolyline
 90
4
 70
1
 10
150.0
 20
0.0
 10
215.0
 20
0.0
 10
215.0
 20
215.0
 10
150.0
 20
215.0
  0
LWPOLYLINE
  5
95
330
17
100
AcDbEntity
  8
P1_T01_WHOLE
100
AcDbPolyline
 90
4
 70
1
 10
225.0
 20
0.0
 10
290.0
 20
0.0
 10
290.0
 20
215.0
 10
225.0
 20
215.0
  0
LWPOLYLINE
  5
96
330
17
100
AcDbEntity
  8
P1_T01_WHOLE
100
AcDbPolyline
 90
4
 70
1
 10
300.0
 20
0.0
 10
365.0
 20
0.0
 10
365.0
 20
215.0
 10
300.0
 20
215.0
  0
LWPOLYLINE
  5
97
330
17
100
AcDbEntity
  8
P1_T01_WHOLE
100
AcDbPolyline
 90
4
 70
1
 10
375.0
 20
0.0
 10
440.0
 20
0.0
 10
440.0
 20
215.0
 10
375.0
 20
215.0
  0
LWPOLYLINE
  5
98
330
17
100
AcDbEntity
  8
P1_T01_WHOLE
100
AcDbPolyline
 90
4
 70
1
 10
450.0
 20
0.0
 10
515.0
 20
0.0
 10
515.0
 20
215.0
 10
450.0
 20
215.0
  0
LWPOLYLINE
  5
99
330
17
100
AcDbEntity
  8
P1_T01_WHOLE
100
AcDbPolyline
 90
4
 70
1
 10
525.0
 20
0.0
 10
590.0
 20
0.0
 10
590.0
 20
215.0
 10
525.0
 20
215.0
  0
LWPOLYLINE
  5
9A
330
17
100
AcDbEntity
  8
P1_T01_WHOLE
100
AcDbPolyline
 90
4
 70
1
 10
600.0
 20
0.0
 10
665.0
 20
0.0
 10
665.0
 20
215.0
 10
600.0
 20
215.0
  0
LWPOLYLINE
  5
9B
330
17
100
AcDbEntity
  8
P1_T01_WHOLE
100
AcDbPolyline
 90
4
 70
1
 10
675.0
 20
0.0
 10
740.0
 20
0.0
 10
740.0
 20
215.0
 10
675.0
 20
215.0
  0
LWPOLYLINE
  5
9C
330
17
100
AcDbEntity
  8
P1_T01_WHOLE
100
AcDbPolyline
 90
4
 70
1
 10
750.0
 20
0.0
 10
815.0
 20
0.0
 10
815.0
 20
215.0
 10
750.0
 20
215.0
  0
LWPOLYLINE
  5
9D
330
17
100
AcDbEntity
  8
P1_T01_WHOLE
100
AcDbPolyline
 90
4
 70
1
 10
825.0
 20
0.0
 10
890.0
 20
0.0
 10
890.0
 20
215.0
 10
825.0
 20
215.0
  0
LWPOLYLINE
  5
9E
330
17
100
AcDbEntity
  8
P1_T01_WHOLE
100
AcDbPolyline
 90
4
 70
1
 10
900.0
 20
0.0
 10
965.0
 20
0.0
 10
965.0
 20
215.0
 10
900.0
 20
215.0
  0
LWPOLYLINE
  5
9F
330
17
100
AcDbEntity
  8
P1_T01_WHOLE
100
AcDbPolyline
 90
4
 70
1
 10
975.0
 20
0.0
 10
1040.0
 20
0.0
 10
1040.0
 20
215.0
 10
975.0
 20
215.0
  0
LWPOLYLINE
  5
A0
330
17
100
AcDbEntity
  8
P1_T01_WHOLE
100
AcDbPolyline
 90
4
 70
1
 10
1050.0
 20
0.0
 10
1115.0
 20
0.0
 10
1115.0
 20
215.0
 10
1050.0
 20
215.0
  0
LWPOLYLINE
  5
A1
330
17
100
AcDbEntity
  8
P1_T01_WHOLE
100
AcDbPolyline
 90
4
 70
1
 10
1125.0
 20
0.0
 10
1190.0
 20
0.0
 10
1190.0
 20
215.0
 10
1125.0
 20
215.0
  0
LWPOLYLINE
  5
A2
330
17
100
AcDbEntity
  8
P1_T01_WHOLE
100
AcDbPolyline
 90
4
 70
1
 10
1200.0
 20
0.0
 10
1265.0
 20
0.0
 10
1265.0
 20
215.0
 10
1200.0
 20
215.0
  0
LWPOLYLINE
  5
A3
330
17
100
AcDbEntity
  8
P1_T01_WHOLE
100
AcDbPolyline
 90
4
 70
1
 10
1275.0
 20
0.0
 10
1340.0
 20
0.0
 10
1340.0
 20
215.0
 10
1275.0
 20
215.0
  0
LWPOLYLINE
  5
A4
330
17
100
AcDbEntity
  8
P1_T01_WHOLE
100
AcDbPolyline
 90
4
 70
1
 10
1350.0
 20
0.0
 10
1415.0
 20
0.0
 10
1415.0
 20
215.0
 10
1350.0
 20
215.0
  0
LWPOLYLINE
  5
A5
330
17
100
AcDbEntity
  8
P1_T01_WHOLE
100
AcDbPolyline
 90
4
 70
1
 10
1425.0
 20
0.0
 10
1490.0
 20
0.0
 10
1490.0
 20
215.0
 10
1425.0
 20
215.0
  0
LWPOLYLINE
  5
A6
330
17
100
AcDbEntity
  8
P1_T01_WHOLE
100
AcDbPolyline
 90
4
 70
1
 10
1500.0
 20
0.0
 10
1565.0
 20
0.0
 10
1565.0
 20
215.0
 10
1500.0
 20
215.0
  0
LWPOLYLINE
  5
A7
330
17
100
AcDbEntity
  8
P1_T01_WHOLE
100
AcDbPolyline
 90
4
 70
1
 10
0.0
 20
225.0
 10
215.0
 20
225.0
 10
215.0
 20
290.0
 10
0.0
 20
290.0
  0
LWPOLYLINE
  5
A8
330
17
100
AcDbEntity
  8
P1_T01_WHOLE
100
AcDbPolyline
 90
4
 70
1
 10
225.0
 20
225.0
 10
440.0
 20
225.0
 10
440.0
 20
290.0
 10
225.0
 20
290.0
  0
LWPOLYLINE
  5
A9
330
17
100
AcDbEntity
  8
P1_T01_WHOLE
100
AcDbPolyline
 90
4
 70
1
 10
450.0
 20
225.0
 10
665.0
 20
225.0
 10
665.0
 20
290.0
 10
450.0
 20
290.0
  0
LWPOLYLINE
  5
AA
330
17
100
AcDbEntity
  8
P1_T01_WHOLE
100
AcDbPolyline
 90
4
 70
1
 10
675.0
 20
225.0
 10
890.0
 20
225.0
 10
890.0
 20
290.0
 10
675.0
 20
290.0
  0
LWPOLYLINE
  5
AB
330
17
100
AcDbEntity
  8
P1_T01_WHOLE
100
AcDbPolyline
 90
4
 70
1
 10
900.0
 20
225.0
 10
1115.0
 20
225.0
 10
1115.0
 20
290.0
 10
900.0
 20
290.0
  0
LWPOLYLINE
  5
AC
330
17
100
AcDbEntity
  8
P1_T01_WHOLE
100
AcDbPolyline
 90
4
 70
1
 10
1125.0
 20
225.0
 10
1340.0
 20
225.0
 10
1340.0
 20
290.0
 10
1125.0
 20
290.0
  0
LWPOLYLINE
  5
AD
330
17
100
AcDbEntity
  8
P1_T01_WHOLE
100
AcDbPolyline
 90
4
 70
1
 10
1350.0
 20
225.0
 10
1565.0
 20
225.0
 10
1565.0
 20
290.0
 10
1350.0
 20
290.0
  0
LWPOLYLINE
  5
AE
330
17
100
AcDbEntity
  8
P1_T02_STD
100
AcDbPolyline
 90
4
 70
1
 10
0.0
 20
300.0
 10
102.5
 20
300.0
 10
102.5
 20
365.0
 10
0.0
 20
365.0
  0
LWPOLYLINE
  5
AF
330
17
100
AcDbEntity
  8
P1_T01_WHOLE
100
AcDbPolyline
 90
4
 70
1
 10
112.5
 20
300.0
 10
327.5
 20
300.0
 10
327.5
 20
365.0
 10
112.5
 20
365.0
  0
LWPOLYLINE
  5
B0
330
17
100
AcDbEntity
  8
P1_T01_WHOLE
100
AcDbPolyline
 90
4
 70
1
 10
337.5
 20
300.0
 10
552.5
 20
300.0
 10
552.5
 20
365.0
 10
337.5
 20
365.0
  0
LWPOLYLINE
  5
B1
330
17
100
AcDbEntity
  8
P1_T01_WHOLE
100
AcDbPolyline
 90
4
 70
1
 10
562.5
 20
300.0
 10
777.5
 20
300.0
 10
777.5
 20
365.0
 10
562.5
 20
365.0
  0
LWPOLYLINE
  5
B2
330
17
100
AcDbEntity
  8
P1_T01_WHOLE
100
AcDbPolyline
 90
4
 70
1
 10
787.5
 20
300.0
 10
1002.5
 20
300.0
 10
1002.5
 20
365.0
 10
787.5
 20
365.0
  0
LWPOLYLINE
  5
B3
330
17
100
AcDbEntity
  8
P1_T01_WHOLE
100
AcDbPolyline
 90
4
 70
1
 10
1012.5
 20
300.0
 10
1227.5
 20
300.0
 10
1227.5
 20
365.0
 10
1012.5
 20
365.0
  0
LWPOLYLINE
  5
B4
330
17
100
AcDbEntity
  8
P1_T01_WHOLE
100
AcDbPolyline
 90
4
 70
1
 10
1237.5
 20
300.0
 10
1452.5
 20
300.0
 10
1452.5
 20
365.0
 10
1237.5
 20
365.0
  0
LWPOLYLINE
  5
B5
330
17
100
AcDbEntity
  8
P1_T02_STD
100
AcDbPolyline
 90
4
 70
1
 10
1462.5
 20
300.0
 10
1565.0
 20
300.0
 10
1565.0
 20
365.0
 10
1462.5
 20
365.0
  0
LWPOLYLINE
  5
B6
330
17
100
AcDbEntity
  8
P1_T01_WHOLE
100
AcDbPolyline
 90
4
 70
1
 10
0.0
 20
375.0
 10
215.0
 20
375.0
 10
215.0
 20
440.0
 10
0.0
 20
440.0
  0
LWPOLYLINE
  5
B7
330
17
100
AcDbEntity
  8
P1_T01_WHOLE
100
AcDbPolyline
 90
4
 70
1
 10
225.0
 20
375.0
 10
440.0
 20
375.0
 10
440.0
 20
440.0
 10
225.0
 20
440.0
  0
LWPOLYLINE
  5
B8
330
17
100
AcDbEntity
  8
P1_T01_WHOLE
100
AcDbPolyline
 90
4
 70
1
 10
450.0
 20
375.0
 10
665.0
 20
375.0
 10
665.0
 20
440.0
 10
450.0
 20
440.0
  0
LWPOLYLINE
  5
B9
330
17
100
AcDbEntity
  8
P1_T01_WHOLE
100
AcDbPolyline
 90
4
 70
1
 10
675.0
 20
375.0
 10
890.0
 20
375.0
 10
890.0
 20
440.0
 10
675.0
 20
440.0
  0
LWPOLYLINE
  5
BA
330
17
100
AcDbEntity
  8
P1_T01_WHOLE
100
AcDbPolyline
 90
4
 70
1
 10
900.0
 20
375.0
 10
1115.0
 20
375.0
 10
1115.0
 20
440.0
 10
900.0
 20
440.0
  0
LWPOLYLINE
  5
BB
330
17
100
AcDbEntity
  8
P1_T01_WHOLE
100
AcDbPolyline
 90
4
 70
1
 10
1125.0
 20
375.0
 10
1340.0
 20
375.0
 10
1340.0
 20
440.0
 10
1125.0
 20
440.0
  0
LWPOLYLINE
  5
BC
330
17
100
AcDbEntity
  8
P1_T01_WHOLE
100
AcDbPolyline
 90
4
 70
1
 10
1350.0
 20
375.0
 10
1565.0
 20
375.0
 10
1565.0
 20
440.0
 10
1350.0
 20
440.0
  0
LWPOLYLINE
  5
BD
330
17
100
AcDbEntity
  8
P1_T02_STD
100
AcDbPolyline
 90
4
 70
1
 10
0.0
 20
450.0
 10
102.5
 20
450.0
 10
102.5
 20
515.0
 10
0.0
 20
515.0
  0
LWPOLYLINE
  5
BE
330
17
100
AcDbEntity
  8
P1_T01_WHOLE
100
AcDbPolyline
 90
4
 70
1
 10
112.5
 20
450.0
 10
327.5
 20
450.0
 10
327.5
 20
515.0
 10
112.5
 20
515.0
  0
LWPOLYLINE
  5
BF
330
17
100
AcDbEntity
  8
P1_T01_WHOLE
100
AcDbPolyline
 90
4
 70
1
 10
337.5
 20
450.0
 10
552.5
 20
450.0
 10
552.5
 20
515.0
 10
337.5
 20
515.0
  0
LWPOLYLINE
  5
C0
330
17
100
AcDbEntity
  8
P1_T01_WHOLE
100
AcDbPolyline
 90
4
 70
1
 10
562.5
 20
450.0
 10
777.5
 20
450.0
 10
777.5
 20
515.0
 10
562.5
 20
515.0
  0
LWPOLYLINE
  5
C1
330
17
100
AcDbEntity
  8
P1_T01_WHOLE
100
AcDbPolyline
 90
4
 70
1
 10
787.5
 20
450.0
 10
1002.5
 20
450.0
 10
1002.5
 20
515.0
 10
787.5
 20
515.0
  0
LWPOLYLINE
  5
C2
330
17
100
AcDbEntity
  8
P1_T01_WHOLE
100
AcDbPolyline
 90
4
 70
1
 10
1012.5
 20
450.0
 10
1227.5
 20
450.0
 10
1227.5
 20
515.0
 10
1012.5
 20
515.0
  0
LWPOLYLINE
  5
C3
330
17
100
AcDbEntity
  8
P1_T01_WHOLE
100
AcDbPolyline
 90
4
 70
1
 10
1237.5
 20
450.0
 10
1452.5
 20
450.0
 10
1452.5
 20
515.0
 10
1237.5
 20
515.0
  0
LWPOLYLINE
  5
C4
330
17
100
AcDbEntity
  8
P1_T02_STD
100
AcDbPolyline
 90
4
 70
1
 10
1462.5
 20
450.0
 10
1565.0
 20
450.0
 10
1565.0
 20
515.0
 10
1462.5
 20
515.0
  0
LWPOLYLINE
  5
C5
330
17
100
AcDbEntity
  8
P1_T01_WHOLE
100
AcDbPolyline
 90
4
 70
1
 10
0.0
 20
525.0
 10
215.0
 20
525.0
 10
215.0
 20
590.0
 10
0.0
 20
590.0
  0
LWPOLYLINE
  5
C6
330
17
100
AcDbEntity
  8
P1_T01_WHOLE
100
AcDbPolyline
 90
4
 70
1
 10
225.0
 20
525.0
 10
440.0
 20
525.0
 10
440.0
 20
590.0
 10
225.0
 20
590.0
  0
LWPOLYLINE
  5
C7
330
17
100
AcDbEntity
  8
P1_T01_WHOLE
100
AcDbPolyline
 90
4
 70
1
 10
450.0
 20
525.0
 10
665.0
 20
525.0
 10
665.0
 20
590.0
 10
450.0
 20
590.0
  0
LWPOLYLINE
  5
C8
330
17
100
AcDbEntity
  8
P1_T01_WHOLE
100
AcDbPolyline
 90
4
 70
1
 10
675.0
 20
525.0
 10
890.0
 20
525.0
 10
890.0
 20
590.0
 10
675.0
 20
590.0
  0
LWPOLYLINE
  5
C9
330
17
100
AcDbEntity
  8
P1_T01_WHOLE
100
AcDbPolyline
 90
4
 70
1
 10
900.0
 20
525.0
 10
1115.0
 20
525.0
 10
1115.0
 20
590.0
 10
900.0
 20
590.0
  0
LWPOLYLINE
  5
CA
330
17
100
AcDbEntity
  8
P1_T01_WHOLE
100
AcDbPolyline
 90
4
 70
1
 10
1125.0
 20
525.0
 10
1340.0
 20
525.0
 10
1340.0
 20
590.0
 10
1125.0
 20
590.0
  0
LWPOLYLINE
  5
CB
330
17
100
AcDbEntity
  8
P1_T01_WHOLE
100
AcDbPolyline
 90
4
 70
1
 10
1350.0
 20
525.0
 10
1565.0
 20
525.0
 10
1565.0
 20
590.0
 10
1350.0
 20
590.0
  0
LWPOLYLINE
  5
CC
330
17
100
AcDbEntity
  8
P1_T02_STD
100
AcDbPolyline
 90
4
 70
1
 10
0.0
 20
600.0
 10
102.5
 20
600.0
 10
102.5
 20
665.0
 10
0.0
 20
665.0
  0
LWPOLYLINE
  5
CD
330
17
100
AcDbEntity
  8
P1_T01_WHOLE
100
AcDbPolyline
 90
4
 70
1
 10
112.5
 20
600.0
 10
327.5
 20
600.0
 10
327.5
 20
665.0
 10
112.5
 20
665.0
  0
LWPOLYLINE
  5
CE
330
17
100
AcDbEntity
  8
P1_T01_WHOLE
100
AcDbPolyline
 90
4
 70
1
 10
337.5
 20
600.0
 10
552.5
 20
600.0
 10
552.5
 20
665.0
 10
337.5
 20
665.0
  0
LWPOLYLINE
  5
CF
330
17
100
AcDbEntity
  8
P1_T01_WHOLE
100
AcDbPolyline
 90
4
 70
1
 10
562.5
 20
600.0
 10
777.5
 20
600.0
 10
777.5
 20
665.0
 10
562.5
 20
665.0
  0
LWPOLYLINE
  5
D0
330
17
100
AcDbEntity
  8
P1_T01_WHOLE
100
AcDbPolyline
 90
4
 70
1
 10
787.5
 20
600.0
 10
1002.5
 20
600.0
 10
1002.5
 20
665.0
 10
787.5
 20
665.0
  0
LWPOLYLINE
  5
D1
330
17
100
AcDbEntity
  8
P1_T01_WHOLE
100
AcDbPolyline
 90
4
 70
1
 10
1012.5
 20
600.0
 10
1227.5
 20
600.0
 10
1227.5
 20
665.0
 10
1012.5
 20
665.0
  0
LWPOLYLINE
  5
D2
330
17
100
AcDbEntity
  8
P1_T01_WHOLE
100
AcDbPolyline
 90
4
 70
1
 10
1237.5
 20
600.0
 10
1452.5
 20
600.0
 10
1452.5
 20
665.0
 10
1237.5
 20
665.0
  0
LWPOLYLINE
  5
D3
330
17
100
AcDbEntity
  8
P1_T02_STD
100
AcDbPolyline
 90
4
 70
1
 10
1462.5
 20
600.0
 10
1565.0
 20
600.0
 10
1565.0
 20
665.0
 10
1462.5
 20
665.0
  0
LWPOLYLINE
  5
D4
330
17
100
AcDbEntity
  8
P1_T01_WHOLE
100
AcDbPolyline
 90
4
 70
1
 10
0.0
 20
675.0
 10
215.0
 20
675.0
 10
215.0
 20
740.0
 10
0.0
 20
740.0
  0
LWPOLYLINE
  5
D5
330
17
100
AcDbEntity
  8
P1_T01_WHOLE
100
AcDbPolyline
 90
4
 70
1
 10
225.0
 20
675.0
 10
440.0
 20
675.0
 10
440.0
 20
740.0
 10
225.0
 20
740.0
  0
LWPOLYLINE
  5
D6
330
17
100
AcDbEntity
  8
P1_T01_WHOLE
100
AcDbPolyline
 90
4
 70
1
 10
450.0
 20
675.0
 10
665.0
 20
675.0
 10
665.0
 20
740.0
 10
450.0
 20
740.0
  0
LWPOLYLINE
  5
D7
330
17
100
AcDbEntity
  8
P1_T01_WHOLE
100
AcDbPolyline
 90
4
 70
1
 10
675.0
 20
675.0
 10
890.0
 20
675.0
 10
890.0
 20
740.0
 10
675.0
 20
740.0
  0
LWPOLYLINE
  5
D8
330
17
100
AcDbEntity
  8
P1_T01_WHOLE
100
AcDbPolyline
 90
4
 70
1
 10
900.0
 20
675.0
 10
1115.0
 20
675.0
 10
1115.0
 20
740.0
 10
900.0
 20
740.0
  0
LWPOLYLINE
  5
D9
330
17
100
AcDbEntity
  8
P1_T01_WHOLE
100
AcDbPolyline
 90
4
 70
1
 10
1125.0
 20
675.0
 10
1340.0
 20
675.0
 10
1340.0
 20
740.0
 10
1125.0
 20
740.0
  0
LWPOLYLINE
  5
DA
330
17
100
AcDbEntity
  8
P1_T01_WHOLE
100
AcDbPolyline
 90
4
 70
1
 10
1350.0
 20
675.0
 10
1565.0
 20
675.0
 10
1565.0
 20
740.0
 10
1350.0
 20
740.0
  0
LWPOLYLINE
  5
DB
330
17
100
AcDbEntity
  8
P1_T02_STD
100
AcDbPolyline
 90
4
 70
1
 10
0.0
 20
750.0
 10
102.5
 20
750.0
 10
102.5
 20
815.0
 10
0.0
 20
815.0
  0
LWPOLYLINE
  5
DC
330
17
100
AcDbEntity
  8
P1_T01_WHOLE
100
AcDbPolyline
 90
4
 70
1
 10
112.5
 20
750.0
 10
327.5
 20
750.0
 10
327.5
 20
815.0
 10
112.5
 20
815.0
  0
LWPOLYLINE
  5
DD
330
17
100
AcDbEntity
  8
P1_T01_WHOLE
100
AcDbPolyline
 90
4
 70
1
 10
337.5
 20
750.0
 10
552.5
 20
750.0
 10
552.5
 20
815.0
 10
337.5
 20
815.0
  0
LWPOLYLINE
  5
DE
330
17
100
AcDbEntity
  8
P1_T01_WHOLE
100
AcDbPolyline
 90
4
 70
1
 10
562.5
 20
750.0
 10
777.5
 20
750.0
 10
777.5
 20
815.0
 10
562.5
 20
815.0
  0
LWPOLYLINE
  5
DF
330
17
100
AcDbEntity
  8
P1_T01_WHOLE
100
AcDbPolyline
 90
4
 70
1
 10
787.5
 20
750.0
 10
1002.5
 20
750.0
 10
1002.5
 20
815.0
 10
787.5
 20
815.0
  0
LWPOLYLINE
  5
E0
330
17
100
AcDbEntity
  8
P1_T01_WHOLE
100
AcDbPolyline
 90
4
 70
1
 10
1012.5
 20
750.0
 10
1227.5
 20
750.0
 10
1227.5
 20
815.0
 10
1012.5
 20
815.0
  0
LWPOLYLINE
  5
E1
330
17
100
AcDbEntity
  8
P1_T01_WHOLE
100
AcDbPolyline
 90
4
 70
1
 10
1237.5
 20
750.0
 10
1452.5
 20
750.0
 10
1452.5
 20
815.0
 10
1237.5
 20
815.0
  0
LWPOLYLINE
  5
E2
330
17
100
AcDbEntity
  8
P1_T02_STD
100
AcDbPolyline
 90
4
 70
1
 10
1462.5
 20
750.0
 10
1565.0
 20
750.0
 10
1565.0
 20
815.0
 10
1462.5
 20
815.0
  0
LWPOLYLINE
  5
E3
330
17
100
AcDbEntity
  8
P1_T01_WHOLE
100
AcDbPolyline
 90
4
 70
1
 10
0.0
 20
825.0
 10
215.0
 20
825.0
 10
215.0
 20
890.0
 10
0.0
 20
890.0
  0
LWPOLYLINE
  5
E4
330
17
100
AcDbEntity
  8
P1_T01_WHOLE
100
AcDbPolyline
 90
4
 70
1
 10
225.0
 20
825.0
 10
440.0
 20
825.0
 10
440.0
 20
890.0
 10
225.0
 20
890.0
  0
LWPOLYLINE
  5
E5
330
17
100
AcDbEntity
  8
P1_T01_WHOLE
100
AcDbPolyline
 90
4
 70
1
 10
450.0
 20
825.0
 10
665.0
 20
825.0
 10
665.0
 20
890.0
 10
450.0
 20
890.0
  0
LWPOLYLINE
  5
E6
330
17
100
AcDbEntity
  8
P1_T01_WHOLE
100
AcDbPolyline
 90
4
 70
1
 10
675.0
 20
825.0
 10
890.0
 20
825.0
 10
890.0
 20
890.0
 10
675.0
 20
890.0
  0
LWPOLYLINE
  5
E7
330
17
100
AcDbEntity
  8
P1_T01_WHOLE
100
AcDbPolyline
 90
4
 70
1
 10
900.0
 20
825.0
 10
1115.0
 20
825.0
 10
1115.0
 20
890.0
 10
900.0
 20
890.0
  0
LWPOLYLINE
  5
E8
330
17
100
AcDbEntity
  8
P1_T01_WHOLE
100
AcDbPolyline
 90
4
 70
1
 10
1125.0
 20
825.0
 10
1340.0
 20
825.0
 10
1340.0
 20
890.0
 10
1125.0
 20
890.0
  0
LWPOLYLINE
  5
E9
330
17
100
AcDbEntity
  8
P1_T01_WHOLE
100
AcDbPolyline
 90
4
 70
1
 10
1350.0
 20
825.0
 10
1565.0
 20
825.0
 10
1565.0
 20
890.0
 10
1350.0
 20
890.0
  0
LWPOLYLINE
  5
EA
330
17
100
AcDbEntity
  8
P1_T02_STD
100
AcDbPolyline
 90
4
 70
1
 10
0.0
 20
900.0
 10
102.5
 20
900.0
 10
102.5
 20
965.0
 10
0.0
 20
965.0
  0
LWPOLYLINE
  5
EB
330
17
100
AcDbEntity
  8
P1_T01_WHOLE
100
AcDbPolyline
 90
4
 70
1
 10
112.5
 20
900.0
 10
327.5
 20
900.0
 10
327.5
 20
965.0
 10
112.5
 20
965.0
  0
LWPOLYLINE
  5
EC
330
17
100
AcDbEntity
  8
P1_T01_WHOLE
100
AcDbPolyline
 90
4
 70
1
 10
337.5
 20
900.0
 10
552.5
 20
900.0
 10
552.5
 20
965.0
 10
337.5
 20
965.0
  0
LWPOLYLINE
  5
ED
330
17
100
AcDbEntity
  8
P1_T01_WHOLE
100
AcDbPolyline
 90
4
 70
1
 10
562.5
 20
900.0
 10
777.5
 20
900.0
 10
777.5
 20
965.0
 10
562.5
 20
965.0
  0
LWPOLYLINE
  5
EE
330
17
100
AcDbEntity
  8
P1_T01_WHOLE
100
AcDbPolyline
 90
4
 70
1
 10
787.5
 20
900.0
 10
1002.5
 20
900.0
 10
1002.5
 20
965.0
 10
787.5
 20
965.0
  0
LWPOLYLINE
  5
EF
330
17
100
AcDbEntity
  8
P1_T01_WHOLE
100
AcDbPolyline
 90
4
 70
1
 10
1012.5
 20
900.0
 10
1227.5
 20
900.0
 10
1227.5
 20
965.0
 10
1012.5
 20
965.0
  0
LWPOLYLINE
  5
F0
330
17
100
AcDbEntity
  8
P1_T01_WHOLE
100
AcDbPolyline
 90
4
 70
1
 10
1237.5
 20
900.0
 10
1452.5
 20
900.0
 10
1452.5
 20
965.0
 10
1237.5
 20
965.0
  0
LWPOLYLINE
  5
F1
330
17
100
AcDbEntity
  8
P1_T02_STD
100
AcDbPolyline
 90
4
 70
1
 10
1462.5
 20
900.0
 10
1565.0
 20
900.0
 10
1565.0
 20
965.0
 10
1462.5
 20
965.0
  0
LWPOLYLINE
  5
F2
330
17
100
AcDbEntity
  8
P1_T01_WHOLE
100
AcDbPolyline
 90
4
 70
1
 10
0.0
 20
975.0
 10
215.0
 20
975.0
 10
215.0
 20
1040.0
 10
0.0
 20
1040.0
  0
LWPOLYLINE
  5
F3
330
17
100
AcDbEntity
  8
P1_T01_WHOLE
100
AcDbPolyline
 90
4
 70
1
 10
225.0
 20
975.0
 10
440.0
 20
975.0
 10
440.0
 20
1040.0
 10
225.0
 20
1040.0
  0
LWPOLYLINE
  5
F4
330
17
100
AcDbEntity
  8
P1_T01_WHOLE
100
AcDbPolyline
 90
4
 70
1
 10
450.0
 20
975.0
 10
665.0
 20
975.0
 10
665.0
 20
1040.0
 10
450.0
 20
1040.0
  0
LWPOLYLINE
  5
F5
330
17
100
AcDbEntity
  8
P1_T01_WHOLE
100
AcDbPolyline
 90
4
 70
1
 10
675.0
 20
975.0
 10
890.0
 20
975.0
 10
890.0
 20
1040.0
 10
675.0
 20
1040.0
  0
LWPOLYLINE
  5
F6
330
17
100
AcDbEntity
  8
P1_T01_WHOLE
100
AcDbPolyline
 90
4
 70
1
 10
900.0
 20
975.0
 10
1115.0
 20
975.0
 10
1115.0
 20
1040.0
 10
900.0
 20
1040.0
  0
LWPOLYLINE
  5
F7
330
17
100
AcDbEntity
  8
P1_T01_WHOLE
100
AcDbPolyline
 90
4
 70
1
 10
1125.0
 20
975.0
 10
1340.0
 20
975.0
 10
1340.0
 20
1040.0
 10
1125.0
 20
1040.0
  0
LWPOLYLINE
  5
F8
330
17
100
AcDbEntity
  8
P1_T01_WHOLE
100
AcDbPolyline
 90
4
 70
1
 10
1350.0
 20
975.0
 10
1565.0
 20
975.0
 10
1565.0
 20
1040.0
 10
1350.0
 20
1040.0
  0
LWPOLYLINE
  5
F9
330
17
100
AcDbEntity
  8
P1_T02_STD
100
AcDbPolyline
 90
4
 70
1
 10
0.0
 20
1050.0
 10
102.5
 20
1050.0
 10
102.5
 20
1115.0
 10
0.0
 20
1115.0
  0
LWPOLYLINE
  5
FA
330
17
100
AcDbEntity
  8
P1_T01_WHOLE
100
AcDbPolyline
 90
4
 70
1
 10
112.5
 20
1050.0
 10
327.5
 20
1050.0
 10
327.5
 20
1115.0
 10
112.5
 20
1115.0
  0
LWPOLYLINE
  5
FB
330
17
100
AcDbEntity
  8
P1_T01_WHOLE
100
AcDbPolyline
 90
4
 70
1
 10
337.5
 20
1050.0
 10
552.5
 20
1050.0
 10
552.5
 20
1115.0
 10
337.5
 20
1115.0
  0
LWPOLYLINE
  5
FC
330
17
100
AcDbEntity
  8
P1_T01_WHOLE
100
AcDbPolyline
 90
4
 70
1
 10
562.5
 20
1050.0
 10
777.5
 20
1050.0
 10
777.5
 20
1115.0
 10
562.5
 20
1115.0
  0
LWPOLYLINE
  5
FD
330
17
100
AcDbEntity
  8
P1_T01_WHOLE
100
AcDbPolyline
 90
4
 70
1
 10
787.5
 20
1050.0
 10
1002.5
 20
1050.0
 10
1002.5
 20
1115.0
 10
787.5
 20
1115.0
  0
LWPOLYLINE
  5
FE
330
17
100
AcDbEntity
  8
P1_T01_WHOLE
100
AcDbPolyline
 90
4
 70
1
 10
1012.5
 20
1050.0
 10
1227.5
 20
1050.0
 10
1227.5
 20
1115.0
 10
1012.5
 20
1115.0
  0
LWPOLYLINE
  5
FF
330
17
100
AcDbEntity
  8
P1_T01_WHOLE
100
AcDbPolyline
 90
4
 70
1
 10
1237.5
 20
1050.0
 10
1452.5
 20
1050.0
 10
1452.5
 20
1115.0
 10
1237.5
 20
1115.0
  0
LWPOLYLINE
  5
100
330
17
100
AcDbEntity
  8
P1_T02_STD
100
AcDbPolyline
 90
4
 70
1
 10
1462.5
 20
1050.0
 10
1565.0
 20
1050.0
 10
1565.0
 20
1115.0
 10
1462.5
 20
1115.0
  0
LWPOLYLINE
  5
101
330
17
100
AcDbEntity
  8
P1_T01_WHOLE
100
AcDbPolyline
 90
4
 70
1
 10
0.0
 20
1125.0
 10
215.0
 20
1125.0
 10
215.0
 20
1190.0
 10
0.0
 20
1190.0
  0
LWPOLYLINE
  5
102
330
17
100
AcDbEntity
  8
P1_T01_WHOLE
100
AcDbPolyline
 90
4
 70
1
 10
225.0
 20
1125.0
 10
440.0
 20
1125.0
 10
440.0
 20
1190.0
 10
225.0
 20
1190.0
  0
LWPOLYLINE
  5
103
330
17
100
AcDbEntity
  8
P1_T01_WHOLE
100
AcDbPolyline
 90
4
 70
1
 10
450.0
 20
1125.0
 10
665.0
 20
1125.0
 10
665.0
 20
1190.0
 10
450.0
 20
1190.0
  0
LWPOLYLINE
  5
104
330
17
100
AcDbEntity
  8
P1_T01_WHOLE
100
AcDbPolyline
 90
4
 70
1
 10
675.0
 20
1125.0
 10
890.0
 20
1125.0
 10
890.0
 20
1190.0
 10
675.0
 20
1190.0
  0
LWPOLYLINE
  5
105
330
17
100
AcDbEntity
  8
P1_T01_WHOLE
100
AcDbPolyline
 90
4
 70
1
 10
900.0
 20
1125.0
 10
1115.0
 20
1125.0
 10
1115.0
 20
1190.0
 10
900.0
 20
1190.0
  0
LWPOLYLINE
  5
106
330
17
100
AcDbEntity
  8
P1_T01_WHOLE
100
AcDbPolyline
 90
4
 70
1
 10
1125.0
 20
1125.0
 10
1340.0
 20
1125.0
 10
1340.0
 20
1190.0
 10
1125.0
 20
1190.0
  0
LWPOLYLINE
  5
107
330
17
100
AcDbEntity
  8
P1_T01_WHOLE
100
AcDbPolyline
 90
4
 70
1
 10
1350.0
 20
1125.0
 10
1565.0
 20
1125.0
 10
1565.0
 20
1190.0
 10
1350.0
 20
1190.0
  0
LWPOLYLINE
  5
108
330
17
100
AcDbEntity
  8
P1_T02_STD
100
AcDbPolyline
 90
4
 70
1
 10
0.0
 20
1200.0
 10
102.5
 20
1200.0
 10
102.5
 20
1265.0
 10
0.0
 20
1265.0
  0
LWPOLYLINE
  5
109
330
17
100
AcDbEntity
  8
P1_T01_WHOLE
100
AcDbPolyline
 90
4
 70
1
 10
112.5
 20
1200.0
 10
327.5
 20
1200.0
 10
327.5
 20
1265.0
 10
112.5
 20
1265.0
  0
LWPOLYLINE
  5
10A
330
17
100
AcDbEntity
  8
P1_T01_WHOLE
100
AcDbPolyline
 90
4
 70
1
 10
337.5
 20
1200.0
 10
552.5
 20
1200.0
 10
552.5
 20
1265.0
 10
337.5
 20
1265.0
  0
LWPOLYLINE
  5
10B
330
17
100
AcDbEntity
  8
P1_T01_WHOLE
100
AcDbPolyline
 90
4
 70
1
 10
562.5
 20
1200.0
 10
777.5
 20
1200.0
 10
777.5
 20
1265.0
 10
562.5
 20
1265.0
  0
LWPOLYLINE
  5
10C
330
17
100
AcDbEntity
  8
P1_T01_WHOLE
100
AcDbPolyline
 90
4
 70
1
 10
787.5
 20
1200.0
 10
1002.5
 20
1200.0
 10
1002.5
 20
1265.0
 10
787.5
 20
1265.0
  0
LWPOLYLINE
  5
10D
330
17
100
AcDbEntity
  8
P1_T01_WHOLE
100
AcDbPolyline
 90
4
 70
1
 10
1012.5
 20
1200.0
 10
1227.5
 20
1200.0
 10
1227.5
 20
1265.0
 10
1012.5
 20
1265.0
  0
LWPOLYLINE
  5
10E
330
17
100
AcDbEntity
  8
P1_T01_WHOLE
100
AcDbPolyline
 90
4
 70
1
 10
1237.5
 20
1200.0
 10
1452.5
 20
1200.0
 10
1452.5
 20
1265.0
 10
1237.5
 20
1265.0
  0
LWPOLYLINE
  5
10F
330
17
100
AcDbEntity
  8
P1_T02_STD
100
AcDbPolyline
 90
4
 70
1
 10
1462.5
 20
1200.0
 10
1565.0
 20
1200.0
 10
1565.0
 20
1265.0
 10
1462.5
 20
1265.0
  0
LWPOLYLINE
  5
110
330
17
100
AcDbEntity
  8
P1_T01_WHOLE
100
AcDbPolyline
 90
4
 70
1
 10
0.0
 20
1275.0
 10
215.0
 20
1275.0
 10
215.0
 20
1340.0
 10
0.0
 20
1340.0
  0
LWPOLYLINE
  5
111
330
17
100
AcDbEntity
  8
P1_T01_WHOLE
100
AcDbPolyline
 90
4
 70
1
 10
225.0
 20
1275.0
 10
440.0
 20
1275.0
 10
440.0
 20
1340.0
 10
225.0
 20
1340.0
  0
LWPOLYLINE
  5
112
330
17
100
AcDbEntity
  8
P1_T01_WHOLE
100
AcDbPolyline
 90
4
 70
1
 10
450.0
 20
1275.0
 10
665.0
 20
1275.0
 10
665.0
 20
1340.0
 10
450.0
 20
1340.0
  0
LWPOLYLINE
  5
113
330
17
100
AcDbEntity
  8
P1_T01_WHOLE
100
AcDbPolyline
 90
4
 70
1
 10
675.0
 20
1275.0
 10
890.0
 20
1275.0
 10
890.0
 20
1340.0
 10
675.0
 20
1340.0
  0
LWPOLYLINE
  5
114
330
17
100
AcDbEntity
  8
P1_T01_WHOLE
100
AcDbPolyline
 90
4
 70
1
 10
900.0
 20
1275.0
 10
1115.0
 20
1275.0
 10
1115.0
 20
1340.0
 10
900.0
 20
1340.0
  0
LWPOLYLINE
  5
115
330
17
100
AcDbEntity
  8
P1_T01_WHOLE
100
AcDbPolyline
 90
4
 70
1
 10
1125.0
 20
1275.0
 10
1340.0
 20
1275.0
 10
1340.0
 20
1340.0
 10
1125.0
 20
1340.0
  0
LWPOLYLINE
  5
116
330
17
100
AcDbEntity
  8
P1_T01_WHOLE
100
AcDbPolyline
 90
4
 70
1
 10
1350.0
 20
1275.0
 10
1565.0
 20
1275.0
 10
1565.0
 20
1340.0
 10
1350.0
 20
1340.0
  0
LWPOLYLINE
  5
117
330
17
100
AcDbEntity
  8
P1_T02_STD
100
AcDbPolyline
 90
4
 70
1
 10
0.0
 20
1350.0
 10
102.5
 20
1350.0
 10
102.5
 20
1415.0
 10
0.0
 20
1415.0
  0
LWPOLYLINE
  5
118
330
17
100
AcDbEntity
  8
P1_T01_WHOLE
100
AcDbPolyline
 90
4
 70
1
 10
112.5
 20
1350.0
 10
327.5
 20
1350.0
 10
327.5
 20
1415.0
 10
112.5
 20
1415.0
  0
LWPOLYLINE
  5
119
330
17
100
AcDbEntity
  8
P1_T01_WHOLE
100
AcDbPolyline
 90
4
 70
1
 10
337.5
 20
1350.0
 10
552.5
 20
1350.0
 10
552.5
 20
1415.0
 10
337.5
 20
1415.0
  0
LWPOLYLINE
  5
11A
330
17
100
AcDbEntity
  8
P1_T01_WHOLE
100
AcDbPolyline
 90
4
 70
1
 10
562.5
 20
1350.0
 10
777.5
 20
1350.0
 10
777.5
 20
1415.0
 10
562.5
 20
1415.0
  0
LWPOLYLINE
  5
11B
330
17
100
AcDbEntity
  8
P1_T01_WHOLE
100
AcDbPolyline
 90
4
 70
1
 10
787.5
 20
1350.0
 10
1002.5
 20
1350.0
 10
1002.5
 20
1415.0
 10
787.5
 20
1415.0
  0
LWPOLYLINE
  5
11C
330
17
100
AcDbEntity
  8
P1_T01_WHOLE
100
AcDbPolyline
 90
4
 70
1
 10
1012.5
 20
1350.0
 10
1227.5
 20
1350.0
 10
1227.5
 20
1415.0
 10
1012.5
 20
1415.0
  0
LWPOLYLINE
  5
11D
330
17
100
AcDbEntity
  8
P1_T01_WHOLE
100
AcDbPolyline
 90
4
 70
1
 10
1237.5
 20
1350.0
 10
1452.5
 20
1350.0
 10
1452.5
 20
1415.0
 10
1237.5
 20
1415.0
  0
LWPOLYLINE
  5
11E
330
17
100
AcDbEntity
  8
P1_T02_STD
100
AcDbPolyline
 90
4
 70
1
 10
1462.5
 20
1350.0
 10
1565.0
 20
1350.0
 10
1565.0
 20
1415.0
 10
1462.5
 20
1415.0
  0
LWPOLYLINE
  5
11F
330
17
100
AcDbEntity
  8
P1_T01_WHOLE
100
AcDbPolyline
 90
4
 70
1
 10
0.0
 20
1425.0
 10
215.0
 20
1425.0
 10
215.0
 20
1490.0
 10
0.0
 20
1490.0
  0
LWPOLYLINE
  5
120
330
17
100
AcDbEntity
  8
P1_T01_WHOLE
100
AcDbPolyline
 90
4
 70
1
 10
225.0
 20
1425.0
 10
440.0
 20
1425.0
 10
440.0
 20
1490.0
 10
225.0
 20
1490.0
  0
LWPOLYLINE
  5
121
330
17
100
AcDbEntity
  8
P1_T01_WHOLE
100
AcDbPolyline
 90
4
 70
1
 10
450.0
 20
1425.0
 10
665.0
 20
1425.0
 10
665.0
 20
1490.0
 10
450.0
 20
1490.0
  0
LWPOLYLINE
  5
122
330
17
100
AcDbEntity
  8
P1_T01_WHOLE
100
AcDbPolyline
 90
4
 70
1
 10
675.0
 20
1425.0
 10
890.0
 20
1425.0
 10
890.0
 20
1490.0
 10
675.0
 20
1490.0
  0
LWPOLYLINE
  5
123
330
17
100
AcDbEntity
  8
P1_T01_WHOLE
100
AcDbPolyline
 90
4
 70
1
 10
900.0
 20
1425.0
 10
1115.0
 20
1425.0
 10
1115.0
 20
1490.0
 10
900.0
 20
1490.0
  0
LWPOLYLINE
  5
124
330
17
100
AcDbEntity
  8
P1_T01_WHOLE
100
AcDbPolyline
 90
4
 70
1
 10
1125.0
 20
1425.0
 10
1340.0
 20
1425.0
 10
1340.0
 20
1490.0
 10
1125.0
 20
1490.0
  0
LWPOLYLINE
  5
125
330
17
100
AcDbEntity
  8
P1_T01_WHOLE
100
AcDbPolyline
 90
4
 70
1
 10
1350.0
 20
1425.0
 10
1565.0
 20
1425.0
 10
1565.0
 20
1490.0
 10
1350.0
 20
1490.0
  0
DIMENSION
  5
126
330
17
100
AcDbEntity
  8
DIM
100
AcDbDimension
280
0
  2
*D1
  3
MM
 10
0.0
 20
1730.0
 30
0.0
 11
782.5
 21
1760.0
 31
0.0
 70
32
 71
5
  1
<>
100
AcDbAlignedDimension
 13
0.0
 23
1490.0
 33
0.0
 14
1565.0
 24
1490.0
 34
0.0
 50
0.0
100
AcDbRotatedDimension
  0
DIMENSION
  5
135
330
17
100
AcDbEntity
  8
DIM
100
AcDbDimension
280
0
  2
*D2
  3
MM
 10
1805.0
 20
0.0
 30
0.0
 11
1775.0
 21
745.0
 31
0.0
 70
32
 71
5
  1
<>
100
AcDbAlignedDimension
 13
1565.0
 23
0.0
 33
0.0
 14
1565.0
 24
1490.0
 34
0.0
 50
90.0
100
AcDbRotatedDimension
  0
TEXT
  5
144
330
17
100
AcDbEntity
  8
TXT
100
AcDbText
 10
0.0
 20
2390.0
 30
0.0
 40
64.0
  1
1   顺砖错缝，底部一道立砖   Stretcher bond, one soldier course at the base
  7
CN
 11
0.0
 21
2390.0
 31
0.0
100
AcDbText
  0
TEXT
  5
145
330
17
100
AcDbEntity
  8
TXT
100
AcDbText
 10
0.0
 20
2260.0
 30
0.0
 40
40.0
  1
墙面 Wall / 细面 Sleek
  7
CN
 11
0.0
 21
2260.0
 31
0.0
100
AcDbText
  0
TEXT
  5
146
330
17
100
AcDbEntity
  8
TXT
100
AcDbText
 10
0.0
 20
2190.0
 30
0.0
 40
40.0
  1
板面 board 1565 x 1490 mm     灰缝 joint 10 mm     砖片 slip 215 x 65 x 20
  7
CN
 11
0.0
 21
2190.0
 31
0.0
100
AcDbText
  0
TEXT
  5
147
330
17
100
AcDbEntity
  8
TXT
100
AcDbText
 10
0.0
 20
2120.0
 30
0.0
 40
40.0
  1
共 148 片 pieces:  整砖 132 whole,  标准件 16 standard,  切割件 0 cut
  7
CN
 11
0.0
 21
2120.0
 31
0.0
100
AcDbText
  0
TEXT
  5
148
330
17
100
AcDbEntity
  8
TXT
100
AcDbText
 10
0.0
 20
2050.0
 30
0.0
 40
40.0
  1
砖型 2 种 brick types,  其中 0 种需切割 need cutting
  7
CN
 11
0.0
 21
2050.0
 31
0.0
100
AcDbText
  0
TEXT
  5
149
330
17
100
AcDbEntity
  8
TXT
100
AcDbText
 10
2185.0
 20
1490.0
 30
0.0
 40
42.0
  1
编号
  7
CN
 11
2185.0
 21
1490.0
 31
0.0
100
AcDbText
  0
TEXT
  5
14A
330
17
100
AcDbEntity
  8
TXT
100
AcDbText
 10
2405.0
 20
1490.0
 30
0.0
 40
42.0
  1
数量
  7
CN
 11
2405.0
 21
1490.0
 31
0.0
100
AcDbText
  0
TEXT
  5
14B
330
17
100
AcDbEntity
  8
TXT
100
AcDbText
 10
2615.0
 20
1490.0
 30
0.0
 40
42.0
  1
说明  DESCRIPTION
  7
CN
 11
2615.0
 21
1490.0
 31
0.0
100
AcDbText
  0
LINE
  5
14C
330
17
100
AcDbEntity
  8
TXT
100
AcDbLine
 10
2025.0
 20
1456.0
 30
0.0
 11
4425.7
 21
1456.0
 31
0.0
  0
LWPOLYLINE
  5
14D
330
17
100
AcDbEntity
  8
P1_T01_WHOLE
100
AcDbPolyline
 90
4
 70
1
 10
2035.0
 20
1350.0
 10
2145.0
 20
1350.0
 10
2145.0
 20
1412.0
 10
2035.0
 20
1412.0
  0
TEXT
  5
14E
330
17
100
AcDbEntity
  8
TXT
100
AcDbText
 10
2185.0
 20
1350.0
 30
0.0
 40
38.0
  1
T01
  7
CN
 11
2185.0
 21
1350.0
 31
0.0
100
AcDbText
  0
TEXT
  5
14F
330
17
100
AcDbEntity
  8
TXT
100
AcDbText
 10
2405.0
 20
1350.0
 30
0.0
 40
38.0
  1
132
  7
CN
 11
2405.0
 21
1350.0
 31
0.0
100
AcDbText
  0
TEXT
  5
150
330
17
100
AcDbEntity
  8
TXT
100
AcDbText
 10
2615.0
 20
1350.0
 30
0.0
 40
38.0
  1
整砖片 whole slip  215 x 65
  7
CN
 11
2615.0
 21
1350.0
 31
0.0
100
AcDbText
  0
LWPOLYLINE
  5
151
330
17
100
AcDbEntity
  8
P1_T02_STD
100
AcDbPolyline
 90
4
 70
1
 10
2035.0
 20
1255.0
 10
2145.0
 20
1255.0
 10
2145.0
 20
1317.0
 10
2035.0
 20
1317.0
  0
TEXT
  5
152
330
17
100
AcDbEntity
  8
TXT
100
AcDbText
 10
2185.0
 20
1255.0
 30
0.0
 40
38.0
  1
T02
  7
CN
 11
2185.0
 21
1255.0
 31
0.0
100
AcDbText
  0
TEXT
  5
153
330
17
100
AcDbEntity
  8
TXT
100
AcDbText
 10
2405.0
 20
1255.0
 30
0.0
 40
38.0
  1
16
  7
CN
 11
2405.0
 21
1255.0
 31
0.0
100
AcDbText
  0
TEXT
  5
154
330
17
100
AcDbEntity
  8
TXT
100
AcDbText
 10
2615.0
 20
1255.0
 30
0.0
 40
38.0
  1
标准件 standard  102.5 x 65
  7
CN
 11
2615.0
 21
1255.0
 31
0.0
100
AcDbText
  0
LWPOLYLINE
  5
155
330
17
100
AcDbEntity
  8
PANEL
370
50
100
AcDbPolyline
 90
4
 70
1
 10
5333.2
 20
0.0
 10
6785.7
 20
0.0
 10
6785.7
 20
1490.0
 10
5333.2
 20
1490.0
  0
LWPOLYLINE
  5
158
330
17
100
AcDbEntity
  8
P2_T01_WHOLE
100
AcDbPolyline
 90
4
 70
1
 10
5333.2
 20
0.0
 10
5548.2
 20
0.0
 10
5548.2
 20
65.0
 10
5333.2
 20
65.0
  0
LWPOLYLINE
  5
159
330
17
100
AcDbEntity
  8
P2_T01_WHOLE
100
AcDbPolyline
 90
4
 70
1
 10
5558.2
 20
0.0
 10
5773.2
 20
0.0
 10
5773.2
 20
65.0
 10
5558.2
 20
65.0
  0
LWPOLYLINE
  5
15A
330
17
100
AcDbEntity
  8
P2_T01_WHOLE
100
AcDbPolyline
 90
4
 70
1
 10
5783.2
 20
0.0
 10
5998.2
 20
0.0
 10
5998.2
 20
65.0
 10
5783.2
 20
65.0
  0
LWPOLYLINE
  5
15B
330
17
100
AcDbEntity
  8
P2_T01_WHOLE
100
AcDbPolyline
 90
4
 70
1
 10
6008.2
 20
0.0
 10
6223.2
 20
0.0
 10
6223.2
 20
65.0
 10
6008.2
 20
65.0
  0
LWPOLYLINE
  5
15C
330
17
100
AcDbEntity
  8
P2_T01_WHOLE
100
AcDbPolyline
 90
4
 70
1
 10
6233.2
 20
0.0
 10
6448.2
 20
0.0
 10
6448.2
 20
65.0
 10
6233.2
 20
65.0
  0
LWPOLYLINE
  5
15D
330
17
100
AcDbEntity
  8
P2_T01_WHOLE
100
AcDbPolyline
 90
4
 70
1
 10
6458.2
 20
0.0
 10
6673.2
 20
0.0
 10
6673.2
 20
65.0
 10
6458.2
 20
65.0
  0
LWPOLYLINE
  5
15E
330
17
100
AcDbEntity
  8
P2_T02_STD
100
AcDbPolyline
 90
4
 70
1
 10
6683.2
 20
0.0
 10
6785.7
 20
0.0
 10
6785.7
 20
65.0
 10
6683.2
 20
65.0
  0
LWPOLYLINE
  5
15F
330
17
100
AcDbEntity
  8
P2_T02_STD
100
AcDbPolyline
 90
4
 70
1
 10
5333.2
 20
75.0
 10
5435.7
 20
75.0
 10
5435.7
 20
140.0
 10
5333.2
 20
140.0
  0
LWPOLYLINE
  5
160
330
17
100
AcDbEntity
  8
P2_T01_WHOLE
100
AcDbPolyline
 90
4
 70
1
 10
5445.7
 20
75.0
 10
5660.7
 20
75.0
 10
5660.7
 20
140.0
 10
5445.7
 20
140.0
  0
LWPOLYLINE
  5
161
330
17
100
AcDbEntity
  8
P2_T01_WHOLE
100
AcDbPolyline
 90
4
 70
1
 10
5670.7
 20
75.0
 10
5885.7
 20
75.0
 10
5885.7
 20
140.0
 10
5670.7
 20
140.0
  0
LWPOLYLINE
  5
162
330
17
100
AcDbEntity
  8
P2_T01_WHOLE
100
AcDbPolyline
 90
4
 70
1
 10
5895.7
 20
75.0
 10
6110.7
 20
75.0
 10
6110.7
 20
140.0
 10
5895.7
 20
140.0
  0
LWPOLYLINE
  5
163
330
17
100
AcDbEntity
  8
P2_T01_WHOLE
100
AcDbPolyline
 90
4
 70
1
 10
6120.7
 20
75.0
 10
6335.7
 20
75.0
 10
6335.7
 20
140.0
 10
6120.7
 20
140.0
  0
LWPOLYLINE
  5
164
330
17
100
AcDbEntity
  8
P2_T01_WHOLE
100
AcDbPolyline
 90
4
 70
1
 10
6345.7
 20
75.0
 10
6560.7
 20
75.0
 10
6560.7
 20
140.0
 10
6345.7
 20
140.0
  0
LWPOLYLINE
  5
165
330
17
100
AcDbEntity
  8
P2_T01_WHOLE
100
AcDbPolyline
 90
4
 70
1
 10
6570.7
 20
75.0
 10
6785.7
 20
75.0
 10
6785.7
 20
140.0
 10
6570.7
 20
140.0
  0
LWPOLYLINE
  5
166
330
17
100
AcDbEntity
  8
P2_T01_WHOLE
100
AcDbPolyline
 90
4
 70
1
 10
5333.2
 20
150.0
 10
5548.2
 20
150.0
 10
5548.2
 20
215.0
 10
5333.2
 20
215.0
  0
LWPOLYLINE
  5
167
330
17
100
AcDbEntity
  8
P2_T01_WHOLE
100
AcDbPolyline
 90
4
 70
1
 10
5558.2
 20
150.0
 10
5773.2
 20
150.0
 10
5773.2
 20
215.0
 10
5558.2
 20
215.0
  0
LWPOLYLINE
  5
168
330
17
100
AcDbEntity
  8
P2_T01_WHOLE
100
AcDbPolyline
 90
4
 70
1
 10
5783.2
 20
150.0
 10
5998.2
 20
150.0
 10
5998.2
 20
215.0
 10
5783.2
 20
215.0
  0
LWPOLYLINE
  5
169
330
17
100
AcDbEntity
  8
P2_T01_WHOLE
100
AcDbPolyline
 90
4
 70
1
 10
6008.2
 20
150.0
 10
6223.2
 20
150.0
 10
6223.2
 20
215.0
 10
6008.2
 20
215.0
  0
LWPOLYLINE
  5
16A
330
17
100
AcDbEntity
  8
P2_T01_WHOLE
100
AcDbPolyline
 90
4
 70
1
 10
6233.2
 20
150.0
 10
6448.2
 20
150.0
 10
6448.2
 20
215.0
 10
6233.2
 20
215.0
  0
LWPOLYLINE
  5
16B
330
17
100
AcDbEntity
  8
P2_T01_WHOLE
100
AcDbPolyline
 90
4
 70
1
 10
6458.2
 20
150.0
 10
6673.2
 20
150.0
 10
6673.2
 20
215.0
 10
6458.2
 20
215.0
  0
LWPOLYLINE
  5
16C
330
17
100
AcDbEntity
  8
P2_T02_STD
100
AcDbPolyline
 90
4
 70
1
 10
6683.2
 20
150.0
 10
6785.7
 20
150.0
 10
6785.7
 20
215.0
 10
6683.2
 20
215.0
  0
LWPOLYLINE
  5
16D
330
17
100
AcDbEntity
  8
P2_T02_STD
100
AcDbPolyline
 90
4
 70
1
 10
5333.2
 20
225.0
 10
5435.7
 20
225.0
 10
5435.7
 20
290.0
 10
5333.2
 20
290.0
  0
LWPOLYLINE
  5
16E
330
17
100
AcDbEntity
  8
P2_T01_WHOLE
100
AcDbPolyline
 90
4
 70
1
 10
5445.7
 20
225.0
 10
5660.7
 20
225.0
 10
5660.7
 20
290.0
 10
5445.7
 20
290.0
  0
LWPOLYLINE
  5
16F
330
17
100
AcDbEntity
  8
P2_T01_WHOLE
100
AcDbPolyline
 90
4
 70
1
 10
5670.7
 20
225.0
 10
5885.7
 20
225.0
 10
5885.7
 20
290.0
 10
5670.7
 20
290.0
  0
LWPOLYLINE
  5
170
330
17
100
AcDbEntity
  8
P2_T01_WHOLE
100
AcDbPolyline
 90
4
 70
1
 10
5895.7
 20
225.0
 10
6110.7
 20
225.0
 10
6110.7
 20
290.0
 10
5895.7
 20
290.0
  0
LWPOLYLINE
  5
171
330
17
100
AcDbEntity
  8
P2_T01_WHOLE
100
AcDbPolyline
 90
4
 70
1
 10
6120.7
 20
225.0
 10
6335.7
 20
225.0
 10
6335.7
 20
290.0
 10
6120.7
 20
290.0
  0
LWPOLYLINE
  5
172
330
17
100
AcDbEntity
  8
P2_T01_WHOLE
100
AcDbPolyline
 90
4
 70
1
 10
6345.7
 20
225.0
 10
6560.7
 20
225.0
 10
6560.7
 20
290.0
 10
6345.7
 20
290.0
  0
LWPOLYLINE
  5
173
330
17
100
AcDbEntity
  8
P2_T01_WHOLE
100
AcDbPolyline
 90
4
 70
1
 10
6570.7
 20
225.0
 10
6785.7
 20
225.0
 10
6785.7
 20
290.0
 10
6570.7
 20
290.0
  0
LWPOLYLINE
  5
174
330
17
100
AcDbEntity
  8
P2_T01_WHOLE
100
AcDbPolyline
 90
4
 70
1
 10
5333.2
 20
300.0
 10
5548.2
 20
300.0
 10
5548.2
 20
365.0
 10
5333.2
 20
365.0
  0
LWPOLYLINE
  5
175
330
17
100
AcDbEntity
  8
P2_T01_WHOLE
100
AcDbPolyline
 90
4
 70
1
 10
5558.2
 20
300.0
 10
5773.2
 20
300.0
 10
5773.2
 20
365.0
 10
5558.2
 20
365.0
  0
LWPOLYLINE
  5
176
330
17
100
AcDbEntity
  8
P2_T01_WHOLE
100
AcDbPolyline
 90
4
 70
1
 10
5783.2
 20
300.0
 10
5998.2
 20
300.0
 10
5998.2
 20
365.0
 10
5783.2
 20
365.0
  0
LWPOLYLINE
  5
177
330
17
100
AcDbEntity
  8
P2_T01_WHOLE
100
AcDbPolyline
 90
4
 70
1
 10
6008.2
 20
300.0
 10
6223.2
 20
300.0
 10
6223.2
 20
365.0
 10
6008.2
 20
365.0
  0
LWPOLYLINE
  5
178
330
17
100
AcDbEntity
  8
P2_T01_WHOLE
100
AcDbPolyline
 90
4
 70
1
 10
6233.2
 20
300.0
 10
6448.2
 20
300.0
 10
6448.2
 20
365.0
 10
6233.2
 20
365.0
  0
LWPOLYLINE
  5
179
330
17
100
AcDbEntity
  8
P2_T01_WHOLE
100
AcDbPolyline
 90
4
 70
1
 10
6458.2
 20
300.0
 10
6673.2
 20
300.0
 10
6673.2
 20
365.0
 10
6458.2
 20
365.0
  0
LWPOLYLINE
  5
17A
330
17
100
AcDbEntity
  8
P2_T02_STD
100
AcDbPolyline
 90
4
 70
1
 10
6683.2
 20
300.0
 10
6785.7
 20
300.0
 10
6785.7
 20
365.0
 10
6683.2
 20
365.0
  0
LWPOLYLINE
  5
17B
330
17
100
AcDbEntity
  8
P2_T02_STD
100
AcDbPolyline
 90
4
 70
1
 10
5333.2
 20
375.0
 10
5435.7
 20
375.0
 10
5435.7
 20
440.0
 10
5333.2
 20
440.0
  0
LWPOLYLINE
  5
17C
330
17
100
AcDbEntity
  8
P2_T01_WHOLE
100
AcDbPolyline
 90
4
 70
1
 10
5445.7
 20
375.0
 10
5660.7
 20
375.0
 10
5660.7
 20
440.0
 10
5445.7
 20
440.0
  0
LWPOLYLINE
  5
17D
330
17
100
AcDbEntity
  8
P2_T01_WHOLE
100
AcDbPolyline
 90
4
 70
1
 10
5670.7
 20
375.0
 10
5885.7
 20
375.0
 10
5885.7
 20
440.0
 10
5670.7
 20
440.0
  0
LWPOLYLINE
  5
17E
330
17
100
AcDbEntity
  8
P2_T01_WHOLE
100
AcDbPolyline
 90
4
 70
1
 10
5895.7
 20
375.0
 10
6110.7
 20
375.0
 10
6110.7
 20
440.0
 10
5895.7
 20
440.0
  0
LWPOLYLINE
  5
17F
330
17
100
AcDbEntity
  8
P2_T01_WHOLE
100
AcDbPolyline
 90
4
 70
1
 10
6120.7
 20
375.0
 10
6335.7
 20
375.0
 10
6335.7
 20
440.0
 10
6120.7
 20
440.0
  0
LWPOLYLINE
  5
180
330
17
100
AcDbEntity
  8
P2_T01_WHOLE
100
AcDbPolyline
 90
4
 70
1
 10
6345.7
 20
375.0
 10
6560.7
 20
375.0
 10
6560.7
 20
440.0
 10
6345.7
 20
440.0
  0
LWPOLYLINE
  5
181
330
17
100
AcDbEntity
  8
P2_T01_WHOLE
100
AcDbPolyline
 90
4
 70
1
 10
6570.7
 20
375.0
 10
6785.7
 20
375.0
 10
6785.7
 20
440.0
 10
6570.7
 20
440.0
  0
LWPOLYLINE
  5
182
330
17
100
AcDbEntity
  8
P2_T01_WHOLE
100
AcDbPolyline
 90
4
 70
1
 10
5333.2
 20
450.0
 10
5548.2
 20
450.0
 10
5548.2
 20
515.0
 10
5333.2
 20
515.0
  0
LWPOLYLINE
  5
183
330
17
100
AcDbEntity
  8
P2_T01_WHOLE
100
AcDbPolyline
 90
4
 70
1
 10
5558.2
 20
450.0
 10
5773.2
 20
450.0
 10
5773.2
 20
515.0
 10
5558.2
 20
515.0
  0
LWPOLYLINE
  5
184
330
17
100
AcDbEntity
  8
P2_T01_WHOLE
100
AcDbPolyline
 90
4
 70
1
 10
5783.2
 20
450.0
 10
5998.2
 20
450.0
 10
5998.2
 20
515.0
 10
5783.2
 20
515.0
  0
LWPOLYLINE
  5
185
330
17
100
AcDbEntity
  8
P2_T01_WHOLE
100
AcDbPolyline
 90
4
 70
1
 10
6008.2
 20
450.0
 10
6223.2
 20
450.0
 10
6223.2
 20
515.0
 10
6008.2
 20
515.0
  0
LWPOLYLINE
  5
186
330
17
100
AcDbEntity
  8
P2_T01_WHOLE
100
AcDbPolyline
 90
4
 70
1
 10
6233.2
 20
450.0
 10
6448.2
 20
450.0
 10
6448.2
 20
515.0
 10
6233.2
 20
515.0
  0
LWPOLYLINE
  5
187
330
17
100
AcDbEntity
  8
P2_T01_WHOLE
100
AcDbPolyline
 90
4
 70
1
 10
6458.2
 20
450.0
 10
6673.2
 20
450.0
 10
6673.2
 20
515.0
 10
6458.2
 20
515.0
  0
LWPOLYLINE
  5
188
330
17
100
AcDbEntity
  8
P2_T02_STD
100
AcDbPolyline
 90
4
 70
1
 10
6683.2
 20
450.0
 10
6785.7
 20
450.0
 10
6785.7
 20
515.0
 10
6683.2
 20
515.0
  0
LWPOLYLINE
  5
189
330
17
100
AcDbEntity
  8
P2_T02_STD
100
AcDbPolyline
 90
4
 70
1
 10
5333.2
 20
525.0
 10
5435.7
 20
525.0
 10
5435.7
 20
590.0
 10
5333.2
 20
590.0
  0
LWPOLYLINE
  5
18A
330
17
100
AcDbEntity
  8
P2_T01_WHOLE
100
AcDbPolyline
 90
4
 70
1
 10
5445.7
 20
525.0
 10
5660.7
 20
525.0
 10
5660.7
 20
590.0
 10
5445.7
 20
590.0
  0
LWPOLYLINE
  5
18B
330
17
100
AcDbEntity
  8
P2_T01_WHOLE
100
AcDbPolyline
 90
4
 70
1
 10
5670.7
 20
525.0
 10
5885.7
 20
525.0
 10
5885.7
 20
590.0
 10
5670.7
 20
590.0
  0
LWPOLYLINE
  5
18C
330
17
100
AcDbEntity
  8
P2_T01_WHOLE
100
AcDbPolyline
 90
4
 70
1
 10
5895.7
 20
525.0
 10
6110.7
 20
525.0
 10
6110.7
 20
590.0
 10
5895.7
 20
590.0
  0
LWPOLYLINE
  5
18D
330
17
100
AcDbEntity
  8
P2_T01_WHOLE
100
AcDbPolyline
 90
4
 70
1
 10
6120.7
 20
525.0
 10
6335.7
 20
525.0
 10
6335.7
 20
590.0
 10
6120.7
 20
590.0
  0
LWPOLYLINE
  5
18E
330
17
100
AcDbEntity
  8
P2_T01_WHOLE
100
AcDbPolyline
 90
4
 70
1
 10
6345.7
 20
525.0
 10
6560.7
 20
525.0
 10
6560.7
 20
590.0
 10
6345.7
 20
590.0
  0
LWPOLYLINE
  5
18F
330
17
100
AcDbEntity
  8
P2_T01_WHOLE
100
AcDbPolyline
 90
4
 70
1
 10
6570.7
 20
525.0
 10
6785.7
 20
525.0
 10
6785.7
 20
590.0
 10
6570.7
 20
590.0
  0
LWPOLYLINE
  5
190
330
17
100
AcDbEntity
  8
P2_T01_WHOLE
100
AcDbPolyline
 90
4
 70
1
 10
5333.2
 20
600.0
 10
5548.2
 20
600.0
 10
5548.2
 20
665.0
 10
5333.2
 20
665.0
  0
LWPOLYLINE
  5
191
330
17
100
AcDbEntity
  8
P2_T01_WHOLE
100
AcDbPolyline
 90
4
 70
1
 10
5558.2
 20
600.0
 10
5773.2
 20
600.0
 10
5773.2
 20
665.0
 10
5558.2
 20
665.0
  0
LWPOLYLINE
  5
192
330
17
100
AcDbEntity
  8
P2_T01_WHOLE
100
AcDbPolyline
 90
4
 70
1
 10
5783.2
 20
600.0
 10
5998.2
 20
600.0
 10
5998.2
 20
665.0
 10
5783.2
 20
665.0
  0
LWPOLYLINE
  5
193
330
17
100
AcDbEntity
  8
P2_T01_WHOLE
100
AcDbPolyline
 90
4
 70
1
 10
6008.2
 20
600.0
 10
6223.2
 20
600.0
 10
6223.2
 20
665.0
 10
6008.2
 20
665.0
  0
LWPOLYLINE
  5
194
330
17
100
AcDbEntity
  8
P2_T01_WHOLE
100
AcDbPolyline
 90
4
 70
1
 10
6233.2
 20
600.0
 10
6448.2
 20
600.0
 10
6448.2
 20
665.0
 10
6233.2
 20
665.0
  0
LWPOLYLINE
  5
195
330
17
100
AcDbEntity
  8
P2_T01_WHOLE
100
AcDbPolyline
 90
4
 70
1
 10
6458.2
 20
600.0
 10
6673.2
 20
600.0
 10
6673.2
 20
665.0
 10
6458.2
 20
665.0
  0
LWPOLYLINE
  5
196
330
17
100
AcDbEntity
  8
P2_T02_STD
100
AcDbPolyline
 90
4
 70
1
 10
6683.2
 20
600.0
 10
6785.7
 20
600.0
 10
6785.7
 20
665.0
 10
6683.2
 20
665.0
  0
LWPOLYLINE
  5
197
330
17
100
AcDbEntity
  8
P2_T02_STD
100
AcDbPolyline
 90
4
 70
1
 10
5333.2
 20
675.0
 10
5435.7
 20
675.0
 10
5435.7
 20
740.0
 10
5333.2
 20
740.0
  0
LWPOLYLINE
  5
198
330
17
100
AcDbEntity
  8
P2_T01_WHOLE
100
AcDbPolyline
 90
4
 70
1
 10
5445.7
 20
675.0
 10
5660.7
 20
675.0
 10
5660.7
 20
740.0
 10
5445.7
 20
740.0
  0
LWPOLYLINE
  5
199
330
17
100
AcDbEntity
  8
P2_T01_WHOLE
100
AcDbPolyline
 90
4
 70
1
 10
5670.7
 20
675.0
 10
5885.7
 20
675.0
 10
5885.7
 20
740.0
 10
5670.7
 20
740.0
  0
LWPOLYLINE
  5
19A
330
17
100
AcDbEntity
  8
P2_T01_WHOLE
100
AcDbPolyline
 90
4
 70
1
 10
5895.7
 20
675.0
 10
6110.7
 20
675.0
 10
6110.7
 20
740.0
 10
5895.7
 20
740.0
  0
LWPOLYLINE
  5
19B
330
17
100
AcDbEntity
  8
P2_T01_WHOLE
100
AcDbPolyline
 90
4
 70
1
 10
6120.7
 20
675.0
 10
6335.7
 20
675.0
 10
6335.7
 20
740.0
 10
6120.7
 20
740.0
  0
LWPOLYLINE
  5
19C
330
17
100
AcDbEntity
  8
P2_T01_WHOLE
100
AcDbPolyline
 90
4
 70
1
 10
6345.7
 20
675.0
 10
6560.7
 20
675.0
 10
6560.7
 20
740.0
 10
6345.7
 20
740.0
  0
LWPOLYLINE
  5
19D
330
17
100
AcDbEntity
  8
P2_T01_WHOLE
100
AcDbPolyline
 90
4
 70
1
 10
6570.7
 20
675.0
 10
6785.7
 20
675.0
 10
6785.7
 20
740.0
 10
6570.7
 20
740.0
  0
LWPOLYLINE
  5
19E
330
17
100
AcDbEntity
  8
P2_T01_WHOLE
100
AcDbPolyline
 90
4
 70
1
 10
5333.2
 20
750.0
 10
5548.2
 20
750.0
 10
5548.2
 20
815.0
 10
5333.2
 20
815.0
  0
LWPOLYLINE
  5
19F
330
17
100
AcDbEntity
  8
P2_T01_WHOLE
100
AcDbPolyline
 90
4
 70
1
 10
5558.2
 20
750.0
 10
5773.2
 20
750.0
 10
5773.2
 20
815.0
 10
5558.2
 20
815.0
  0
LWPOLYLINE
  5
1A0
330
17
100
AcDbEntity
  8
P2_T01_WHOLE
100
AcDbPolyline
 90
4
 70
1
 10
5783.2
 20
750.0
 10
5998.2
 20
750.0
 10
5998.2
 20
815.0
 10
5783.2
 20
815.0
  0
LWPOLYLINE
  5
1A1
330
17
100
AcDbEntity
  8
P2_T01_WHOLE
100
AcDbPolyline
 90
4
 70
1
 10
6008.2
 20
750.0
 10
6223.2
 20
750.0
 10
6223.2
 20
815.0
 10
6008.2
 20
815.0
  0
LWPOLYLINE
  5
1A2
330
17
100
AcDbEntity
  8
P2_T01_WHOLE
100
AcDbPolyline
 90
4
 70
1
 10
6233.2
 20
750.0
 10
6448.2
 20
750.0
 10
6448.2
 20
815.0
 10
6233.2
 20
815.0
  0
LWPOLYLINE
  5
1A3
330
17
100
AcDbEntity
  8
P2_T01_WHOLE
100
AcDbPolyline
 90
4
 70
1
 10
6458.2
 20
750.0
 10
6673.2
 20
750.0
 10
6673.2
 20
815.0
 10
6458.2
 20
815.0
  0
LWPOLYLINE
  5
1A4
330
17
100
AcDbEntity
  8
P2_T02_STD
100
AcDbPolyline
 90
4
 70
1
 10
6683.2
 20
750.0
 10
6785.7
 20
750.0
 10
6785.7
 20
815.0
 10
6683.2
 20
815.0
  0
LWPOLYLINE
  5
1A5
330
17
100
AcDbEntity
  8
P2_T02_STD
100
AcDbPolyline
 90
4
 70
1
 10
5333.2
 20
825.0
 10
5435.7
 20
825.0
 10
5435.7
 20
890.0
 10
5333.2
 20
890.0
  0
LWPOLYLINE
  5
1A6
330
17
100
AcDbEntity
  8
P2_T01_WHOLE
100
AcDbPolyline
 90
4
 70
1
 10
5445.7
 20
825.0
 10
5660.7
 20
825.0
 10
5660.7
 20
890.0
 10
5445.7
 20
890.0
  0
LWPOLYLINE
  5
1A7
330
17
100
AcDbEntity
  8
P2_T01_WHOLE
100
AcDbPolyline
 90
4
 70
1
 10
5670.7
 20
825.0
 10
5885.7
 20
825.0
 10
5885.7
 20
890.0
 10
5670.7
 20
890.0
  0
LWPOLYLINE
  5
1A8
330
17
100
AcDbEntity
  8
P2_T01_WHOLE
100
AcDbPolyline
 90
4
 70
1
 10
5895.7
 20
825.0
 10
6110.7
 20
825.0
 10
6110.7
 20
890.0
 10
5895.7
 20
890.0
  0
LWPOLYLINE
  5
1A9
330
17
100
AcDbEntity
  8
P2_T01_WHOLE
100
AcDbPolyline
 90
4
 70
1
 10
6120.7
 20
825.0
 10
6335.7
 20
825.0
 10
6335.7
 20
890.0
 10
6120.7
 20
890.0
  0
LWPOLYLINE
  5
1AA
330
17
100
AcDbEntity
  8
P2_T01_WHOLE
100
AcDbPolyline
 90
4
 70
1
 10
6345.7
 20
825.0
 10
6560.7
 20
825.0
 10
6560.7
 20
890.0
 10
6345.7
 20
890.0
  0
LWPOLYLINE
  5
1AB
330
17
100
AcDbEntity
  8
P2_T01_WHOLE
100
AcDbPolyline
 90
4
 70
1
 10
6570.7
 20
825.0
 10
6785.7
 20
825.0
 10
6785.7
 20
890.0
 10
6570.7
 20
890.0
  0
LWPOLYLINE
  5
1AC
330
17
100
AcDbEntity
  8
P2_T01_WHOLE
100
AcDbPolyline
 90
4
 70
1
 10
5333.2
 20
900.0
 10
5548.2
 20
900.0
 10
5548.2
 20
965.0
 10
5333.2
 20
965.0
  0
LWPOLYLINE
  5
1AD
330
17
100
AcDbEntity
  8
P2_T01_WHOLE
100
AcDbPolyline
 90
4
 70
1
 10
5558.2
 20
900.0
 10
5773.2
 20
900.0
 10
5773.2
 20
965.0
 10
5558.2
 20
965.0
  0
LWPOLYLINE
  5
1AE
330
17
100
AcDbEntity
  8
P2_T01_WHOLE
100
AcDbPolyline
 90
4
 70
1
 10
5783.2
 20
900.0
 10
5998.2
 20
900.0
 10
5998.2
 20
965.0
 10
5783.2
 20
965.0
  0
LWPOLYLINE
  5
1AF
330
17
100
AcDbEntity
  8
P2_T01_WHOLE
100
AcDbPolyline
 90
4
 70
1
 10
6008.2
 20
900.0
 10
6223.2
 20
900.0
 10
6223.2
 20
965.0
 10
6008.2
 20
965.0
  0
LWPOLYLINE
  5
1B0
330
17
100
AcDbEntity
  8
P2_T01_WHOLE
100
AcDbPolyline
 90
4
 70
1
 10
6233.2
 20
900.0
 10
6448.2
 20
900.0
 10
6448.2
 20
965.0
 10
6233.2
 20
965.0
  0
LWPOLYLINE
  5
1B1
330
17
100
AcDbEntity
  8
P2_T01_WHOLE
100
AcDbPolyline
 90
4
 70
1
 10
6458.2
 20
900.0
 10
6673.2
 20
900.0
 10
6673.2
 20
965.0
 10
6458.2
 20
965.0
  0
LWPOLYLINE
  5
1B2
330
17
100
AcDbEntity
  8
P2_T02_STD
100
AcDbPolyline
 90
4
 70
1
 10
6683.2
 20
900.0
 10
6785.7
 20
900.0
 10
6785.7
 20
965.0
 10
6683.2
 20
965.0
  0
LWPOLYLINE
  5
1B3
330
17
100
AcDbEntity
  8
P2_T02_STD
100
AcDbPolyline
 90
4
 70
1
 10
5333.2
 20
975.0
 10
5435.7
 20
975.0
 10
5435.7
 20
1040.0
 10
5333.2
 20
1040.0
  0
LWPOLYLINE
  5
1B4
330
17
100
AcDbEntity
  8
P2_T01_WHOLE
100
AcDbPolyline
 90
4
 70
1
 10
5445.7
 20
975.0
 10
5660.7
 20
975.0
 10
5660.7
 20
1040.0
 10
5445.7
 20
1040.0
  0
LWPOLYLINE
  5
1B5
330
17
100
AcDbEntity
  8
P2_T01_WHOLE
100
AcDbPolyline
 90
4
 70
1
 10
5670.7
 20
975.0
 10
5885.7
 20
975.0
 10
5885.7
 20
1040.0
 10
5670.7
 20
1040.0
  0
LWPOLYLINE
  5
1B6
330
17
100
AcDbEntity
  8
P2_T01_WHOLE
100
AcDbPolyline
 90
4
 70
1
 10
5895.7
 20
975.0
 10
6110.7
 20
975.0
 10
6110.7
 20
1040.0
 10
5895.7
 20
1040.0
  0
LWPOLYLINE
  5
1B7
330
17
100
AcDbEntity
  8
P2_T01_WHOLE
100
AcDbPolyline
 90
4
 70
1
 10
6120.7
 20
975.0
 10
6335.7
 20
975.0
 10
6335.7
 20
1040.0
 10
6120.7
 20
1040.0
  0
LWPOLYLINE
  5
1B8
330
17
100
AcDbEntity
  8
P2_T01_WHOLE
100
AcDbPolyline
 90
4
 70
1
 10
6345.7
 20
975.0
 10
6560.7
 20
975.0
 10
6560.7
 20
1040.0
 10
6345.7
 20
1040.0
  0
LWPOLYLINE
  5
1B9
330
17
100
AcDbEntity
  8
P2_T01_WHOLE
100
AcDbPolyline
 90
4
 70
1
 10
6570.7
 20
975.0
 10
6785.7
 20
975.0
 10
6785.7
 20
1040.0
 10
6570.7
 20
1040.0
  0
LWPOLYLINE
  5
1BA
330
17
100
AcDbEntity
  8
P2_T01_WHOLE
100
AcDbPolyline
 90
4
 70
1
 10
5333.2
 20
1050.0
 10
5548.2
 20
1050.0
 10
5548.2
 20
1115.0
 10
5333.2
 20
1115.0
  0
LWPOLYLINE
  5
1BB
330
17
100
AcDbEntity
  8
P2_T01_WHOLE
100
AcDbPolyline
 90
4
 70
1
 10
5558.2
 20
1050.0
 10
5773.2
 20
1050.0
 10
5773.2
 20
1115.0
 10
5558.2
 20
1115.0
  0
LWPOLYLINE
  5
1BC
330
17
100
AcDbEntity
  8
P2_T01_WHOLE
100
AcDbPolyline
 90
4
 70
1
 10
5783.2
 20
1050.0
 10
5998.2
 20
1050.0
 10
5998.2
 20
1115.0
 10
5783.2
 20
1115.0
  0
LWPOLYLINE
  5
1BD
330
17
100
AcDbEntity
  8
P2_T01_WHOLE
100
AcDbPolyline
 90
4
 70
1
 10
6008.2
 20
1050.0
 10
6223.2
 20
1050.0
 10
6223.2
 20
1115.0
 10
6008.2
 20
1115.0
  0
LWPOLYLINE
  5
1BE
330
17
100
AcDbEntity
  8
P2_T01_WHOLE
100
AcDbPolyline
 90
4
 70
1
 10
6233.2
 20
1050.0
 10
6448.2
 20
1050.0
 10
6448.2
 20
1115.0
 10
6233.2
 20
1115.0
  0
LWPOLYLINE
  5
1BF
330
17
100
AcDbEntity
  8
P2_T01_WHOLE
100
AcDbPolyline
 90
4
 70
1
 10
6458.2
 20
1050.0
 10
6673.2
 20
1050.0
 10
6673.2
 20
1115.0
 10
6458.2
 20
1115.0
  0
LWPOLYLINE
  5
1C0
330
17
100
AcDbEntity
  8
P2_T02_STD
100
AcDbPolyline
 90
4
 70
1
 10
6683.2
 20
1050.0
 10
6785.7
 20
1050.0
 10
6785.7
 20
1115.0
 10
6683.2
 20
1115.0
  0
LWPOLYLINE
  5
1C1
330
17
100
AcDbEntity
  8
P2_T02_STD
100
AcDbPolyline
 90
4
 70
1
 10
5333.2
 20
1125.0
 10
5435.7
 20
1125.0
 10
5435.7
 20
1190.0
 10
5333.2
 20
1190.0
  0
LWPOLYLINE
  5
1C2
330
17
100
AcDbEntity
  8
P2_T01_WHOLE
100
AcDbPolyline
 90
4
 70
1
 10
5445.7
 20
1125.0
 10
5660.7
 20
1125.0
 10
5660.7
 20
1190.0
 10
5445.7
 20
1190.0
  0
LWPOLYLINE
  5
1C3
330
17
100
AcDbEntity
  8
P2_T01_WHOLE
100
AcDbPolyline
 90
4
 70
1
 10
5670.7
 20
1125.0
 10
5885.7
 20
1125.0
 10
5885.7
 20
1190.0
 10
5670.7
 20
1190.0
  0
LWPOLYLINE
  5
1C4
330
17
100
AcDbEntity
  8
P2_T01_WHOLE
100
AcDbPolyline
 90
4
 70
1
 10
5895.7
 20
1125.0
 10
6110.7
 20
1125.0
 10
6110.7
 20
1190.0
 10
5895.7
 20
1190.0
  0
LWPOLYLINE
  5
1C5
330
17
100
AcDbEntity
  8
P2_T01_WHOLE
100
AcDbPolyline
 90
4
 70
1
 10
6120.7
 20
1125.0
 10
6335.7
 20
1125.0
 10
6335.7
 20
1190.0
 10
6120.7
 20
1190.0
  0
LWPOLYLINE
  5
1C6
330
17
100
AcDbEntity
  8
P2_T01_WHOLE
100
AcDbPolyline
 90
4
 70
1
 10
6345.7
 20
1125.0
 10
6560.7
 20
1125.0
 10
6560.7
 20
1190.0
 10
6345.7
 20
1190.0
  0
LWPOLYLINE
  5
1C7
330
17
100
AcDbEntity
  8
P2_T01_WHOLE
100
AcDbPolyline
 90
4
 70
1
 10
6570.7
 20
1125.0
 10
6785.7
 20
1125.0
 10
6785.7
 20
1190.0
 10
6570.7
 20
1190.0
  0
LWPOLYLINE
  5
1C8
330
17
100
AcDbEntity
  8
P2_T01_WHOLE
100
AcDbPolyline
 90
4
 70
1
 10
5333.2
 20
1200.0
 10
5548.2
 20
1200.0
 10
5548.2
 20
1265.0
 10
5333.2
 20
1265.0
  0
LWPOLYLINE
  5
1C9
330
17
100
AcDbEntity
  8
P2_T01_WHOLE
100
AcDbPolyline
 90
4
 70
1
 10
5558.2
 20
1200.0
 10
5773.2
 20
1200.0
 10
5773.2
 20
1265.0
 10
5558.2
 20
1265.0
  0
LWPOLYLINE
  5
1CA
330
17
100
AcDbEntity
  8
P2_T01_WHOLE
100
AcDbPolyline
 90
4
 70
1
 10
5783.2
 20
1200.0
 10
5998.2
 20
1200.0
 10
5998.2
 20
1265.0
 10
5783.2
 20
1265.0
  0
LWPOLYLINE
  5
1CB
330
17
100
AcDbEntity
  8
P2_T01_WHOLE
100
AcDbPolyline
 90
4
 70
1
 10
6008.2
 20
1200.0
 10
6223.2
 20
1200.0
 10
6223.2
 20
1265.0
 10
6008.2
 20
1265.0
  0
LWPOLYLINE
  5
1CC
330
17
100
AcDbEntity
  8
P2_T01_WHOLE
100
AcDbPolyline
 90
4
 70
1
 10
6233.2
 20
1200.0
 10
6448.2
 20
1200.0
 10
6448.2
 20
1265.0
 10
6233.2
 20
1265.0
  0
LWPOLYLINE
  5
1CD
330
17
100
AcDbEntity
  8
P2_T01_WHOLE
100
AcDbPolyline
 90
4
 70
1
 10
6458.2
 20
1200.0
 10
6673.2
 20
1200.0
 10
6673.2
 20
1265.0
 10
6458.2
 20
1265.0
  0
LWPOLYLINE
  5
1CE
330
17
100
AcDbEntity
  8
P2_T02_STD
100
AcDbPolyline
 90
4
 70
1
 10
6683.2
 20
1200.0
 10
6785.7
 20
1200.0
 10
6785.7
 20
1265.0
 10
6683.2
 20
1265.0
  0
LWPOLYLINE
  5
1CF
330
17
100
AcDbEntity
  8
P2_T02_STD
100
AcDbPolyline
 90
4
 70
1
 10
5333.2
 20
1275.0
 10
5435.7
 20
1275.0
 10
5435.7
 20
1340.0
 10
5333.2
 20
1340.0
  0
LWPOLYLINE
  5
1D0
330
17
100
AcDbEntity
  8
P2_T01_WHOLE
100
AcDbPolyline
 90
4
 70
1
 10
5445.7
 20
1275.0
 10
5660.7
 20
1275.0
 10
5660.7
 20
1340.0
 10
5445.7
 20
1340.0
  0
LWPOLYLINE
  5
1D1
330
17
100
AcDbEntity
  8
P2_T01_WHOLE
100
AcDbPolyline
 90
4
 70
1
 10
5670.7
 20
1275.0
 10
5885.7
 20
1275.0
 10
5885.7
 20
1340.0
 10
5670.7
 20
1340.0
  0
LWPOLYLINE
  5
1D2
330
17
100
AcDbEntity
  8
P2_T01_WHOLE
100
AcDbPolyline
 90
4
 70
1
 10
5895.7
 20
1275.0
 10
6110.7
 20
1275.0
 10
6110.7
 20
1340.0
 10
5895.7
 20
1340.0
  0
LWPOLYLINE
  5
1D3
330
17
100
AcDbEntity
  8
P2_T01_WHOLE
100
AcDbPolyline
 90
4
 70
1
 10
6120.7
 20
1275.0
 10
6335.7
 20
1275.0
 10
6335.7
 20
1340.0
 10
6120.7
 20
1340.0
  0
LWPOLYLINE
  5
1D4
330
17
100
AcDbEntity
  8
P2_T01_WHOLE
100
AcDbPolyline
 90
4
 70
1
 10
6345.7
 20
1275.0
 10
6560.7
 20
1275.0
 10
6560.7
 20
1340.0
 10
6345.7
 20
1340.0
  0
LWPOLYLINE
  5
1D5
330
17
100
AcDbEntity
  8
P2_T01_WHOLE
100
AcDbPolyline
 90
4
 70
1
 10
6570.7
 20
1275.0
 10
6785.7
 20
1275.0
 10
6785.7
 20
1340.0
 10
6570.7
 20
1340.0
  0
LWPOLYLINE
  5
1D6
330
17
100
AcDbEntity
  8
P2_T01_WHOLE
100
AcDbPolyline
 90
4
 70
1
 10
5333.2
 20
1350.0
 10
5548.2
 20
1350.0
 10
5548.2
 20
1415.0
 10
5333.2
 20
1415.0
  0
LWPOLYLINE
  5
1D7
330
17
100
AcDbEntity
  8
P2_T01_WHOLE
100
AcDbPolyline
 90
4
 70
1
 10
5558.2
 20
1350.0
 10
5773.2
 20
1350.0
 10
5773.2
 20
1415.0
 10
5558.2
 20
1415.0
  0
LWPOLYLINE
  5
1D8
330
17
100
AcDbEntity
  8
P2_T01_WHOLE
100
AcDbPolyline
 90
4
 70
1
 10
5783.2
 20
1350.0
 10
5998.2
 20
1350.0
 10
5998.2
 20
1415.0
 10
5783.2
 20
1415.0
  0
LWPOLYLINE
  5
1D9
330
17
100
AcDbEntity
  8
P2_T01_WHOLE
100
AcDbPolyline
 90
4
 70
1
 10
6008.2
 20
1350.0
 10
6223.2
 20
1350.0
 10
6223.2
 20
1415.0
 10
6008.2
 20
1415.0
  0
LWPOLYLINE
  5
1DA
330
17
100
AcDbEntity
  8
P2_T01_WHOLE
100
AcDbPolyline
 90
4
 70
1
 10
6233.2
 20
1350.0
 10
6448.2
 20
1350.0
 10
6448.2
 20
1415.0
 10
6233.2
 20
1415.0
  0
LWPOLYLINE
  5
1DB
330
17
100
AcDbEntity
  8
P2_T01_WHOLE
100
AcDbPolyline
 90
4
 70
1
 10
6458.2
 20
1350.0
 10
6673.2
 20
1350.0
 10
6673.2
 20
1415.0
 10
6458.2
 20
1415.0
  0
LWPOLYLINE
  5
1DC
330
17
100
AcDbEntity
  8
P2_T02_STD
100
AcDbPolyline
 90
4
 70
1
 10
6683.2
 20
1350.0
 10
6785.7
 20
1350.0
 10
6785.7
 20
1415.0
 10
6683.2
 20
1415.0
  0
LWPOLYLINE
  5
1DD
330
17
100
AcDbEntity
  8
P2_T02_STD
100
AcDbPolyline
 90
4
 70
1
 10
5333.2
 20
1425.0
 10
5435.7
 20
1425.0
 10
5435.7
 20
1490.0
 10
5333.2
 20
1490.0
  0
LWPOLYLINE
  5
1DE
330
17
100
AcDbEntity
  8
P2_T01_WHOLE
100
AcDbPolyline
 90
4
 70
1
 10
5445.7
 20
1425.0
 10
5660.7
 20
1425.0
 10
5660.7
 20
1490.0
 10
5445.7
 20
1490.0
  0
LWPOLYLINE
  5
1DF
330
17
100
AcDbEntity
  8
P2_T01_WHOLE
100
AcDbPolyline
 90
4
 70
1
 10
5670.7
 20
1425.0
 10
5885.7
 20
1425.0
 10
5885.7
 20
1490.0
 10
5670.7
 20
1490.0
  0
LWPOLYLINE
  5
1E0
330
17
100
AcDbEntity
  8
P2_T01_WHOLE
100
AcDbPolyline
 90
4
 70
1
 10
5895.7
 20
1425.0
 10
6110.7
 20
1425.0
 10
6110.7
 20
1490.0
 10
5895.7
 20
1490.0
  0
LWPOLYLINE
  5
1E1
330
17
100
AcDbEntity
  8
P2_T01_WHOLE
100
AcDbPolyline
 90
4
 70
1
 10
6120.7
 20
1425.0
 10
6335.7
 20
1425.0
 10
6335.7
 20
1490.0
 10
6120.7
 20
1490.0
  0
LWPOLYLINE
  5
1E2
330
17
100
AcDbEntity
  8
P2_T01_WHOLE
100
AcDbPolyline
 90
4
 70
1
 10
6345.7
 20
1425.0
 10
6560.7
 20
1425.0
 10
6560.7
 20
1490.0
 10
6345.7
 20
1490.0
  0
LWPOLYLINE
  5
1E3
330
17
100
AcDbEntity
  8
P2_T01_WHOLE
100
AcDbPolyline
 90
4
 70
1
 10
6570.7
 20
1425.0
 10
6785.7
 20
1425.0
 10
6785.7
 20
1490.0
 10
6570.7
 20
1490.0
  0
DIMENSION
  5
1E4
330
17
100
AcDbEntity
  8
DIM
100
AcDbDimension
280
0
  2
*D3
  3
MM
 10
5333.2
 20
1730.0
 30
0.0
 11
6059.45
 21
1760.0
 31
0.0
 70
32
 71
5
  1
<>
100
AcDbAlignedDimension
 13
5333.2
 23
1490.0
 33
0.0
 14
6785.7
 24
1490.0
 34
0.0
 50
0.0
100
AcDbRotatedDimension
  0
DIMENSION
  5
1F3
330
17
100
AcDbEntity
  8
DIM
100
AcDbDimension
280
0
  2
*D4
  3
MM
 10
7025.7
 20
0.0
 30
0.0
 11
6995.7
 21
745.0
 31
0.0
 70
32
 71
5
  1
<>
100
AcDbAlignedDimension
 13
6785.7
 23
0.0
 33
0.0
 14
6785.7
 24
1490.0
 34
0.0
 50
90.0
100
AcDbRotatedDimension
  0
TEXT
  5
202
330
17
100
AcDbEntity
  8
TXT
100
AcDbText
 10
5333.2
 20
2390.0
 30
0.0
 40
64.0
  1
2   顺砖错缝   Stretcher bond
  7
CN
 11
5333.2
 21
2390.0
 31
0.0
100
AcDbText
  0
TEXT
  5
203
330
17
100
AcDbEntity
  8
TXT
100
AcDbText
 10
5333.2
 20
2260.0
 30
0.0
 40
40.0
  1
地面 Floor / 粗面 Raw
  7
CN
 11
5333.2
 21
2260.0
 31
0.0
100
AcDbText
  0
TEXT
  5
204
330
17
100
AcDbEntity
  8
TXT
100
AcDbText
 10
5333.2
 20
2190.0
 30
0.0
 40
40.0
  1
板面 board 1452.5 x 1490 mm     灰缝 joint 10 mm     砖片 slip 215 x 65 x 20
  7
CN
 11
5333.2
 21
2190.0
 31
0.0
100
AcDbText
  0
TEXT
  5
205
330
17
100
AcDbEntity
  8
TXT
100
AcDbText
 10
5333.2
 20
2120.0
 30
0.0
 40
40.0
  1
共 140 片 pieces:  整砖 120 whole,  标准件 20 standard,  切割件 0 cut
  7
CN
 11
5333.2
 21
2120.0
 31
0.0
100
AcDbText
  0
TEXT
  5
206
330
17
100
AcDbEntity
  8
TXT
100
AcDbText
 10
5333.2
 20
2050.0
 30
0.0
 40
40.0
  1
砖型 2 种 brick types,  其中 0 种需切割 need cutting
  7
CN
 11
5333.2
 21
2050.0
 31
0.0
100
AcDbText
  0
TEXT
  5
207
330
17
100
AcDbEntity
  8
TXT
100
AcDbText
 10
7405.7
 20
1490.0
 30
0.0
 40
42.0
  1
编号
  7
CN
 11
7405.7
 21
1490.0
 31
0.0
100
AcDbText
  0
TEXT
  5
208
330
17
100
AcDbEntity
  8
TXT
100
AcDbText
 10
7625.7
 20
1490.0
 30
0.0
 40
42.0
  1
数量
  7
CN
 11
7625.7
 21
1490.0
 31
0.0
100
AcDbText
  0
TEXT
  5
209
330
17
100
AcDbEntity
  8
TXT
100
AcDbText
 10
7835.7
 20
1490.0
 30
0.0
 40
42.0
  1
说明  DESCRIPTION
  7
CN
 11
7835.7
 21
1490.0
 31
0.0
100
AcDbText
  0
LINE
  5
20A
330
17
100
AcDbEntity
  8
TXT
100
AcDbLine
 10
7245.7
 20
1456.0
 30
0.0
 11
9646.4
 21
1456.0
 31
0.0
  0
LWPOLYLINE
  5
20B
330
17
100
AcDbEntity
  8
P2_T01_WHOLE
100
AcDbPolyline
 90
4
 70
1
 10
7255.7
 20
1350.0
 10
7365.7
 20
1350.0
 10
7365.7
 20
1412.0
 10
7255.7
 20
1412.0
  0
TEXT
  5
20C
330
17
100
AcDbEntity
  8
TXT
100
AcDbText
 10
7405.7
 20
1350.0
 30
0.0
 40
38.0
  1
T01
  7
CN
 11
7405.7
 21
1350.0
 31
0.0
100
AcDbText
  0
TEXT
  5
20D
330
17
100
AcDbEntity
  8
TXT
100
AcDbText
 10
7625.7
 20
1350.0
 30
0.0
 40
38.0
  1
120
  7
CN
 11
7625.7
 21
1350.0
 31
0.0
100
AcDbText
  0
TEXT
  5
20E
330
17
100
AcDbEntity
  8
TXT
100
AcDbText
 10
7835.7
 20
1350.0
 30
0.0
 40
38.0
  1
整砖片 whole slip  215 x 65
  7
CN
 11
7835.7
 21
1350.0
 31
0.0
100
AcDbText
  0
LWPOLYLINE
  5
20F
330
17
100
AcDbEntity
  8
P2_T02_STD
100
AcDbPolyline
 90
4
 70
1
 10
7255.7
 20
1255.0
 10
7365.7
 20
1255.0
 10
7365.7
 20
1317.0
 10
7255.7
 20
1317.0
  0
TEXT
  5
210
330
17
100
AcDbEntity
  8
TXT
100
AcDbText
 10
7405.7
 20
1255.0
 30
0.0
 40
38.0
  1
T02
  7
CN
 11
7405.7
 21
1255.0
 31
0.0
100
AcDbText
  0
TEXT
  5
211
330
17
100
AcDbEntity
  8
TXT
100
AcDbText
 10
7625.7
 20
1255.0
 30
0.0
 40
38.0
  1
20
  7
CN
 11
7625.7
 21
1255.0
 31
0.0
100
AcDbText
  0
TEXT
  5
212
330
17
100
AcDbEntity
  8
TXT
100
AcDbText
 10
7835.7
 20
1255.0
 30
0.0
 40
38.0
  1
标准件 standard  102.5 x 65
  7
CN
 11
7835.7
 21
1255.0
 31
0.0
100
AcDbText
  0
LWPOLYLINE
  5
213
330
17
100
AcDbEntity
  8
PANEL
370
50
100
AcDbPolyline
 90
4
 70
1
 10
10666.4
 20
0.0
 10
12166.4
 20
0.0
 10
12166.4
 20
1401.5
 10
10666.4
 20
1401.5
  0
LWPOLYLINE
  5
219
330
17
100
AcDbEntity
  8
P3_T02_STD
100
AcDbPolyline
 90
4
 70
1
 10
10666.4
 20
1299.0
 10
10731.4
 20
1299.0
 10
10731.4
 20
1401.5
 10
10666.4
 20
1401.5
  0
LWPOLYLINE
  5
21A
330
17
100
AcDbEntity
  8
P3_T02_STD
100
AcDbPolyline
 90
4
 70
1
 10
10741.4
 20
1299.0
 10
10806.4
 20
1299.0
 10
10806.4
 20
1401.5
 10
10741.4
 20
1401.5
  0
LWPOLYLINE
  5
21B
330
17
100
AcDbEntity
  8
P3_T02_STD
100
AcDbPolyline
 90
4
 70
1
 10
10816.4
 20
1299.0
 10
10881.4
 20
1299.0
 10
10881.4
 20
1401.5
 10
10816.4
 20
1401.5
  0
LWPOLYLINE
  5
21C
330
17
100
AcDbEntity
  8
P3_T02_STD
100
AcDbPolyline
 90
4
 70
1
 10
10891.4
 20
1299.0
 10
10956.4
 20
1299.0
 10
10956.4
 20
1401.5
 10
10891.4
 20
1401.5
  0
LWPOLYLINE
  5
21D
330
17
100
AcDbEntity
  8
P3_T02_STD
100
AcDbPolyline
 90
4
 70
1
 10
10966.4
 20
1299.0
 10
11031.4
 20
1299.0
 10
11031.4
 20
1401.5
 10
10966.4
 20
1401.5
  0
LWPOLYLINE
  5
21E
330
17
100
AcDbEntity
  8
P3_T02_STD
100
AcDbPolyline
 90
4
 70
1
 10
11041.4
 20
1299.0
 10
11106.4
 20
1299.0
 10
11106.4
 20
1401.5
 10
11041.4
 20
1401.5
  0
LWPOLYLINE
  5
21F
330
17
100
AcDbEntity
  8
P3_T02_STD
100
AcDbPolyline
 90
4
 70
1
 10
11116.4
 20
1299.0
 10
11181.4
 20
1299.0
 10
11181.4
 20
1401.5
 10
11116.4
 20
1401.5
  0
LWPOLYLINE
  5
220
330
17
100
AcDbEntity
  8
P3_T02_STD
100
AcDbPolyline
 90
4
 70
1
 10
11191.4
 20
1299.0
 10
11256.4
 20
1299.0
 10
11256.4
 20
1401.5
 10
11191.4
 20
1401.5
  0
LWPOLYLINE
  5
221
330
17
100
AcDbEntity
  8
P3_T02_STD
100
AcDbPolyline
 90
4
 70
1
 10
11266.4
 20
1299.0
 10
11331.4
 20
1299.0
 10
11331.4
 20
1401.5
 10
11266.4
 20
1401.5
  0
LWPOLYLINE
  5
222
330
17
100
AcDbEntity
  8
P3_T02_STD
100
AcDbPolyline
 90
4
 70
1
 10
11341.4
 20
1299.0
 10
11406.4
 20
1299.0
 10
11406.4
 20
1401.5
 10
11341.4
 20
1401.5
  0
LWPOLYLINE
  5
223
330
17
100
AcDbEntity
  8
P3_T02_STD
100
AcDbPolyline
 90
4
 70
1
 10
11416.4
 20
1299.0
 10
11481.4
 20
1299.0
 10
11481.4
 20
1401.5
 10
11416.4
 20
1401.5
  0
LWPOLYLINE
  5
224
330
17
100
AcDbEntity
  8
P3_T02_STD
100
AcDbPolyline
 90
4
 70
1
 10
11491.4
 20
1299.0
 10
11556.4
 20
1299.0
 10
11556.4
 20
1401.5
 10
11491.4
 20
1401.5
  0
LWPOLYLINE
  5
225
330
17
100
AcDbEntity
  8
P3_T02_STD
100
AcDbPolyline
 90
4
 70
1
 10
11566.4
 20
1299.0
 10
11631.4
 20
1299.0
 10
11631.4
 20
1401.5
 10
11566.4
 20
1401.5
  0
LWPOLYLINE
  5
226
330
17
100
AcDbEntity
  8
P3_T02_STD
100
AcDbPolyline
 90
4
 70
1
 10
11641.4
 20
1299.0
 10
11706.4
 20
1299.0
 10
11706.4
 20
1401.5
 10
11641.4
 20
1401.5
  0
LWPOLYLINE
  5
227
330
17
100
AcDbEntity
  8
P3_T02_STD
100
AcDbPolyline
 90
4
 70
1
 10
11716.4
 20
1299.0
 10
11781.4
 20
1299.0
 10
11781.4
 20
1401.5
 10
11716.4
 20
1401.5
  0
LWPOLYLINE
  5
228
330
17
100
AcDbEntity
  8
P3_T02_STD
100
AcDbPolyline
 90
4
 70
1
 10
11791.4
 20
1299.0
 10
11856.4
 20
1299.0
 10
11856.4
 20
1401.5
 10
11791.4
 20
1401.5
  0
LWPOLYLINE
  5
229
330
17
100
AcDbEntity
  8
P3_T02_STD
100
AcDbPolyline
 90
4
 70
1
 10
11866.4
 20
1299.0
 10
11931.4
 20
1299.0
 10
11931.4
 20
1401.5
 10
11866.4
 20
1401.5
  0
LWPOLYLINE
  5
22A
330
17
100
AcDbEntity
  8
P3_T02_STD
100
AcDbPolyline
 90
4
 70
1
 10
11941.4
 20
1299.0
 10
12006.4
 20
1299.0
 10
12006.4
 20
1401.5
 10
11941.4
 20
1401.5
  0
LWPOLYLINE
  5
22B
330
17
100
AcDbEntity
  8
P3_T02_STD
100
AcDbPolyline
 90
4
 70
1
 10
12016.4
 20
1299.0
 10
12081.4
 20
1299.0
 10
12081.4
 20
1401.5
 10
12016.4
 20
1401.5
  0
LWPOLYLINE
  5
22C
330
17
100
AcDbEntity
  8
P3_T02_STD
100
AcDbPolyline
 90
4
 70
1
 10
12091.4
 20
1299.0
 10
12156.4
 20
1299.0
 10
12156.4
 20
1401.5
 10
12091.4
 20
1401.5
  0
LWPOLYLINE
  5
22D
330
17
100
AcDbEntity
  8
P3_T03_CUT
100
AcDbPolyline
 90
4
 70
1
 10
12166.4
 20
1189.44
 10
12166.4
 20
1281.36
 10
12112.9
 20
1227.86
 10
12158.86
 20
1181.9
  0
LWPOLYLINE
  5
22E
330
17
100
AcDbEntity
  8
P3_T03_CUT
100
AcDbPolyline
 90
4
 70
1
 10
12166.4
 20
1083.37
 10
12166.4
 20
1175.3
 10
12112.9
 20
1121.8
 10
12158.86
 20
1075.84
  0
LWPOLYLINE
  5
22F
330
17
100
AcDbEntity
  8
P3_T03_CUT
100
AcDbPolyline
 90
4
 70
1
 10
12166.4
 20
977.31
 10
12166.4
 20
1069.23
 10
12112.9
 20
1015.73
 10
12158.86
 20
969.77
  0
LWPOLYLINE
  5
230
330
17
100
AcDbEntity
  8
P3_T03_CUT
100
AcDbPolyline
 90
4
 70
1
 10
12166.4
 20
871.24
 10
12166.4
 20
963.16
 10
12112.9
 20
909.67
 10
12158.86
 20
863.7
  0
LWPOLYLINE
  5
231
330
17
100
AcDbEntity
  8
P3_T03_CUT
100
AcDbPolyline
 90
4
 70
1
 10
12166.4
 20
765.17
 10
12166.4
 20
857.1
 10
12112.9
 20
803.6
 10
12158.86
 20
757.64
  0
LWPOLYLINE
  5
232
330
17
100
AcDbEntity
  8
P3_T03_CUT
100
AcDbPolyline
 90
4
 70
1
 10
12166.4
 20
659.11
 10
12166.4
 20
751.03
 10
12112.9
 20
697.53
 10
12158.86
 20
651.57
  0
LWPOLYLINE
  5
233
330
17
100
AcDbEntity
  8
P3_T03_CUT
100
AcDbPolyline
 90
4
 70
1
 10
12166.4
 20
553.04
 10
12166.4
 20
644.97
 10
12112.9
 20
591.47
 10
12158.86
 20
545.51
  0
LWPOLYLINE
  5
234
330
17
100
AcDbEntity
  8
P3_T03_CUT
100
AcDbPolyline
 90
4
 70
1
 10
12166.4
 20
446.98
 10
12166.4
 20
538.9
 10
12112.9
 20
485.4
 10
12158.86
 20
439.44
  0
LWPOLYLINE
  5
235
330
17
100
AcDbEntity
  8
P3_T03_CUT
100
AcDbPolyline
 90
4
 70
1
 10
12166.4
 20
340.91
 10
12166.4
 20
432.83
 10
12112.9
 20
379.33
 10
12158.86
 20
333.37
  0
LWPOLYLINE
  5
236
330
17
100
AcDbEntity
  8
P3_T03_CUT
100
AcDbPolyline
 90
4
 70
1
 10
12166.4
 20
234.84
 10
12166.4
 20
326.77
 10
12112.9
 20
273.27
 10
12158.86
 20
227.31
  0
LWPOLYLINE
  5
237
330
17
100
AcDbEntity
  8
P3_T03_CUT
100
AcDbPolyline
 90
4
 70
1
 10
12166.4
 20
128.78
 10
12166.4
 20
220.7
 10
12112.9
 20
167.2
 10
12158.86
 20
121.24
  0
LWPOLYLINE
  5
238
330
17
100
AcDbEntity
  8
P3_T03_CUT
100
AcDbPolyline
 90
4
 70
1
 10
12166.4
 20
22.71
 10
12166.4
 20
114.64
 10
12112.9
 20
61.14
 10
12158.86
 20
15.17
  0
LWPOLYLINE
  5
239
330
17
100
AcDbEntity
  8
P3_T03_CUT
100
AcDbPolyline
 90
4
 70
1
 10
12151.789999999999
 20
1280.9
 10
12143.689999999999
 20
1289.0
 10
12051.76
 20
1289.0
 10
12105.83
 20
1234.93
  0
LWPOLYLINE
  5
23A
330
17
100
AcDbEntity
  8
P3_T04_CUT
100
AcDbPolyline
 90
5
 70
1
 10
12151.789999999999
 20
1174.83
 10
12037.619999999999
 20
1289.0
 10
11961.91
 20
1289.0
 10
11953.8
 20
1280.9
 10
12105.83
 20
1128.87
  0
LWPOLYLINE
  5
23B
330
17
100
AcDbEntity
  8
P3_T05_CUT
100
AcDbPolyline
 90
4
 70
1
 10
11947.76
 20
1289.0
 10
11855.84
 20
1289.0
 10
11794.699999999999
 20
1227.86
 10
11840.66
 20
1181.9
  0
LWPOLYLINE
  5
23C
330
17
100
AcDbEntity
  8
P3_T01_WHOLE
100
AcDbPolyline
 90
4
 70
1
 10
12151.789999999999
 20
1068.76
 10
11999.76
 20
1220.79
 10
11953.8
 20
1174.83
 10
12105.83
 20
1022.8
  0
LWPOLYLINE
  5
23D
330
17
100
AcDbEntity
  8
P3_T01_WHOLE
100
AcDbPolyline
 90
4
 70
1
 10
11992.689999999999
 20
1227.86
 10
11946.73
 20
1273.83
 10
11794.699999999999
 20
1121.8
 10
11840.66
 20
1075.84
  0
LWPOLYLINE
  5
23E
330
17
100
AcDbEntity
  8
P3_T01_WHOLE
100
AcDbPolyline
 90
4
 70
1
 10
12151.789999999999
 20
962.7
 10
11999.76
 20
1114.73
 10
11953.8
 20
1068.76
 10
12105.83
 20
916.74
  0
LWPOLYLINE
  5
23F
330
17
100
AcDbEntity
  8
P3_T01_WHOLE
100
AcDbPolyline
 90
4
 70
1
 10
11992.689999999999
 20
1121.8
 10
11946.73
 20
1167.76
 10
11794.699999999999
 20
1015.73
 10
11840.66
 20
969.77
  0
LWPOLYLINE
  5
240
330
17
100
AcDbEntity
  8
P3_T01_WHOLE
100
AcDbPolyline
 90
4
 70
1
 10
12151.789999999999
 20
856.63
 10
11999.76
 20
1008.66
 10
11953.8
 20
962.7
 10
12105.83
 20
810.67
  0
LWPOLYLINE
  5
241
330
17
100
AcDbEntity
  8
P3_T01_WHOLE
100
AcDbPolyline
 90
4
 70
1
 10
11992.689999999999
 20
1015.73
 10
11946.73
 20
1061.69
 10
11794.699999999999
 20
909.67
 10
11840.66
 20
863.7
  0
LWPOLYLINE
  5
242
330
17
100
AcDbEntity
  8
P3_T01_WHOLE
100
AcDbPolyline
 90
4
 70
1
 10
12151.789999999999
 20
750.57
 10
11999.76
 20
902.59
 10
11953.8
 20
856.63
 10
12105.83
 20
704.6
  0
LWPOLYLINE
  5
243
330
17
100
AcDbEntity
  8
P3_T01_WHOLE
100
AcDbPolyline
 90
4
 70
1
 10
11992.689999999999
 20
909.67
 10
11946.73
 20
955.63
 10
11794.699999999999
 20
803.6
 10
11840.66
 20
757.64
  0
LWPOLYLINE
  5
244
330
17
100
AcDbEntity
  8
P3_T01_WHOLE
100
AcDbPolyline
 90
4
 70
1
 10
12151.789999999999
 20
644.5
 10
11999.76
 20
796.53
 10
11953.8
 20
750.57
 10
12105.83
 20
598.54
  0
LWPOLYLINE
  5
245
330
17
100
AcDbEntity
  8
P3_T01_WHOLE
100
AcDbPolyline
 90
4
 70
1
 10
11992.689999999999
 20
803.6
 10
11946.73
 20
849.56
 10
11794.699999999999
 20
697.53
 10
11840.66
 20
651.57
  0
LWPOLYLINE
  5
246
330
17
100
AcDbEntity
  8
P3_T01_WHOLE
100
AcDbPolyline
 90
4
 70
1
 10
12151.789999999999
 20
538.43
 10
11999.76
 20
690.46
 10
11953.8
 20
644.5
 10
12105.83
 20
492.47
  0
LWPOLYLINE
  5
247
330
17
100
AcDbEntity
  8
P3_T01_WHOLE
100
AcDbPolyline
 90
4
 70
1
 10
11992.689999999999
 20
697.53
 10
11946.73
 20
743.49
 10
11794.699999999999
 20
591.47
 10
11840.66
 20
545.51
  0
LWPOLYLINE
  5
248
330
17
100
AcDbEntity
  8
P3_T01_WHOLE
100
AcDbPolyline
 90
4
 70
1
 10
12151.789999999999
 20
432.37
 10
11999.76
 20
584.4
 10
11953.8
 20
538.43
 10
12105.83
 20
386.41
  0
LWPOLYLINE
  5
249
330
17
100
AcDbEntity
  8
P3_T01_WHOLE
100
AcDbPolyline
 90
4
 70
1
 10
11992.689999999999
 20
591.47
 10
11946.73
 20
637.43
 10
11794.699999999999
 20
485.4
 10
11840.66
 20
439.44
  0
LWPOLYLINE
  5
24A
330
17
100
AcDbEntity
  8
P3_T01_WHOLE
100
AcDbPolyline
 90
4
 70
1
 10
12151.789999999999
 20
326.3
 10
11999.76
 20
478.33
 10
11953.8
 20
432.37
 10
12105.83
 20
280.34
  0
LWPOLYLINE
  5
24B
330
17
100
AcDbEntity
  8
P3_T01_WHOLE
100
AcDbPolyline
 90
4
 70
1
 10
11992.689999999999
 20
485.4
 10
11946.73
 20
531.36
 10
11794.699999999999
 20
379.33
 10
11840.66
 20
333.37
  0
LWPOLYLINE
  5
24C
330
17
100
AcDbEntity
  8
P3_T01_WHOLE
100
AcDbPolyline
 90
4
 70
1
 10
12151.789999999999
 20
220.24
 10
11999.76
 20
372.26
 10
11953.8
 20
326.3
 10
12105.83
 20
174.27
  0
LWPOLYLINE
  5
24D
330
17
100
AcDbEntity
  8
P3_T01_WHOLE
100
AcDbPolyline
 90
4
 70
1
 10
11992.689999999999
 20
379.33
 10
11946.73
 20
425.3
 10
11794.699999999999
 20
273.27
 10
11840.66
 20
227.31
  0
LWPOLYLINE
  5
24E
330
17
100
AcDbEntity
  8
P3_T01_WHOLE
100
AcDbPolyline
 90
4
 70
1
 10
12151.789999999999
 20
114.17
 10
11999.76
 20
266.2
 10
11953.8
 20
220.24
 10
12105.83
 20
68.21
  0
LWPOLYLINE
  5
24F
330
17
100
AcDbEntity
  8
P3_T01_WHOLE
100
AcDbPolyline
 90
4
 70
1
 10
11992.689999999999
 20
273.27
 10
11946.73
 20
319.23
 10
11794.699999999999
 20
167.2
 10
11840.66
 20
121.24
  0
LWPOLYLINE
  5
250
330
17
100
AcDbEntity
  8
P3_T04_CUT
100
AcDbPolyline
 90
5
 70
1
 10
12143.689999999999
 20
0.0
 10
12151.789999999999
 20
8.1
 10
11999.76
 20
160.13
 10
11953.8
 20
114.17
 10
12067.97
 20
0.0
  0
LWPOLYLINE
  5
251
330
17
100
AcDbEntity
  8
P3_T01_WHOLE
100
AcDbPolyline
 90
4
 70
1
 10
11992.689999999999
 20
167.2
 10
11946.73
 20
213.16
 10
11794.699999999999
 20
61.14
 10
11840.66
 20
15.17
  0
LWPOLYLINE
  5
252
330
17
100
AcDbEntity
  8
P3_T03_CUT
100
AcDbPolyline
 90
4
 70
1
 10
12053.83
 20
0.0
 10
11999.76
 20
54.07
 10
11953.8
 20
8.1
 10
11961.91
 20
0.0
  0
LWPOLYLINE
  5
253
330
17
100
AcDbEntity
  8
P3_T05_CUT
100
AcDbPolyline
 90
4
 70
1
 10
11931.56
 20
0.0
 10
11992.689999999999
 20
61.14
 10
11946.73
 20
107.1
 10
11839.63
 20
0.0
  0
LWPOLYLINE
  5
254
330
17
100
AcDbEntity
  8
P3_T03_CUT
100
AcDbPolyline
 90
4
 70
1
 10
11833.59
 20
1280.9
 10
11825.49
 20
1289.0
 10
11733.57
 20
1289.0
 10
11787.63
 20
1234.93
  0
LWPOLYLINE
  5
255
330
17
100
AcDbEntity
  8
P3_T04_CUT
100
AcDbPolyline
 90
5
 70
1
 10
11833.59
 20
1174.83
 10
11719.42
 20
1289.0
 10
11643.71
 20
1289.0
 10
11635.6
 20
1280.9
 10
11787.63
 20
1128.87
  0
LWPOLYLINE
  5
256
330
17
100
AcDbEntity
  8
P3_T05_CUT
100
AcDbPolyline
 90
4
 70
1
 10
11629.56
 20
1289.0
 10
11537.64
 20
1289.0
 10
11476.5
 20
1227.86
 10
11522.47
 20
1181.9
  0
LWPOLYLINE
  5
257
330
17
100
AcDbEntity
  8
P3_T01_WHOLE
100
AcDbPolyline
 90
4
 70
1
 10
11833.59
 20
1068.76
 10
11681.57
 20
1220.79
 10
11635.6
 20
1174.83
 10
11787.63
 20
1022.8
  0
LWPOLYLINE
  5
258
330
17
100
AcDbEntity
  8
P3_T01_WHOLE
100
AcDbPolyline
 90
4
 70
1
 10
11674.49
 20
1227.86
 10
11628.529999999999
 20
1273.83
 10
11476.5
 20
1121.8
 10
11522.47
 20
1075.84
  0
LWPOLYLINE
  5
259
330
17
100
AcDbEntity
  8
P3_T01_WHOLE
100
AcDbPolyline
 90
4
 70
1
 10
11833.59
 20
962.7
 10
11681.57
 20
1114.73
 10
11635.6
 20
1068.76
 10
11787.63
 20
916.74
  0
LWPOLYLINE
  5
25A
330
17
100
AcDbEntity
  8
P3_T01_WHOLE
100
AcDbPolyline
 90
4
 70
1
 10
11674.49
 20
1121.8
 10
11628.529999999999
 20
1167.76
 10
11476.5
 20
1015.73
 10
11522.47
 20
969.77
  0
LWPOLYLINE
  5
25B
330
17
100
AcDbEntity
  8
P3_T01_WHOLE
100
AcDbPolyline
 90
4
 70
1
 10
11833.59
 20
856.63
 10
11681.57
 20
1008.66
 10
11635.6
 20
962.7
 10
11787.63
 20
810.67
  0
LWPOLYLINE
  5
25C
330
17
100
AcDbEntity
  8
P3_T01_WHOLE
100
AcDbPolyline
 90
4
 70
1
 10
11674.49
 20
1015.73
 10
11628.529999999999
 20
1061.69
 10
11476.5
 20
909.67
 10
11522.47
 20
863.7
  0
LWPOLYLINE
  5
25D
330
17
100
AcDbEntity
  8
P3_T01_WHOLE
100
AcDbPolyline
 90
4
 70
1
 10
11833.59
 20
750.57
 10
11681.57
 20
902.59
 10
11635.6
 20
856.63
 10
11787.63
 20
704.6
  0
LWPOLYLINE
  5
25E
330
17
100
AcDbEntity
  8
P3_T01_WHOLE
100
AcDbPolyline
 90
4
 70
1
 10
11674.49
 20
909.67
 10
11628.529999999999
 20
955.63
 10
11476.5
 20
803.6
 10
11522.47
 20
757.64
  0
LWPOLYLINE
  5
25F
330
17
100
AcDbEntity
  8
P3_T01_WHOLE
100
AcDbPolyline
 90
4
 70
1
 10
11833.59
 20
644.5
 10
11681.57
 20
796.53
 10
11635.6
 20
750.57
 10
11787.63
 20
598.54
  0
LWPOLYLINE
  5
260
330
17
100
AcDbEntity
  8
P3_T01_WHOLE
100
AcDbPolyline
 90
4
 70
1
 10
11674.49
 20
803.6
 10
11628.529999999999
 20
849.56
 10
11476.5
 20
697.53
 10
11522.47
 20
651.57
  0
LWPOLYLINE
  5
261
330
17
100
AcDbEntity
  8
P3_T01_WHOLE
100
AcDbPolyline
 90
4
 70
1
 10
11833.59
 20
538.43
 10
11681.57
 20
690.46
 10
11635.6
 20
644.5
 10
11787.63
 20
492.47
  0
LWPOLYLINE
  5
262
330
17
100
AcDbEntity
  8
P3_T01_WHOLE
100
AcDbPolyline
 90
4
 70
1
 10
11674.49
 20
697.53
 10
11628.529999999999
 20
743.49
 10
11476.5
 20
591.47
 10
11522.47
 20
545.51
  0
LWPOLYLINE
  5
263
330
17
100
AcDbEntity
  8
P3_T01_WHOLE
100
AcDbPolyline
 90
4
 70
1
 10
11833.59
 20
432.37
 10
11681.57
 20
584.4
 10
11635.6
 20
538.43
 10
11787.63
 20
386.41
  0
LWPOLYLINE
  5
264
330
17
100
AcDbEntity
  8
P3_T01_WHOLE
100
AcDbPolyline
 90
4
 70
1
 10
11674.49
 20
591.47
 10
11628.529999999999
 20
637.43
 10
11476.5
 20
485.4
 10
11522.47
 20
439.44
  0
LWPOLYLINE
  5
265
330
17
100
AcDbEntity
  8
P3_T01_WHOLE
100
AcDbPolyline
 90
4
 70
1
 10
11833.59
 20
326.3
 10
11681.57
 20
478.33
 10
11635.6
 20
432.37
 10
11787.63
 20
280.34
  0
LWPOLYLINE
  5
266
330
17
100
AcDbEntity
  8
P3_T01_WHOLE
100
AcDbPolyline
 90
4
 70
1
 10
11674.49
 20
485.4
 10
11628.529999999999
 20
531.36
 10
11476.5
 20
379.33
 10
11522.47
 20
333.37
  0
LWPOLYLINE
  5
267
330
17
100
AcDbEntity
  8
P3_T01_WHOLE
100
AcDbPolyline
 90
4
 70
1
 10
11833.59
 20
220.24
 10
11681.57
 20
372.26
 10
11635.6
 20
326.3
 10
11787.63
 20
174.27
  0
LWPOLYLINE
  5
268
330
17
100
AcDbEntity
  8
P3_T01_WHOLE
100
AcDbPolyline
 90
4
 70
1
 10
11674.49
 20
379.33
 10
11628.529999999999
 20
425.3
 10
11476.5
 20
273.27
 10
11522.47
 20
227.31
  0
LWPOLYLINE
  5
269
330
17
100
AcDbEntity
  8
P3_T01_WHOLE
100
AcDbPolyline
 90
4
 70
1
 10
11833.59
 20
114.17
 10
11681.57
 20
266.2
 10
11635.6
 20
220.24
 10
11787.63
 20
68.21
  0
LWPOLYLINE
  5
26A
330
17
100
AcDbEntity
  8
P3_T01_WHOLE
100
AcDbPolyline
 90
4
 70
1
 10
11674.49
 20
273.27
 10
11628.529999999999
 20
319.23
 10
11476.5
 20
167.2
 10
11522.47
 20
121.24
  0
LWPOLYLINE
  5
26B
330
17
100
AcDbEntity
  8
P3_T04_CUT
100
AcDbPolyline
 90
5
 70
1
 10
11825.49
 20
0.0
 10
11833.59
 20
8.1
 10
11681.57
 20
160.13
 10
11635.6
 20
114.17
 10
11749.77
 20
0.0
  0
LWPOLYLINE
  5
26C
330
17
100
AcDbEntity
  8
P3_T01_WHOLE
100
AcDbPolyline
 90
4
 70
1
 10
11674.49
 20
167.2
 10
11628.529999999999
 20
213.16
 10
11476.5
 20
61.14
 10
11522.47
 20
15.17
  0
LWPOLYLINE
  5
26D
330
17
100
AcDbEntity
  8
P3_T03_CUT
100
AcDbPolyline
 90
4
 70
1
 10
11735.63
 20
0.0
 10
11681.57
 20
54.07
 10
11635.6
 20
8.1
 10
11643.71
 20
0.0
  0
LWPOLYLINE
  5
26E
330
17
100
AcDbEntity
  8
P3_T05_CUT
100
AcDbPolyline
 90
4
 70
1
 10
11613.36
 20
0.0
 10
11674.49
 20
61.14
 10
11628.529999999999
 20
107.1
 10
11521.43
 20
0.0
  0
LWPOLYLINE
  5
26F
330
17
100
AcDbEntity
  8
P3_T03_CUT
100
AcDbPolyline
 90
4
 70
1
 10
11515.39
 20
1280.9
 10
11507.289999999999
 20
1289.0
 10
11415.369999999999
 20
1289.0
 10
11469.43
 20
1234.93
  0
LWPOLYLINE
  5
270
330
17
100
AcDbEntity
  8
P3_T04_CUT
100
AcDbPolyline
 90
5
 70
1
 10
11515.39
 20
1174.83
 10
11401.23
 20
1289.0
 10
11325.51
 20
1289.0
 10
11317.41
 20
1280.9
 10
11469.43
 20
1128.87
  0
LWPOLYLINE
  5
271
330
17
100
AcDbEntity
  8
P3_T05_CUT
100
AcDbPolyline
 90
4
 70
1
 10
11311.369999999999
 20
1289.0
 10
11219.439999999999
 20
1289.0
 10
11158.31
 20
1227.86
 10
11204.27
 20
1181.9
  0
LWPOLYLINE
  5
272
330
17
100
AcDbEntity
  8
P3_T01_WHOLE
100
AcDbPolyline
 90
4
 70
1
 10
11515.39
 20
1068.76
 10
11363.369999999999
 20
1220.79
 10
11317.41
 20
1174.83
 10
11469.43
 20
1022.8
  0
LWPOLYLINE
  5
273
330
17
100
AcDbEntity
  8
P3_T01_WHOLE
100
AcDbPolyline
 90
4
 70
1
 10
11356.3
 20
1227.86
 10
11310.33
 20
1273.83
 10
11158.31
 20
1121.8
 10
11204.27
 20
1075.84
  0
LWPOLYLINE
  5
274
330
17
100
AcDbEntity
  8
P3_T01_WHOLE
100
AcDbPolyline
 90
4
 70
1
 10
11515.39
 20
962.7
 10
11363.369999999999
 20
1114.73
 10
11317.41
 20
1068.76
 10
11469.43
 20
916.74
  0
LWPOLYLINE
  5
275
330
17
100
AcDbEntity
  8
P3_T01_WHOLE
100
AcDbPolyline
 90
4
 70
1
 10
11356.3
 20
1121.8
 10
11310.33
 20
1167.76
 10
11158.31
 20
1015.73
 10
11204.27
 20
969.77
  0
LWPOLYLINE
  5
276
330
17
100
AcDbEntity
  8
P3_T01_WHOLE
100
AcDbPolyline
 90
4
 70
1
 10
11515.39
 20
856.63
 10
11363.369999999999
 20
1008.66
 10
11317.41
 20
962.7
 10
11469.43
 20
810.67
  0
LWPOLYLINE
  5
277
330
17
100
AcDbEntity
  8
P3_T01_WHOLE
100
AcDbPolyline
 90
4
 70
1
 10
11356.3
 20
1015.73
 10
11310.33
 20
1061.69
 10
11158.31
 20
909.67
 10
11204.27
 20
863.7
  0
LWPOLYLINE
  5
278
330
17
100
AcDbEntity
  8
P3_T01_WHOLE
100
AcDbPolyline
 90
4
 70
1
 10
11515.39
 20
750.57
 10
11363.369999999999
 20
902.59
 10
11317.41
 20
856.63
 10
11469.43
 20
704.6
  0
LWPOLYLINE
  5
279
330
17
100
AcDbEntity
  8
P3_T01_WHOLE
100
AcDbPolyline
 90
4
 70
1
 10
11356.3
 20
909.67
 10
11310.33
 20
955.63
 10
11158.31
 20
803.6
 10
11204.27
 20
757.64
  0
LWPOLYLINE
  5
27A
330
17
100
AcDbEntity
  8
P3_T01_WHOLE
100
AcDbPolyline
 90
4
 70
1
 10
11515.39
 20
644.5
 10
11363.369999999999
 20
796.53
 10
11317.41
 20
750.57
 10
11469.43
 20
598.54
  0
LWPOLYLINE
  5
27B
330
17
100
AcDbEntity
  8
P3_T01_WHOLE
100
AcDbPolyline
 90
4
 70
1
 10
11356.3
 20
803.6
 10
11310.33
 20
849.56
 10
11158.31
 20
697.53
 10
11204.27
 20
651.57
  0
LWPOLYLINE
  5
27C
330
17
100
AcDbEntity
  8
P3_T01_WHOLE
100
AcDbPolyline
 90
4
 70
1
 10
11515.39
 20
538.43
 10
11363.369999999999
 20
690.46
 10
11317.41
 20
644.5
 10
11469.43
 20
492.47
  0
LWPOLYLINE
  5
27D
330
17
100
AcDbEntity
  8
P3_T01_WHOLE
100
AcDbPolyline
 90
4
 70
1
 10
11356.3
 20
697.53
 10
11310.33
 20
743.49
 10
11158.31
 20
591.47
 10
11204.27
 20
545.51
  0
LWPOLYLINE
  5
27E
330
17
100
AcDbEntity
  8
P3_T01_WHOLE
100
AcDbPolyline
 90
4
 70
1
 10
11515.39
 20
432.37
 10
11363.369999999999
 20
584.4
 10
11317.41
 20
538.43
 10
11469.43
 20
386.41
  0
LWPOLYLINE
  5
27F
330
17
100
AcDbEntity
  8
P3_T01_WHOLE
100
AcDbPolyline
 90
4
 70
1
 10
11356.3
 20
591.47
 10
11310.33
 20
637.43
 10
11158.31
 20
485.4
 10
11204.27
 20
439.44
  0
LWPOLYLINE
  5
280
330
17
100
AcDbEntity
  8
P3_T01_WHOLE
100
AcDbPolyline
 90
4
 70
1
 10
11515.39
 20
326.3
 10
11363.369999999999
 20
478.33
 10
11317.41
 20
432.37
 10
11469.43
 20
280.34
  0
LWPOLYLINE
  5
281
330
17
100
AcDbEntity
  8
P3_T01_WHOLE
100
AcDbPolyline
 90
4
 70
1
 10
11356.3
 20
485.4
 10
11310.33
 20
531.36
 10
11158.31
 20
379.33
 10
11204.27
 20
333.37
  0
LWPOLYLINE
  5
282
330
17
100
AcDbEntity
  8
P3_T01_WHOLE
100
AcDbPolyline
 90
4
 70
1
 10
11515.39
 20
220.24
 10
11363.369999999999
 20
372.26
 10
11317.41
 20
326.3
 10
11469.43
 20
174.27
  0
LWPOLYLINE
  5
283
330
17
100
AcDbEntity
  8
P3_T01_WHOLE
100
AcDbPolyline
 90
4
 70
1
 10
11356.3
 20
379.33
 10
11310.33
 20
425.3
 10
11158.31
 20
273.27
 10
11204.27
 20
227.31
  0
LWPOLYLINE
  5
284
330
17
100
AcDbEntity
  8
P3_T01_WHOLE
100
AcDbPolyline
 90
4
 70
1
 10
11515.39
 20
114.17
 10
11363.369999999999
 20
266.2
 10
11317.41
 20
220.24
 10
11469.43
 20
68.21
  0
LWPOLYLINE
  5
285
330
17
100
AcDbEntity
  8
P3_T01_WHOLE
100
AcDbPolyline
 90
4
 70
1
 10
11356.3
 20
273.27
 10
11310.33
 20
319.23
 10
11158.31
 20
167.2
 10
11204.27
 20
121.24
  0
LWPOLYLINE
  5
286
330
17
100
AcDbEntity
  8
P3_T04_CUT
100
AcDbPolyline
 90
5
 70
1
 10
11507.289999999999
 20
0.0
 10
11515.39
 20
8.1
 10
11363.369999999999
 20
160.13
 10
11317.41
 20
114.17
 10
11431.57
 20
0.0
  0
LWPOLYLINE
  5
287
330
17
100
AcDbEntity
  8
P3_T01_WHOLE
100
AcDbPolyline
 90
4
 70
1
 10
11356.3
 20
167.2
 10
11310.33
 20
213.16
 10
11158.31
 20
61.14
 10
11204.27
 20
15.17
  0
LWPOLYLINE
  5
288
330
17
100
AcDbEntity
  8
P3_T03_CUT
100
AcDbPolyline
 90
4
 70
1
 10
11417.43
 20
0.0
 10
11363.369999999999
 20
54.07
 10
11317.41
 20
8.1
 10
11325.51
 20
0.0
  0
LWPOLYLINE
  5
289
330
17
100
AcDbEntity
  8
P3_T05_CUT
100
AcDbPolyline
 90
4
 70
1
 10
11295.16
 20
0.0
 10
11356.3
 20
61.14
 10
11310.33
 20
107.1
 10
11203.24
 20
0.0
  0
LWPOLYLINE
  5
28A
330
17
100
AcDbEntity
  8
P3_T03_CUT
100
AcDbPolyline
 90
4
 70
1
 10
11197.199999999999
 20
1280.9
 10
11189.09
 20
1289.0
 10
11097.17
 20
1289.0
 10
11151.23
 20
1234.93
  0
LWPOLYLINE
  5
28B
330
17
100
AcDbEntity
  8
P3_T04_CUT
100
AcDbPolyline
 90
5
 70
1
 10
11197.199999999999
 20
1174.83
 10
11083.029999999999
 20
1289.0
 10
11007.31
 20
1289.0
 10
10999.21
 20
1280.9
 10
11151.23
 20
1128.87
  0
LWPOLYLINE
  5
28C
330
17
100
AcDbEntity
  8
P3_T05_CUT
100
AcDbPolyline
 90
4
 70
1
 10
10993.17
 20
1289.0
 10
10901.24
 20
1289.0
 10
10840.109999999999
 20
1227.86
 10
10886.07
 20
1181.9
  0
LWPOLYLINE
  5
28D
330
17
100
AcDbEntity
  8
P3_T01_WHOLE
100
AcDbPolyline
 90
4
 70
1
 10
11197.199999999999
 20
1068.76
 10
11045.17
 20
1220.79
 10
10999.21
 20
1174.83
 10
11151.23
 20
1022.8
  0
LWPOLYLINE
  5
28E
330
17
100
AcDbEntity
  8
P3_T01_WHOLE
100
AcDbPolyline
 90
4
 70
1
 10
11038.1
 20
1227.86
 10
10992.14
 20
1273.83
 10
10840.109999999999
 20
1121.8
 10
10886.07
 20
1075.84
  0
LWPOLYLINE
  5
28F
330
17
100
AcDbEntity
  8
P3_T01_WHOLE
100
AcDbPolyline
 90
4
 70
1
 10
11197.199999999999
 20
962.7
 10
11045.17
 20
1114.73
 10
10999.21
 20
1068.76
 10
11151.23
 20
916.74
  0
LWPOLYLINE
  5
290
330
17
100
AcDbEntity
  8
P3_T01_WHOLE
100
AcDbPolyline
 90
4
 70
1
 10
11038.1
 20
1121.8
 10
10992.14
 20
1167.76
 10
10840.109999999999
 20
1015.73
 10
10886.07
 20
969.77
  0
LWPOLYLINE
  5
291
330
17
100
AcDbEntity
  8
P3_T01_WHOLE
100
AcDbPolyline
 90
4
 70
1
 10
11197.199999999999
 20
856.63
 10
11045.17
 20
1008.66
 10
10999.21
 20
962.7
 10
11151.23
 20
810.67
  0
LWPOLYLINE
  5
292
330
17
100
AcDbEntity
  8
P3_T01_WHOLE
100
AcDbPolyline
 90
4
 70
1
 10
11038.1
 20
1015.73
 10
10992.14
 20
1061.69
 10
10840.109999999999
 20
909.67
 10
10886.07
 20
863.7
  0
LWPOLYLINE
  5
293
330
17
100
AcDbEntity
  8
P3_T01_WHOLE
100
AcDbPolyline
 90
4
 70
1
 10
11197.199999999999
 20
750.57
 10
11045.17
 20
902.59
 10
10999.21
 20
856.63
 10
11151.23
 20
704.6
  0
LWPOLYLINE
  5
294
330
17
100
AcDbEntity
  8
P3_T01_WHOLE
100
AcDbPolyline
 90
4
 70
1
 10
11038.1
 20
909.67
 10
10992.14
 20
955.63
 10
10840.109999999999
 20
803.6
 10
10886.07
 20
757.64
  0
LWPOLYLINE
  5
295
330
17
100
AcDbEntity
  8
P3_T01_WHOLE
100
AcDbPolyline
 90
4
 70
1
 10
11197.199999999999
 20
644.5
 10
11045.17
 20
796.53
 10
10999.21
 20
750.57
 10
11151.23
 20
598.54
  0
LWPOLYLINE
  5
296
330
17
100
AcDbEntity
  8
P3_T01_WHOLE
100
AcDbPolyline
 90
4
 70
1
 10
11038.1
 20
803.6
 10
10992.14
 20
849.56
 10
10840.109999999999
 20
697.53
 10
10886.07
 20
651.57
  0
LWPOLYLINE
  5
297
330
17
100
AcDbEntity
  8
P3_T01_WHOLE
100
AcDbPolyline
 90
4
 70
1
 10
11197.199999999999
 20
538.43
 10
11045.17
 20
690.46
 10
10999.21
 20
644.5
 10
11151.23
 20
492.47
  0
LWPOLYLINE
  5
298
330
17
100
AcDbEntity
  8
P3_T01_WHOLE
100
AcDbPolyline
 90
4
 70
1
 10
11038.1
 20
697.53
 10
10992.14
 20
743.49
 10
10840.109999999999
 20
591.47
 10
10886.07
 20
545.51
  0
LWPOLYLINE
  5
299
330
17
100
AcDbEntity
  8
P3_T01_WHOLE
100
AcDbPolyline
 90
4
 70
1
 10
11197.199999999999
 20
432.37
 10
11045.17
 20
584.4
 10
10999.21
 20
538.43
 10
11151.23
 20
386.41
  0
LWPOLYLINE
  5
29A
330
17
100
AcDbEntity
  8
P3_T01_WHOLE
100
AcDbPolyline
 90
4
 70
1
 10
11038.1
 20
591.47
 10
10992.14
 20
637.43
 10
10840.109999999999
 20
485.4
 10
10886.07
 20
439.44
  0
LWPOLYLINE
  5
29B
330
17
100
AcDbEntity
  8
P3_T01_WHOLE
100
AcDbPolyline
 90
4
 70
1
 10
11197.199999999999
 20
326.3
 10
11045.17
 20
478.33
 10
10999.21
 20
432.37
 10
11151.23
 20
280.34
  0
LWPOLYLINE
  5
29C
330
17
100
AcDbEntity
  8
P3_T01_WHOLE
100
AcDbPolyline
 90
4
 70
1
 10
11038.1
 20
485.4
 10
10992.14
 20
531.36
 10
10840.109999999999
 20
379.33
 10
10886.07
 20
333.37
  0
LWPOLYLINE
  5
29D
330
17
100
AcDbEntity
  8
P3_T01_WHOLE
100
AcDbPolyline
 90
4
 70
1
 10
11197.199999999999
 20
220.24
 10
11045.17
 20
372.26
 10
10999.21
 20
326.3
 10
11151.23
 20
174.27
  0
LWPOLYLINE
  5
29E
330
17
100
AcDbEntity
  8
P3_T01_WHOLE
100
AcDbPolyline
 90
4
 70
1
 10
11038.1
 20
379.33
 10
10992.14
 20
425.3
 10
10840.109999999999
 20
273.27
 10
10886.07
 20
227.31
  0
LWPOLYLINE
  5
29F
330
17
100
AcDbEntity
  8
P3_T01_WHOLE
100
AcDbPolyline
 90
4
 70
1
 10
11197.199999999999
 20
114.17
 10
11045.17
 20
266.2
 10
10999.21
 20
220.24
 10
11151.23
 20
68.21
  0
LWPOLYLINE
  5
2A0
330
17
100
AcDbEntity
  8
P3_T01_WHOLE
100
AcDbPolyline
 90
4
 70
1
 10
11038.1
 20
273.27
 10
10992.14
 20
319.23
 10
10840.109999999999
 20
167.2
 10
10886.07
 20
121.24
  0
LWPOLYLINE
  5
2A1
330
17
100
AcDbEntity
  8
P3_T04_CUT
100
AcDbPolyline
 90
5
 70
1
 10
11189.09
 20
0.0
 10
11197.199999999999
 20
8.1
 10
11045.17
 20
160.13
 10
10999.21
 20
114.17
 10
11113.38
 20
0.0
  0
LWPOLYLINE
  5
2A2
330
17
100
AcDbEntity
  8
P3_T01_WHOLE
100
AcDbPolyline
 90
4
 70
1
 10
11038.1
 20
167.2
 10
10992.14
 20
213.16
 10
10840.109999999999
 20
61.14
 10
10886.07
 20
15.17
  0
LWPOLYLINE
  5
2A3
330
17
100
AcDbEntity
  8
P3_T03_CUT
100
AcDbPolyline
 90
4
 70
1
 10
11099.23
 20
0.0
 10
11045.17
 20
54.07
 10
10999.21
 20
8.1
 10
11007.31
 20
0.0
  0
LWPOLYLINE
  5
2A4
330
17
100
AcDbEntity
  8
P3_T05_CUT
100
AcDbPolyline
 90
4
 70
1
 10
10976.96
 20
0.0
 10
11038.1
 20
61.14
 10
10992.14
 20
107.1
 10
10885.039999999999
 20
0.0
  0
LWPOLYLINE
  5
2A5
330
17
100
AcDbEntity
  8
P3_T03_CUT
100
AcDbPolyline
 90
4
 70
1
 10
10879.0
 20
1280.9
 10
10870.89
 20
1289.0
 10
10778.97
 20
1289.0
 10
10833.039999999999
 20
1234.93
  0
LWPOLYLINE
  5
2A6
330
17
100
AcDbEntity
  8
P3_T04_CUT
100
AcDbPolyline
 90
5
 70
1
 10
10879.0
 20
1174.83
 10
10764.83
 20
1289.0
 10
10689.109999999999
 20
1289.0
 10
10681.01
 20
1280.9
 10
10833.039999999999
 20
1128.87
  0
LWPOLYLINE
  5
2A7
330
17
100
AcDbEntity
  8
P3_T01_WHOLE
100
AcDbPolyline
 90
4
 70
1
 10
10879.0
 20
1068.76
 10
10726.97
 20
1220.79
 10
10681.01
 20
1174.83
 10
10833.039999999999
 20
1022.8
  0
LWPOLYLINE
  5
2A8
330
17
100
AcDbEntity
  8
P3_T03_CUT
100
AcDbPolyline
 90
4
 70
1
 10
10666.4
 20
1174.36
 10
10719.9
 20
1227.86
 10
10673.94
 20
1273.83
 10
10666.4
 20
1266.29
  0
LWPOLYLINE
  5
2A9
330
17
100
AcDbEntity
  8
P3_T01_WHOLE
100
AcDbPolyline
 90
4
 70
1
 10
10879.0
 20
962.7
 10
10726.97
 20
1114.73
 10
10681.01
 20
1068.76
 10
10833.039999999999
 20
916.74
  0
LWPOLYLINE
  5
2AA
330
17
100
AcDbEntity
  8
P3_T03_CUT
100
AcDbPolyline
 90
4
 70
1
 10
10666.4
 20
1068.3
 10
10719.9
 20
1121.8
 10
10673.94
 20
1167.76
 10
10666.4
 20
1160.22
  0
LWPOLYLINE
  5
2AB
330
17
100
AcDbEntity
  8
P3_T01_WHOLE
100
AcDbPolyline
 90
4
 70
1
 10
10879.0
 20
856.63
 10
10726.97
 20
1008.66
 10
10681.01
 20
962.7
 10
10833.039999999999
 20
810.67
  0
LWPOLYLINE
  5
2AC
330
17
100
AcDbEntity
  8
P3_T03_CUT
100
AcDbPolyline
 90
4
 70
1
 10
10666.4
 20
962.23
 10
10719.9
 20
1015.73
 10
10673.94
 20
1061.69
 10
10666.4
 20
1054.16
  0
LWPOLYLINE
  5
2AD
330
17
100
AcDbEntity
  8
P3_T01_WHOLE
100
AcDbPolyline
 90
4
 70
1
 10
10879.0
 20
750.57
 10
10726.97
 20
902.59
 10
10681.01
 20
856.63
 10
10833.039999999999
 20
704.6
  0
LWPOLYLINE
  5
2AE
330
17
100
AcDbEntity
  8
P3_T03_CUT
100
AcDbPolyline
 90
4
 70
1
 10
10666.4
 20
856.17
 10
10719.9
 20
909.67
 10
10673.94
 20
955.63
 10
10666.4
 20
948.09
  0
LWPOLYLINE
  5
2AF
330
17
100
AcDbEntity
  8
P3_T01_WHOLE
100
AcDbPolyline
 90
4
 70
1
 10
10879.0
 20
644.5
 10
10726.97
 20
796.53
 10
10681.01
 20
750.57
 10
10833.039999999999
 20
598.54
  0
LWPOLYLINE
  5
2B0
330
17
100
AcDbEntity
  8
P3_T03_CUT
100
AcDbPolyline
 90
4
 70
1
 10
10666.4
 20
750.1
 10
10719.9
 20
803.6
 10
10673.94
 20
849.56
 10
10666.4
 20
842.02
  0
LWPOLYLINE
  5
2B1
330
17
100
AcDbEntity
  8
P3_T01_WHOLE
100
AcDbPolyline
 90
4
 70
1
 10
10879.0
 20
538.43
 10
10726.97
 20
690.46
 10
10681.01
 20
644.5
 10
10833.039999999999
 20
492.47
  0
LWPOLYLINE
  5
2B2
330
17
100
AcDbEntity
  8
P3_T03_CUT
100
AcDbPolyline
 90
4
 70
1
 10
10666.4
 20
644.03
 10
10719.9
 20
697.53
 10
10673.94
 20
743.49
 10
10666.4
 20
735.96
  0
LWPOLYLINE
  5
2B3
330
17
100
AcDbEntity
  8
P3_T01_WHOLE
100
AcDbPolyline
 90
4
 70
1
 10
10879.0
 20
432.37
 10
10726.97
 20
584.4
 10
10681.01
 20
538.43
 10
10833.039999999999
 20
386.41
  0
LWPOLYLINE
  5
2B4
330
17
100
AcDbEntity
  8
P3_T03_CUT
100
AcDbPolyline
 90
4
 70
1
 10
10666.4
 20
537.97
 10
10719.9
 20
591.47
 10
10673.94
 20
637.43
 10
10666.4
 20
629.89
  0
LWPOLYLINE
  5
2B5
330
17
100
AcDbEntity
  8
P3_T01_WHOLE
100
AcDbPolyline
 90
4
 70
1
 10
10879.0
 20
326.3
 10
10726.97
 20
478.33
 10
10681.01
 20
432.37
 10
10833.039999999999
 20
280.34
  0
LWPOLYLINE
  5
2B6
330
17
100
AcDbEntity
  8
P3_T03_CUT
100
AcDbPolyline
 90
4
 70
1
 10
10666.4
 20
431.9
 10
10719.9
 20
485.4
 10
10673.94
 20
531.36
 10
10666.4
 20
523.83
  0
LWPOLYLINE
  5
2B7
330
17
100
AcDbEntity
  8
P3_T01_WHOLE
100
AcDbPolyline
 90
4
 70
1
 10
10879.0
 20
220.24
 10
10726.97
 20
372.26
 10
10681.01
 20
326.3
 10
10833.039999999999
 20
174.27
  0
LWPOLYLINE
  5
2B8
330
17
100
AcDbEntity
  8
P3_T03_CUT
100
AcDbPolyline
 90
4
 70
1
 10
10666.4
 20
325.84
 10
10719.9
 20
379.33
 10
10673.94
 20
425.3
 10
10666.4
 20
417.76
  0
LWPOLYLINE
  5
2B9
330
17
100
AcDbEntity
  8
P3_T01_WHOLE
100
AcDbPolyline
 90
4
 70
1
 10
10879.0
 20
114.17
 10
10726.97
 20
266.2
 10
10681.01
 20
220.24
 10
10833.039999999999
 20
68.21
  0
LWPOLYLINE
  5
2BA
330
17
100
AcDbEntity
  8
P3_T03_CUT
100
AcDbPolyline
 90
4
 70
1
 10
10666.4
 20
219.77
 10
10719.9
 20
273.27
 10
10673.94
 20
319.23
 10
10666.4
 20
311.69
  0
LWPOLYLINE
  5
2BB
330
17
100
AcDbEntity
  8
P3_T04_CUT
100
AcDbPolyline
 90
5
 70
1
 10
10870.89
 20
0.0
 10
10879.0
 20
8.1
 10
10726.97
 20
160.13
 10
10681.01
 20
114.17
 10
10795.18
 20
0.0
  0
LWPOLYLINE
  5
2BC
330
17
100
AcDbEntity
  8
P3_T03_CUT
100
AcDbPolyline
 90
4
 70
1
 10
10666.4
 20
113.7
 10
10719.9
 20
167.2
 10
10673.94
 20
213.16
 10
10666.4
 20
205.63
  0
LWPOLYLINE
  5
2BD
330
17
100
AcDbEntity
  8
P3_T03_CUT
100
AcDbPolyline
 90
4
 70
1
 10
10781.039999999999
 20
0.0
 10
10726.97
 20
54.07
 10
10681.01
 20
8.1
 10
10689.109999999999
 20
0.0
  0
LWPOLYLINE
  5
2BE
330
17
100
AcDbEntity
  8
P3_T03_CUT
100
AcDbPolyline
 90
4
 70
1
 10
10666.4
 20
7.64
 10
10719.9
 20
61.14
 10
10673.94
 20
107.1
 10
10666.4
 20
99.56
  0
DIMENSION
  5
2BF
330
17
100
AcDbEntity
  8
DIM
100
AcDbDimension
280
0
  2
*D5
  3
MM
 10
10666.4
 20
1641.5
 30
0.0
 11
11416.4
 21
1671.5
 31
0.0
 70
32
 71
5
  1
<>
100
AcDbAlignedDimension
 13
10666.4
 23
1401.5
 33
0.0
 14
12166.4
 24
1401.5
 34
0.0
 50
0.0
100
AcDbRotatedDimension
  0
DIMENSION
  5
2CE
330
17
100
AcDbEntity
  8
DIM
100
AcDbDimension
280
0
  2
*D6
  3
MM
 10
12406.4
 20
0.0
 30
0.0
 11
12376.4
 21
700.75
 31
0.0
 70
32
 71
5
  1
<>
100
AcDbAlignedDimension
 13
12166.4
 23
0.0
 33
0.0
 14
12166.4
 24
1401.5
 34
0.0
 50
90.0
100
AcDbRotatedDimension
  0
TEXT
  5
2DD
330
17
100
AcDbEntity
  8
TXT
100
AcDbText
 10
10666.4
 20
2301.5
 30
0.0
 40
64.0
  1
3   45 度人字纹，顶部一道收边   Herringbone at 45 deg, one border course at the top
  7
CN
 11
10666.4
 21
2301.5
 31
0.0
100
AcDbText
  0
TEXT
  5
2DE
330
17
100
AcDbEntity
  8
TXT
100
AcDbText
 10
10666.4
 20
2171.5
 30
0.0
 40
40.0
  1
地面 Floor / 细面 Sleek
  7
CN
 11
10666.4
 21
2171.5
 31
0.0
100
AcDbText
  0
TEXT
  5
2DF
330
17
100
AcDbEntity
  8
TXT
100
AcDbText
 10
10666.4
 20
2101.5
 30
0.0
 40
40.0
  1
板面 board 1500 x 1401.5 mm     灰缝 joint 10 mm     砖片 slip 215 x 65 x 20
  7
CN
 11
10666.4
 21
2101.5
 31
0.0
100
AcDbText
  0
TEXT
  5
2E0
330
17
100
AcDbEntity
  8
TXT
100
AcDbText
 10
10666.4
 20
2031.5
 30
0.0
 40
40.0
  1
共 166 片 pieces:  整砖 94 whole,  标准件 20 standard,  切割件 52 cut
  7
CN
 11
10666.4
 21
2031.5
 31
0.0
100
AcDbText
  0
TEXT
  5
2E1
330
17
100
AcDbEntity
  8
TXT
100
AcDbText
 10
10666.4
 20
1961.5
 30
0.0
 40
40.0
  1
砖型 5 种 brick types,  其中 3 种需切割 need cutting
  7
CN
 11
10666.4
 21
1961.5
 31
0.0
100
AcDbText
  0
TEXT
  5
2E2
330
17
100
AcDbEntity
  8
TXT
100
AcDbText
 10
12786.4
 20
1401.5
 30
0.0
 40
42.0
  1
编号
  7
CN
 11
12786.4
 21
1401.5
 31
0.0
100
AcDbText
  0
TEXT
  5
2E3
330
17
100
AcDbEntity
  8
TXT
100
AcDbText
 10
13006.4
 20
1401.5
 30
0.0
 40
42.0
  1
数量
  7
CN
 11
13006.4
 21
1401.5
 31
0.0
100
AcDbText
  0
TEXT
  5
2E4
330
17
100
AcDbEntity
  8
TXT
100
AcDbText
 10
13216.4
 20
1401.5
 30
0.0
 40
42.0
  1
说明  DESCRIPTION
  7
CN
 11
13216.4
 21
1401.5
 31
0.0
100
AcDbText
  0
LINE
  5
2E5
330
17
100
AcDbEntity
  8
TXT
100
AcDbLine
 10
12626.4
 20
1367.5
 30
0.0
 11
15027.099999999999
 21
1367.5
 31
0.0
  0
LWPOLYLINE
  5
2E6
330
17
100
AcDbEntity
  8
P3_T01_WHOLE
100
AcDbPolyline
 90
4
 70
1
 10
12636.4
 20
1261.5
 10
12746.4
 20
1261.5
 10
12746.4
 20
1323.5
 10
12636.4
 20
1323.5
  0
TEXT
  5
2E7
330
17
100
AcDbEntity
  8
TXT
100
AcDbText
 10
12786.4
 20
1261.5
 30
0.0
 40
38.0
  1
T01
  7
CN
 11
12786.4
 21
1261.5
 31
0.0
100
AcDbText
  0
TEXT
  5
2E8
330
17
100
AcDbEntity
  8
TXT
100
AcDbText
 10
13006.4
 20
1261.5
 30
0.0
 40
38.0
  1
94
  7
CN
 11
13006.4
 21
1261.5
 31
0.0
100
AcDbText
  0
TEXT
  5
2E9
330
17
100
AcDbEntity
  8
TXT
100
AcDbText
 10
13216.4
 20
1261.5
 30
0.0
 40
38.0
  1
整砖片 whole slip  215 x 65
  7
CN
 11
13216.4
 21
1261.5
 31
0.0
100
AcDbText
  0
LWPOLYLINE
  5
2EA
330
17
100
AcDbEntity
  8
P3_T02_STD
100
AcDbPolyline
 90
4
 70
1
 10
12636.4
 20
1166.5
 10
12746.4
 20
1166.5
 10
12746.4
 20
1228.5
 10
12636.4
 20
1228.5
  0
TEXT
  5
2EB
330
17
100
AcDbEntity
  8
TXT
100
AcDbText
 10
12786.4
 20
1166.5
 30
0.0
 40
38.0
  1
T02
  7
CN
 11
12786.4
 21
1166.5
 31
0.0
100
AcDbText
  0
TEXT
  5
2EC
330
17
100
AcDbEntity
  8
TXT
100
AcDbText
 10
13006.4
 20
1166.5
 30
0.0
 40
38.0
  1
20
  7
CN
 11
13006.4
 21
1166.5
 31
0.0
100
AcDbText
  0
TEXT
  5
2ED
330
17
100
AcDbEntity
  8
TXT
100
AcDbText
 10
13216.4
 20
1166.5
 30
0.0
 40
38.0
  1
标准件 standard  102.5 x 65
  7
CN
 11
13216.4
 21
1166.5
 31
0.0
100
AcDbText
  0
LWPOLYLINE
  5
2EE
330
17
100
AcDbEntity
  8
P3_T03_CUT
100
AcDbPolyline
 90
4
 70
1
 10
12636.4
 20
1071.5
 10
12746.4
 20
1071.5
 10
12746.4
 20
1133.5
 10
12636.4
 20
1133.5
  0
TEXT
  5
2EF
330
17
100
AcDbEntity
  8
TXT
100
AcDbText
 10
12786.4
 20
1071.5
 30
0.0
 40
38.0
  1
T03
  7
CN
 11
12786.4
 21
1071.5
 31
0.0
100
AcDbText
  0
TEXT
  5
2F0
330
17
100
AcDbEntity
  8
TXT
100
AcDbText
 10
13006.4
 20
1071.5
 30
0.0
 40
38.0
  1
34
  7
CN
 11
13006.4
 21
1071.5
 31
0.0
100
AcDbText
  0
TEXT
  5
2F1
330
17
100
AcDbEntity
  8
TXT
100
AcDbText
 10
13216.4
 20
1071.5
 30
0.0
 40
38.0
  1
切割件 cut, 4 边 sides  11/65/76/92 mm  (外接框 bbox 54 x 99, 2805 mm2)
  7
CN
 11
13216.4
 21
1071.5
 31
0.0
100
AcDbText
  0
LWPOLYLINE
  5
2F2
330
17
100
AcDbEntity
  8
P3_T04_CUT
100
AcDbPolyline
 90
4
 70
1
 10
12636.4
 20
976.5
 10
12746.4
 20
976.5
 10
12746.4
 20
1038.5
 10
12636.4
 20
1038.5
  0
TEXT
  5
2F3
330
17
100
AcDbEntity
  8
TXT
100
AcDbText
 10
12786.4
 20
976.5
 30
0.0
 40
38.0
  1
T04
  7
CN
 11
12786.4
 21
976.5
 31
0.0
100
AcDbText
  0
TEXT
  5
2F4
330
17
100
AcDbEntity
  8
TXT
100
AcDbText
 10
13006.4
 20
976.5
 30
0.0
 40
38.0
  1
10
  7
CN
 11
13006.4
 21
976.5
 31
0.0
100
AcDbText
  0
TEXT
  5
2F5
330
17
100
AcDbEntity
  8
TXT
100
AcDbText
 10
13216.4
 20
976.5
 30
0.0
 40
38.0
  1
切割件 cut, 5 边 sides  11/65/76/161/215 mm  (外接框 bbox 198 x 160, 12541 mm2)
  7
CN
 11
13216.4
 21
976.5
 31
0.0
100
AcDbText
  0
LWPOLYLINE
  5
2F6
330
17
100
AcDbEntity
  8
P3_T05_CUT
100
AcDbPolyline
 90
4
 70
1
 10
12636.4
 20
881.5
 10
12746.4
 20
881.5
 10
12746.4
 20
943.5
 10
12636.4
 20
943.5
  0
TEXT
  5
2F7
330
17
100
AcDbEntity
  8
TXT
100
AcDbText
 10
12786.4
 20
881.5
 30
0.0
 40
38.0
  1
T05
  7
CN
 11
12786.4
 21
881.5
 31
0.0
100
AcDbText
  0
TEXT
  5
2F8
330
17
100
AcDbEntity
  8
TXT
100
AcDbText
 10
13006.4
 20
881.5
 30
0.0
 40
38.0
  1
8
  7
CN
 11
13006.4
 21
881.5
 31
0.0
100
AcDbText
  0
TEXT
  5
2F9
330
17
100
AcDbEntity
  8
TXT
100
AcDbText
 10
13216.4
 20
881.5
 30
0.0
 40
38.0
  1
切割件 cut, 4 边 sides  65/86/92/151 mm  (外接框 bbox 153 x 107, 7732 mm2)
  7
CN
 11
13216.4
 21
881.5
 31
0.0
100
AcDbText
  0
LWPOLYLINE
  5
2FA
330
17
100
AcDbEntity
  8
PANEL
370
50
100
AcDbPolyline
 90
4
 70
1
 10
0.0
 20
-3236.5
 10
1436.0
 20
-3236.5
 10
1436.0
 20
-1719.5
 10
0.0
 20
-1719.5
  0
LWPOLYLINE
  5
2FD
330
17
100
AcDbEntity
  8
P4_T02_STD
100
AcDbPolyline
 90
4
 70
1
 10
0.0
 20
-3236.5
 10
65.0
 20
-3236.5
 10
65.0
 20
-3132.5
 10
0.0
 20
-3132.5
  0
LWPOLYLINE
  5
2FE
330
17
100
AcDbEntity
  8
P4_T02_STD
100
AcDbPolyline
 90
4
 70
1
 10
72.0
 20
-3236.5
 10
137.0
 20
-3236.5
 10
137.0
 20
-3132.5
 10
72.0
 20
-3132.5
  0
LWPOLYLINE
  5
2FF
330
17
100
AcDbEntity
  8
P4_T02_STD
100
AcDbPolyline
 90
4
 70
1
 10
144.0
 20
-3236.5
 10
209.0
 20
-3236.5
 10
209.0
 20
-3132.5
 10
144.0
 20
-3132.5
  0
LWPOLYLINE
  5
300
330
17
100
AcDbEntity
  8
P4_T02_STD
100
AcDbPolyline
 90
4
 70
1
 10
216.0
 20
-3236.5
 10
281.0
 20
-3236.5
 10
281.0
 20
-3132.5
 10
216.0
 20
-3132.5
  0
LWPOLYLINE
  5
301
330
17
100
AcDbEntity
  8
P4_T02_STD
100
AcDbPolyline
 90
4
 70
1
 10
288.0
 20
-3236.5
 10
353.0
 20
-3236.5
 10
353.0
 20
-3132.5
 10
288.0
 20
-3132.5
  0
LWPOLYLINE
  5
302
330
17
100
AcDbEntity
  8
P4_T02_STD
100
AcDbPolyline
 90
4
 70
1
 10
360.0
 20
-3236.5
 10
425.0
 20
-3236.5
 10
425.0
 20
-3132.5
 10
360.0
 20
-3132.5
  0
LWPOLYLINE
  5
303
330
17
100
AcDbEntity
  8
P4_T02_STD
100
AcDbPolyline
 90
4
 70
1
 10
432.0
 20
-3236.5
 10
497.0
 20
-3236.5
 10
497.0
 20
-3132.5
 10
432.0
 20
-3132.5
  0
LWPOLYLINE
  5
304
330
17
100
AcDbEntity
  8
P4_T02_STD
100
AcDbPolyline
 90
4
 70
1
 10
504.0
 20
-3236.5
 10
569.0
 20
-3236.5
 10
569.0
 20
-3132.5
 10
504.0
 20
-3132.5
  0
LWPOLYLINE
  5
305
330
17
100
AcDbEntity
  8
P4_T02_STD
100
AcDbPolyline
 90
4
 70
1
 10
576.0
 20
-3236.5
 10
641.0
 20
-3236.5
 10
641.0
 20
-3132.5
 10
576.0
 20
-3132.5
  0
LWPOLYLINE
  5
306
330
17
100
AcDbEntity
  8
P4_T02_STD
100
AcDbPolyline
 90
4
 70
1
 10
648.0
 20
-3236.5
 10
713.0
 20
-3236.5
 10
713.0
 20
-3132.5
 10
648.0
 20
-3132.5
  0
LWPOLYLINE
  5
307
330
17
100
AcDbEntity
  8
P4_T02_STD
100
AcDbPolyline
 90
4
 70
1
 10
720.0
 20
-3236.5
 10
785.0
 20
-3236.5
 10
785.0
 20
-3132.5
 10
720.0
 20
-3132.5
  0
LWPOLYLINE
  5
308
330
17
100
AcDbEntity
  8
P4_T02_STD
100
AcDbPolyline
 90
4
 70
1
 10
792.0
 20
-3236.5
 10
857.0
 20
-3236.5
 10
857.0
 20
-3132.5
 10
792.0
 20
-3132.5
  0
LWPOLYLINE
  5
309
330
17
100
AcDbEntity
  8
P4_T02_STD
100
AcDbPolyline
 90
4
 70
1
 10
864.0
 20
-3236.5
 10
929.0
 20
-3236.5
 10
929.0
 20
-3132.5
 10
864.0
 20
-3132.5
  0
LWPOLYLINE
  5
30A
330
17
100
AcDbEntity
  8
P4_T02_STD
100
AcDbPolyline
 90
4
 70
1
 10
936.0
 20
-3236.5
 10
1001.0
 20
-3236.5
 10
1001.0
 20
-3132.5
 10
936.0
 20
-3132.5
  0
LWPOLYLINE
  5
30B
330
17
100
AcDbEntity
  8
P4_T02_STD
100
AcDbPolyline
 90
4
 70
1
 10
1008.0
 20
-3236.5
 10
1073.0
 20
-3236.5
 10
1073.0
 20
-3132.5
 10
1008.0
 20
-3132.5
  0
LWPOLYLINE
  5
30C
330
17
100
AcDbEntity
  8
P4_T02_STD
100
AcDbPolyline
 90
4
 70
1
 10
1080.0
 20
-3236.5
 10
1145.0
 20
-3236.5
 10
1145.0
 20
-3132.5
 10
1080.0
 20
-3132.5
  0
LWPOLYLINE
  5
30D
330
17
100
AcDbEntity
  8
P4_T02_STD
100
AcDbPolyline
 90
4
 70
1
 10
1152.0
 20
-3236.5
 10
1217.0
 20
-3236.5
 10
1217.0
 20
-3132.5
 10
1152.0
 20
-3132.5
  0
LWPOLYLINE
  5
30E
330
17
100
AcDbEntity
  8
P4_T02_STD
100
AcDbPolyline
 90
4
 70
1
 10
1224.0
 20
-3236.5
 10
1289.0
 20
-3236.5
 10
1289.0
 20
-3132.5
 10
1224.0
 20
-3132.5
  0
LWPOLYLINE
  5
30F
330
17
100
AcDbEntity
  8
P4_T02_STD
100
AcDbPolyline
 90
4
 70
1
 10
1296.0
 20
-3236.5
 10
1361.0
 20
-3236.5
 10
1361.0
 20
-3132.5
 10
1296.0
 20
-3132.5
  0
LWPOLYLINE
  5
310
330
17
100
AcDbEntity
  8
P4_T02_STD
100
AcDbPolyline
 90
4
 70
1
 10
1368.0
 20
-3236.5
 10
1433.0
 20
-3236.5
 10
1433.0
 20
-3132.5
 10
1368.0
 20
-3132.5
  0
LWPOLYLINE
  5
311
330
17
100
AcDbEntity
  8
P4_T02_STD
100
AcDbPolyline
 90
4
 70
1
 10
0.0
 20
-3125.5
 10
65.0
 20
-3125.5
 10
65.0
 20
-3021.5
 10
0.0
 20
-3021.5
  0
LWPOLYLINE
  5
312
330
17
100
AcDbEntity
  8
P4_T02_STD
100
AcDbPolyline
 90
4
 70
1
 10
72.0
 20
-3125.5
 10
137.0
 20
-3125.5
 10
137.0
 20
-3021.5
 10
72.0
 20
-3021.5
  0
LWPOLYLINE
  5
313
330
17
100
AcDbEntity
  8
P4_T02_STD
100
AcDbPolyline
 90
4
 70
1
 10
144.0
 20
-3125.5
 10
209.0
 20
-3125.5
 10
209.0
 20
-3021.5
 10
144.0
 20
-3021.5
  0
LWPOLYLINE
  5
314
330
17
100
AcDbEntity
  8
P4_T02_STD
100
AcDbPolyline
 90
4
 70
1
 10
216.0
 20
-3125.5
 10
281.0
 20
-3125.5
 10
281.0
 20
-3021.5
 10
216.0
 20
-3021.5
  0
LWPOLYLINE
  5
315
330
17
100
AcDbEntity
  8
P4_T02_STD
100
AcDbPolyline
 90
4
 70
1
 10
288.0
 20
-3125.5
 10
353.0
 20
-3125.5
 10
353.0
 20
-3021.5
 10
288.0
 20
-3021.5
  0
LWPOLYLINE
  5
316
330
17
100
AcDbEntity
  8
P4_T02_STD
100
AcDbPolyline
 90
4
 70
1
 10
360.0
 20
-3125.5
 10
425.0
 20
-3125.5
 10
425.0
 20
-3021.5
 10
360.0
 20
-3021.5
  0
LWPOLYLINE
  5
317
330
17
100
AcDbEntity
  8
P4_T02_STD
100
AcDbPolyline
 90
4
 70
1
 10
432.0
 20
-3125.5
 10
497.0
 20
-3125.5
 10
497.0
 20
-3021.5
 10
432.0
 20
-3021.5
  0
LWPOLYLINE
  5
318
330
17
100
AcDbEntity
  8
P4_T02_STD
100
AcDbPolyline
 90
4
 70
1
 10
504.0
 20
-3125.5
 10
569.0
 20
-3125.5
 10
569.0
 20
-3021.5
 10
504.0
 20
-3021.5
  0
LWPOLYLINE
  5
319
330
17
100
AcDbEntity
  8
P4_T02_STD
100
AcDbPolyline
 90
4
 70
1
 10
576.0
 20
-3125.5
 10
641.0
 20
-3125.5
 10
641.0
 20
-3021.5
 10
576.0
 20
-3021.5
  0
LWPOLYLINE
  5
31A
330
17
100
AcDbEntity
  8
P4_T02_STD
100
AcDbPolyline
 90
4
 70
1
 10
648.0
 20
-3125.5
 10
713.0
 20
-3125.5
 10
713.0
 20
-3021.5
 10
648.0
 20
-3021.5
  0
LWPOLYLINE
  5
31B
330
17
100
AcDbEntity
  8
P4_T02_STD
100
AcDbPolyline
 90
4
 70
1
 10
720.0
 20
-3125.5
 10
785.0
 20
-3125.5
 10
785.0
 20
-3021.5
 10
720.0
 20
-3021.5
  0
LWPOLYLINE
  5
31C
330
17
100
AcDbEntity
  8
P4_T02_STD
100
AcDbPolyline
 90
4
 70
1
 10
792.0
 20
-3125.5
 10
857.0
 20
-3125.5
 10
857.0
 20
-3021.5
 10
792.0
 20
-3021.5
  0
LWPOLYLINE
  5
31D
330
17
100
AcDbEntity
  8
P4_T02_STD
100
AcDbPolyline
 90
4
 70
1
 10
864.0
 20
-3125.5
 10
929.0
 20
-3125.5
 10
929.0
 20
-3021.5
 10
864.0
 20
-3021.5
  0
LWPOLYLINE
  5
31E
330
17
100
AcDbEntity
  8
P4_T02_STD
100
AcDbPolyline
 90
4
 70
1
 10
936.0
 20
-3125.5
 10
1001.0
 20
-3125.5
 10
1001.0
 20
-3021.5
 10
936.0
 20
-3021.5
  0
LWPOLYLINE
  5
31F
330
17
100
AcDbEntity
  8
P4_T02_STD
100
AcDbPolyline
 90
4
 70
1
 10
1008.0
 20
-3125.5
 10
1073.0
 20
-3125.5
 10
1073.0
 20
-3021.5
 10
1008.0
 20
-3021.5
  0
LWPOLYLINE
  5
320
330
17
100
AcDbEntity
  8
P4_T02_STD
100
AcDbPolyline
 90
4
 70
1
 10
1080.0
 20
-3125.5
 10
1145.0
 20
-3125.5
 10
1145.0
 20
-3021.5
 10
1080.0
 20
-3021.5
  0
LWPOLYLINE
  5
321
330
17
100
AcDbEntity
  8
P4_T02_STD
100
AcDbPolyline
 90
4
 70
1
 10
1152.0
 20
-3125.5
 10
1217.0
 20
-3125.5
 10
1217.0
 20
-3021.5
 10
1152.0
 20
-3021.5
  0
LWPOLYLINE
  5
322
330
17
100
AcDbEntity
  8
P4_T02_STD
100
AcDbPolyline
 90
4
 70
1
 10
1224.0
 20
-3125.5
 10
1289.0
 20
-3125.5
 10
1289.0
 20
-3021.5
 10
1224.0
 20
-3021.5
  0
LWPOLYLINE
  5
323
330
17
100
AcDbEntity
  8
P4_T02_STD
100
AcDbPolyline
 90
4
 70
1
 10
1296.0
 20
-3125.5
 10
1361.0
 20
-3125.5
 10
1361.0
 20
-3021.5
 10
1296.0
 20
-3021.5
  0
LWPOLYLINE
  5
324
330
17
100
AcDbEntity
  8
P4_T02_STD
100
AcDbPolyline
 90
4
 70
1
 10
1368.0
 20
-3125.5
 10
1433.0
 20
-3125.5
 10
1433.0
 20
-3021.5
 10
1368.0
 20
-3021.5
  0
LWPOLYLINE
  5
325
330
17
100
AcDbEntity
  8
P4_T02_STD
100
AcDbPolyline
 90
4
 70
1
 10
0.0
 20
-1934.5
 10
65.0
 20
-1934.5
 10
65.0
 20
-1830.5
 10
0.0
 20
-1830.5
  0
LWPOLYLINE
  5
326
330
17
100
AcDbEntity
  8
P4_T02_STD
100
AcDbPolyline
 90
4
 70
1
 10
72.0
 20
-1934.5
 10
137.0
 20
-1934.5
 10
137.0
 20
-1830.5
 10
72.0
 20
-1830.5
  0
LWPOLYLINE
  5
327
330
17
100
AcDbEntity
  8
P4_T02_STD
100
AcDbPolyline
 90
4
 70
1
 10
144.0
 20
-1934.5
 10
209.0
 20
-1934.5
 10
209.0
 20
-1830.5
 10
144.0
 20
-1830.5
  0
LWPOLYLINE
  5
328
330
17
100
AcDbEntity
  8
P4_T02_STD
100
AcDbPolyline
 90
4
 70
1
 10
216.0
 20
-1934.5
 10
281.0
 20
-1934.5
 10
281.0
 20
-1830.5
 10
216.0
 20
-1830.5
  0
LWPOLYLINE
  5
329
330
17
100
AcDbEntity
  8
P4_T02_STD
100
AcDbPolyline
 90
4
 70
1
 10
288.0
 20
-1934.5
 10
353.0
 20
-1934.5
 10
353.0
 20
-1830.5
 10
288.0
 20
-1830.5
  0
LWPOLYLINE
  5
32A
330
17
100
AcDbEntity
  8
P4_T02_STD
100
AcDbPolyline
 90
4
 70
1
 10
360.0
 20
-1934.5
 10
425.0
 20
-1934.5
 10
425.0
 20
-1830.5
 10
360.0
 20
-1830.5
  0
LWPOLYLINE
  5
32B
330
17
100
AcDbEntity
  8
P4_T02_STD
100
AcDbPolyline
 90
4
 70
1
 10
432.0
 20
-1934.5
 10
497.0
 20
-1934.5
 10
497.0
 20
-1830.5
 10
432.0
 20
-1830.5
  0
LWPOLYLINE
  5
32C
330
17
100
AcDbEntity
  8
P4_T02_STD
100
AcDbPolyline
 90
4
 70
1
 10
504.0
 20
-1934.5
 10
569.0
 20
-1934.5
 10
569.0
 20
-1830.5
 10
504.0
 20
-1830.5
  0
LWPOLYLINE
  5
32D
330
17
100
AcDbEntity
  8
P4_T02_STD
100
AcDbPolyline
 90
4
 70
1
 10
576.0
 20
-1934.5
 10
641.0
 20
-1934.5
 10
641.0
 20
-1830.5
 10
576.0
 20
-1830.5
  0
LWPOLYLINE
  5
32E
330
17
100
AcDbEntity
  8
P4_T02_STD
100
AcDbPolyline
 90
4
 70
1
 10
648.0
 20
-1934.5
 10
713.0
 20
-1934.5
 10
713.0
 20
-1830.5
 10
648.0
 20
-1830.5
  0
LWPOLYLINE
  5
32F
330
17
100
AcDbEntity
  8
P4_T02_STD
100
AcDbPolyline
 90
4
 70
1
 10
720.0
 20
-1934.5
 10
785.0
 20
-1934.5
 10
785.0
 20
-1830.5
 10
720.0
 20
-1830.5
  0
LWPOLYLINE
  5
330
330
17
100
AcDbEntity
  8
P4_T02_STD
100
AcDbPolyline
 90
4
 70
1
 10
792.0
 20
-1934.5
 10
857.0
 20
-1934.5
 10
857.0
 20
-1830.5
 10
792.0
 20
-1830.5
  0
LWPOLYLINE
  5
331
330
17
100
AcDbEntity
  8
P4_T02_STD
100
AcDbPolyline
 90
4
 70
1
 10
864.0
 20
-1934.5
 10
929.0
 20
-1934.5
 10
929.0
 20
-1830.5
 10
864.0
 20
-1830.5
  0
LWPOLYLINE
  5
332
330
17
100
AcDbEntity
  8
P4_T02_STD
100
AcDbPolyline
 90
4
 70
1
 10
936.0
 20
-1934.5
 10
1001.0
 20
-1934.5
 10
1001.0
 20
-1830.5
 10
936.0
 20
-1830.5
  0
LWPOLYLINE
  5
333
330
17
100
AcDbEntity
  8
P4_T02_STD
100
AcDbPolyline
 90
4
 70
1
 10
1008.0
 20
-1934.5
 10
1073.0
 20
-1934.5
 10
1073.0
 20
-1830.5
 10
1008.0
 20
-1830.5
  0
LWPOLYLINE
  5
334
330
17
100
AcDbEntity
  8
P4_T02_STD
100
AcDbPolyline
 90
4
 70
1
 10
1080.0
 20
-1934.5
 10
1145.0
 20
-1934.5
 10
1145.0
 20
-1830.5
 10
1080.0
 20
-1830.5
  0
LWPOLYLINE
  5
335
330
17
100
AcDbEntity
  8
P4_T02_STD
100
AcDbPolyline
 90
4
 70
1
 10
1152.0
 20
-1934.5
 10
1217.0
 20
-1934.5
 10
1217.0
 20
-1830.5
 10
1152.0
 20
-1830.5
  0
LWPOLYLINE
  5
336
330
17
100
AcDbEntity
  8
P4_T02_STD
100
AcDbPolyline
 90
4
 70
1
 10
1224.0
 20
-1934.5
 10
1289.0
 20
-1934.5
 10
1289.0
 20
-1830.5
 10
1224.0
 20
-1830.5
  0
LWPOLYLINE
  5
337
330
17
100
AcDbEntity
  8
P4_T02_STD
100
AcDbPolyline
 90
4
 70
1
 10
1296.0
 20
-1934.5
 10
1361.0
 20
-1934.5
 10
1361.0
 20
-1830.5
 10
1296.0
 20
-1830.5
  0
LWPOLYLINE
  5
338
330
17
100
AcDbEntity
  8
P4_T02_STD
100
AcDbPolyline
 90
4
 70
1
 10
1368.0
 20
-1934.5
 10
1433.0
 20
-1934.5
 10
1433.0
 20
-1830.5
 10
1368.0
 20
-1830.5
  0
LWPOLYLINE
  5
339
330
17
100
AcDbEntity
  8
P4_T02_STD
100
AcDbPolyline
 90
4
 70
1
 10
0.0
 20
-1823.5
 10
65.0
 20
-1823.5
 10
65.0
 20
-1719.5
 10
0.0
 20
-1719.5
  0
LWPOLYLINE
  5
33A
330
17
100
AcDbEntity
  8
P4_T02_STD
100
AcDbPolyline
 90
4
 70
1
 10
72.0
 20
-1823.5
 10
137.0
 20
-1823.5
 10
137.0
 20
-1719.5
 10
72.0
 20
-1719.5
  0
LWPOLYLINE
  5
33B
330
17
100
AcDbEntity
  8
P4_T02_STD
100
AcDbPolyline
 90
4
 70
1
 10
144.0
 20
-1823.5
 10
209.0
 20
-1823.5
 10
209.0
 20
-1719.5
 10
144.0
 20
-1719.5
  0
LWPOLYLINE
  5
33C
330
17
100
AcDbEntity
  8
P4_T02_STD
100
AcDbPolyline
 90
4
 70
1
 10
216.0
 20
-1823.5
 10
281.0
 20
-1823.5
 10
281.0
 20
-1719.5
 10
216.0
 20
-1719.5
  0
LWPOLYLINE
  5
33D
330
17
100
AcDbEntity
  8
P4_T02_STD
100
AcDbPolyline
 90
4
 70
1
 10
288.0
 20
-1823.5
 10
353.0
 20
-1823.5
 10
353.0
 20
-1719.5
 10
288.0
 20
-1719.5
  0
LWPOLYLINE
  5
33E
330
17
100
AcDbEntity
  8
P4_T02_STD
100
AcDbPolyline
 90
4
 70
1
 10
360.0
 20
-1823.5
 10
425.0
 20
-1823.5
 10
425.0
 20
-1719.5
 10
360.0
 20
-1719.5
  0
LWPOLYLINE
  5
33F
330
17
100
AcDbEntity
  8
P4_T02_STD
100
AcDbPolyline
 90
4
 70
1
 10
432.0
 20
-1823.5
 10
497.0
 20
-1823.5
 10
497.0
 20
-1719.5
 10
432.0
 20
-1719.5
  0
LWPOLYLINE
  5
340
330
17
100
AcDbEntity
  8
P4_T02_STD
100
AcDbPolyline
 90
4
 70
1
 10
504.0
 20
-1823.5
 10
569.0
 20
-1823.5
 10
569.0
 20
-1719.5
 10
504.0
 20
-1719.5
  0
LWPOLYLINE
  5
341
330
17
100
AcDbEntity
  8
P4_T02_STD
100
AcDbPolyline
 90
4
 70
1
 10
576.0
 20
-1823.5
 10
641.0
 20
-1823.5
 10
641.0
 20
-1719.5
 10
576.0
 20
-1719.5
  0
LWPOLYLINE
  5
342
330
17
100
AcDbEntity
  8
P4_T02_STD
100
AcDbPolyline
 90
4
 70
1
 10
648.0
 20
-1823.5
 10
713.0
 20
-1823.5
 10
713.0
 20
-1719.5
 10
648.0
 20
-1719.5
  0
LWPOLYLINE
  5
343
330
17
100
AcDbEntity
  8
P4_T02_STD
100
AcDbPolyline
 90
4
 70
1
 10
720.0
 20
-1823.5
 10
785.0
 20
-1823.5
 10
785.0
 20
-1719.5
 10
720.0
 20
-1719.5
  0
LWPOLYLINE
  5
344
330
17
100
AcDbEntity
  8
P4_T02_STD
100
AcDbPolyline
 90
4
 70
1
 10
792.0
 20
-1823.5
 10
857.0
 20
-1823.5
 10
857.0
 20
-1719.5
 10
792.0
 20
-1719.5
  0
LWPOLYLINE
  5
345
330
17
100
AcDbEntity
  8
P4_T02_STD
100
AcDbPolyline
 90
4
 70
1
 10
864.0
 20
-1823.5
 10
929.0
 20
-1823.5
 10
929.0
 20
-1719.5
 10
864.0
 20
-1719.5
  0
LWPOLYLINE
  5
346
330
17
100
AcDbEntity
  8
P4_T02_STD
100
AcDbPolyline
 90
4
 70
1
 10
936.0
 20
-1823.5
 10
1001.0
 20
-1823.5
 10
1001.0
 20
-1719.5
 10
936.0
 20
-1719.5
  0
LWPOLYLINE
  5
347
330
17
100
AcDbEntity
  8
P4_T02_STD
100
AcDbPolyline
 90
4
 70
1
 10
1008.0
 20
-1823.5
 10
1073.0
 20
-1823.5
 10
1073.0
 20
-1719.5
 10
1008.0
 20
-1719.5
  0
LWPOLYLINE
  5
348
330
17
100
AcDbEntity
  8
P4_T02_STD
100
AcDbPolyline
 90
4
 70
1
 10
1080.0
 20
-1823.5
 10
1145.0
 20
-1823.5
 10
1145.0
 20
-1719.5
 10
1080.0
 20
-1719.5
  0
LWPOLYLINE
  5
349
330
17
100
AcDbEntity
  8
P4_T02_STD
100
AcDbPolyline
 90
4
 70
1
 10
1152.0
 20
-1823.5
 10
1217.0
 20
-1823.5
 10
1217.0
 20
-1719.5
 10
1152.0
 20
-1719.5
  0
LWPOLYLINE
  5
34A
330
17
100
AcDbEntity
  8
P4_T02_STD
100
AcDbPolyline
 90
4
 70
1
 10
1224.0
 20
-1823.5
 10
1289.0
 20
-1823.5
 10
1289.0
 20
-1719.5
 10
1224.0
 20
-1719.5
  0
LWPOLYLINE
  5
34B
330
17
100
AcDbEntity
  8
P4_T02_STD
100
AcDbPolyline
 90
4
 70
1
 10
1296.0
 20
-1823.5
 10
1361.0
 20
-1823.5
 10
1361.0
 20
-1719.5
 10
1296.0
 20
-1719.5
  0
LWPOLYLINE
  5
34C
330
17
100
AcDbEntity
  8
P4_T02_STD
100
AcDbPolyline
 90
4
 70
1
 10
1368.0
 20
-1823.5
 10
1433.0
 20
-1823.5
 10
1433.0
 20
-1719.5
 10
1368.0
 20
-1719.5
  0
LWPOLYLINE
  5
34D
330
17
100
AcDbEntity
  8
P4_T01_WHOLE
100
AcDbPolyline
 90
4
 70
1
 10
0.0
 20
-3014.5
 10
215.0
 20
-3014.5
 10
215.0
 20
-2949.5
 10
0.0
 20
-2949.5
  0
LWPOLYLINE
  5
34E
330
17
100
AcDbEntity
  8
P4_T01_WHOLE
100
AcDbPolyline
 90
4
 70
1
 10
222.0
 20
-3014.5
 10
437.0
 20
-3014.5
 10
437.0
 20
-2949.5
 10
222.0
 20
-2949.5
  0
LWPOLYLINE
  5
34F
330
17
100
AcDbEntity
  8
P4_T01_WHOLE
100
AcDbPolyline
 90
4
 70
1
 10
444.0
 20
-3014.5
 10
659.0
 20
-3014.5
 10
659.0
 20
-2949.5
 10
444.0
 20
-2949.5
  0
LWPOLYLINE
  5
350
330
17
100
AcDbEntity
  8
P4_T01_WHOLE
100
AcDbPolyline
 90
4
 70
1
 10
666.0
 20
-3014.5
 10
881.0
 20
-3014.5
 10
881.0
 20
-2949.5
 10
666.0
 20
-2949.5
  0
LWPOLYLINE
  5
351
330
17
100
AcDbEntity
  8
P4_T01_WHOLE
100
AcDbPolyline
 90
4
 70
1
 10
888.0
 20
-3014.5
 10
1103.0
 20
-3014.5
 10
1103.0
 20
-2949.5
 10
888.0
 20
-2949.5
  0
LWPOLYLINE
  5
352
330
17
100
AcDbEntity
  8
P4_T01_WHOLE
100
AcDbPolyline
 90
4
 70
1
 10
1110.0
 20
-3014.5
 10
1325.0
 20
-3014.5
 10
1325.0
 20
-2949.5
 10
1110.0
 20
-2949.5
  0
LWPOLYLINE
  5
353
330
17
100
AcDbEntity
  8
P4_T02_STD
100
AcDbPolyline
 90
4
 70
1
 10
1332.0
 20
-3014.5
 10
1436.0
 20
-3014.5
 10
1436.0
 20
-2949.5
 10
1332.0
 20
-2949.5
  0
LWPOLYLINE
  5
354
330
17
100
AcDbEntity
  8
P4_T02_STD
100
AcDbPolyline
 90
4
 70
1
 10
0.0
 20
-2942.5
 10
104.0
 20
-2942.5
 10
104.0
 20
-2877.5
 10
0.0
 20
-2877.5
  0
LWPOLYLINE
  5
355
330
17
100
AcDbEntity
  8
P4_T01_WHOLE
100
AcDbPolyline
 90
4
 70
1
 10
111.0
 20
-2942.5
 10
326.0
 20
-2942.5
 10
326.0
 20
-2877.5
 10
111.0
 20
-2877.5
  0
LWPOLYLINE
  5
356
330
17
100
AcDbEntity
  8
P4_T01_WHOLE
100
AcDbPolyline
 90
4
 70
1
 10
333.0
 20
-2942.5
 10
548.0
 20
-2942.5
 10
548.0
 20
-2877.5
 10
333.0
 20
-2877.5
  0
LWPOLYLINE
  5
357
330
17
100
AcDbEntity
  8
P4_T01_WHOLE
100
AcDbPolyline
 90
4
 70
1
 10
555.0
 20
-2942.5
 10
770.0
 20
-2942.5
 10
770.0
 20
-2877.5
 10
555.0
 20
-2877.5
  0
LWPOLYLINE
  5
358
330
17
100
AcDbEntity
  8
P4_T01_WHOLE
100
AcDbPolyline
 90
4
 70
1
 10
777.0
 20
-2942.5
 10
992.0
 20
-2942.5
 10
992.0
 20
-2877.5
 10
777.0
 20
-2877.5
  0
LWPOLYLINE
  5
359
330
17
100
AcDbEntity
  8
P4_T01_WHOLE
100
AcDbPolyline
 90
4
 70
1
 10
999.0
 20
-2942.5
 10
1214.0
 20
-2942.5
 10
1214.0
 20
-2877.5
 10
999.0
 20
-2877.5
  0
LWPOLYLINE
  5
35A
330
17
100
AcDbEntity
  8
P4_T01_WHOLE
100
AcDbPolyline
 90
4
 70
1
 10
1221.0
 20
-2942.5
 10
1436.0
 20
-2942.5
 10
1436.0
 20
-2877.5
 10
1221.0
 20
-2877.5
  0
LWPOLYLINE
  5
35B
330
17
100
AcDbEntity
  8
P4_T01_WHOLE
100
AcDbPolyline
 90
4
 70
1
 10
0.0
 20
-2870.5
 10
215.0
 20
-2870.5
 10
215.0
 20
-2805.5
 10
0.0
 20
-2805.5
  0
LWPOLYLINE
  5
35C
330
17
100
AcDbEntity
  8
P4_T01_WHOLE
100
AcDbPolyline
 90
4
 70
1
 10
222.0
 20
-2870.5
 10
437.0
 20
-2870.5
 10
437.0
 20
-2805.5
 10
222.0
 20
-2805.5
  0
LWPOLYLINE
  5
35D
330
17
100
AcDbEntity
  8
P4_T01_WHOLE
100
AcDbPolyline
 90
4
 70
1
 10
444.0
 20
-2870.5
 10
659.0
 20
-2870.5
 10
659.0
 20
-2805.5
 10
444.0
 20
-2805.5
  0
LWPOLYLINE
  5
35E
330
17
100
AcDbEntity
  8
P4_T01_WHOLE
100
AcDbPolyline
 90
4
 70
1
 10
666.0
 20
-2870.5
 10
881.0
 20
-2870.5
 10
881.0
 20
-2805.5
 10
666.0
 20
-2805.5
  0
LWPOLYLINE
  5
35F
330
17
100
AcDbEntity
  8
P4_T01_WHOLE
100
AcDbPolyline
 90
4
 70
1
 10
888.0
 20
-2870.5
 10
1103.0
 20
-2870.5
 10
1103.0
 20
-2805.5
 10
888.0
 20
-2805.5
  0
LWPOLYLINE
  5
360
330
17
100
AcDbEntity
  8
P4_T01_WHOLE
100
AcDbPolyline
 90
4
 70
1
 10
1110.0
 20
-2870.5
 10
1325.0
 20
-2870.5
 10
1325.0
 20
-2805.5
 10
1110.0
 20
-2805.5
  0
LWPOLYLINE
  5
361
330
17
100
AcDbEntity
  8
P4_T02_STD
100
AcDbPolyline
 90
4
 70
1
 10
1332.0
 20
-2870.5
 10
1436.0
 20
-2870.5
 10
1436.0
 20
-2805.5
 10
1332.0
 20
-2805.5
  0
LWPOLYLINE
  5
362
330
17
100
AcDbEntity
  8
P4_T02_STD
100
AcDbPolyline
 90
4
 70
1
 10
0.0
 20
-2798.5
 10
104.0
 20
-2798.5
 10
104.0
 20
-2733.5
 10
0.0
 20
-2733.5
  0
LWPOLYLINE
  5
363
330
17
100
AcDbEntity
  8
P4_T01_WHOLE
100
AcDbPolyline
 90
4
 70
1
 10
111.0
 20
-2798.5
 10
326.0
 20
-2798.5
 10
326.0
 20
-2733.5
 10
111.0
 20
-2733.5
  0
LWPOLYLINE
  5
364
330
17
100
AcDbEntity
  8
P4_T01_WHOLE
100
AcDbPolyline
 90
4
 70
1
 10
333.0
 20
-2798.5
 10
548.0
 20
-2798.5
 10
548.0
 20
-2733.5
 10
333.0
 20
-2733.5
  0
LWPOLYLINE
  5
365
330
17
100
AcDbEntity
  8
P4_T01_WHOLE
100
AcDbPolyline
 90
4
 70
1
 10
555.0
 20
-2798.5
 10
770.0
 20
-2798.5
 10
770.0
 20
-2733.5
 10
555.0
 20
-2733.5
  0
LWPOLYLINE
  5
366
330
17
100
AcDbEntity
  8
P4_T01_WHOLE
100
AcDbPolyline
 90
4
 70
1
 10
777.0
 20
-2798.5
 10
992.0
 20
-2798.5
 10
992.0
 20
-2733.5
 10
777.0
 20
-2733.5
  0
LWPOLYLINE
  5
367
330
17
100
AcDbEntity
  8
P4_T01_WHOLE
100
AcDbPolyline
 90
4
 70
1
 10
999.0
 20
-2798.5
 10
1214.0
 20
-2798.5
 10
1214.0
 20
-2733.5
 10
999.0
 20
-2733.5
  0
LWPOLYLINE
  5
368
330
17
100
AcDbEntity
  8
P4_T01_WHOLE
100
AcDbPolyline
 90
4
 70
1
 10
1221.0
 20
-2798.5
 10
1436.0
 20
-2798.5
 10
1436.0
 20
-2733.5
 10
1221.0
 20
-2733.5
  0
LWPOLYLINE
  5
369
330
17
100
AcDbEntity
  8
P4_T01_WHOLE
100
AcDbPolyline
 90
4
 70
1
 10
0.0
 20
-2726.5
 10
215.0
 20
-2726.5
 10
215.0
 20
-2661.5
 10
0.0
 20
-2661.5
  0
LWPOLYLINE
  5
36A
330
17
100
AcDbEntity
  8
P4_T01_WHOLE
100
AcDbPolyline
 90
4
 70
1
 10
222.0
 20
-2726.5
 10
437.0
 20
-2726.5
 10
437.0
 20
-2661.5
 10
222.0
 20
-2661.5
  0
LWPOLYLINE
  5
36B
330
17
100
AcDbEntity
  8
P4_T01_WHOLE
100
AcDbPolyline
 90
4
 70
1
 10
444.0
 20
-2726.5
 10
659.0
 20
-2726.5
 10
659.0
 20
-2661.5
 10
444.0
 20
-2661.5
  0
LWPOLYLINE
  5
36C
330
17
100
AcDbEntity
  8
P4_T01_WHOLE
100
AcDbPolyline
 90
4
 70
1
 10
666.0
 20
-2726.5
 10
881.0
 20
-2726.5
 10
881.0
 20
-2661.5
 10
666.0
 20
-2661.5
  0
LWPOLYLINE
  5
36D
330
17
100
AcDbEntity
  8
P4_T01_WHOLE
100
AcDbPolyline
 90
4
 70
1
 10
888.0
 20
-2726.5
 10
1103.0
 20
-2726.5
 10
1103.0
 20
-2661.5
 10
888.0
 20
-2661.5
  0
LWPOLYLINE
  5
36E
330
17
100
AcDbEntity
  8
P4_T01_WHOLE
100
AcDbPolyline
 90
4
 70
1
 10
1110.0
 20
-2726.5
 10
1325.0
 20
-2726.5
 10
1325.0
 20
-2661.5
 10
1110.0
 20
-2661.5
  0
LWPOLYLINE
  5
36F
330
17
100
AcDbEntity
  8
P4_T02_STD
100
AcDbPolyline
 90
4
 70
1
 10
1332.0
 20
-2726.5
 10
1436.0
 20
-2726.5
 10
1436.0
 20
-2661.5
 10
1332.0
 20
-2661.5
  0
LWPOLYLINE
  5
370
330
17
100
AcDbEntity
  8
P4_T02_STD
100
AcDbPolyline
 90
4
 70
1
 10
0.0
 20
-2654.5
 10
104.0
 20
-2654.5
 10
104.0
 20
-2589.5
 10
0.0
 20
-2589.5
  0
LWPOLYLINE
  5
371
330
17
100
AcDbEntity
  8
P4_T01_WHOLE
100
AcDbPolyline
 90
4
 70
1
 10
111.0
 20
-2654.5
 10
326.0
 20
-2654.5
 10
326.0
 20
-2589.5
 10
111.0
 20
-2589.5
  0
LWPOLYLINE
  5
372
330
17
100
AcDbEntity
  8
P4_T01_WHOLE
100
AcDbPolyline
 90
4
 70
1
 10
333.0
 20
-2654.5
 10
548.0
 20
-2654.5
 10
548.0
 20
-2589.5
 10
333.0
 20
-2589.5
  0
LWPOLYLINE
  5
373
330
17
100
AcDbEntity
  8
P4_T01_WHOLE
100
AcDbPolyline
 90
4
 70
1
 10
555.0
 20
-2654.5
 10
770.0
 20
-2654.5
 10
770.0
 20
-2589.5
 10
555.0
 20
-2589.5
  0
LWPOLYLINE
  5
374
330
17
100
AcDbEntity
  8
P4_T01_WHOLE
100
AcDbPolyline
 90
4
 70
1
 10
777.0
 20
-2654.5
 10
992.0
 20
-2654.5
 10
992.0
 20
-2589.5
 10
777.0
 20
-2589.5
  0
LWPOLYLINE
  5
375
330
17
100
AcDbEntity
  8
P4_T01_WHOLE
100
AcDbPolyline
 90
4
 70
1
 10
999.0
 20
-2654.5
 10
1214.0
 20
-2654.5
 10
1214.0
 20
-2589.5
 10
999.0
 20
-2589.5
  0
LWPOLYLINE
  5
376
330
17
100
AcDbEntity
  8
P4_T01_WHOLE
100
AcDbPolyline
 90
4
 70
1
 10
1221.0
 20
-2654.5
 10
1436.0
 20
-2654.5
 10
1436.0
 20
-2589.5
 10
1221.0
 20
-2589.5
  0
LWPOLYLINE
  5
377
330
17
100
AcDbEntity
  8
P4_T01_WHOLE
100
AcDbPolyline
 90
4
 70
1
 10
0.0
 20
-2582.5
 10
215.0
 20
-2582.5
 10
215.0
 20
-2517.5
 10
0.0
 20
-2517.5
  0
LWPOLYLINE
  5
378
330
17
100
AcDbEntity
  8
P4_T01_WHOLE
100
AcDbPolyline
 90
4
 70
1
 10
222.0
 20
-2582.5
 10
437.0
 20
-2582.5
 10
437.0
 20
-2517.5
 10
222.0
 20
-2517.5
  0
LWPOLYLINE
  5
379
330
17
100
AcDbEntity
  8
P4_T01_WHOLE
100
AcDbPolyline
 90
4
 70
1
 10
444.0
 20
-2582.5
 10
659.0
 20
-2582.5
 10
659.0
 20
-2517.5
 10
444.0
 20
-2517.5
  0
LWPOLYLINE
  5
37A
330
17
100
AcDbEntity
  8
P4_T01_WHOLE
100
AcDbPolyline
 90
4
 70
1
 10
666.0
 20
-2582.5
 10
881.0
 20
-2582.5
 10
881.0
 20
-2517.5
 10
666.0
 20
-2517.5
  0
LWPOLYLINE
  5
37B
330
17
100
AcDbEntity
  8
P4_T01_WHOLE
100
AcDbPolyline
 90
4
 70
1
 10
888.0
 20
-2582.5
 10
1103.0
 20
-2582.5
 10
1103.0
 20
-2517.5
 10
888.0
 20
-2517.5
  0
LWPOLYLINE
  5
37C
330
17
100
AcDbEntity
  8
P4_T01_WHOLE
100
AcDbPolyline
 90
4
 70
1
 10
1110.0
 20
-2582.5
 10
1325.0
 20
-2582.5
 10
1325.0
 20
-2517.5
 10
1110.0
 20
-2517.5
  0
LWPOLYLINE
  5
37D
330
17
100
AcDbEntity
  8
P4_T02_STD
100
AcDbPolyline
 90
4
 70
1
 10
1332.0
 20
-2582.5
 10
1436.0
 20
-2582.5
 10
1436.0
 20
-2517.5
 10
1332.0
 20
-2517.5
  0
LWPOLYLINE
  5
37E
330
17
100
AcDbEntity
  8
P4_T02_STD
100
AcDbPolyline
 90
4
 70
1
 10
0.0
 20
-2510.5
 10
104.0
 20
-2510.5
 10
104.0
 20
-2445.5
 10
0.0
 20
-2445.5
  0
LWPOLYLINE
  5
37F
330
17
100
AcDbEntity
  8
P4_T01_WHOLE
100
AcDbPolyline
 90
4
 70
1
 10
111.0
 20
-2510.5
 10
326.0
 20
-2510.5
 10
326.0
 20
-2445.5
 10
111.0
 20
-2445.5
  0
LWPOLYLINE
  5
380
330
17
100
AcDbEntity
  8
P4_T01_WHOLE
100
AcDbPolyline
 90
4
 70
1
 10
333.0
 20
-2510.5
 10
548.0
 20
-2510.5
 10
548.0
 20
-2445.5
 10
333.0
 20
-2445.5
  0
LWPOLYLINE
  5
381
330
17
100
AcDbEntity
  8
P4_T01_WHOLE
100
AcDbPolyline
 90
4
 70
1
 10
555.0
 20
-2510.5
 10
770.0
 20
-2510.5
 10
770.0
 20
-2445.5
 10
555.0
 20
-2445.5
  0
LWPOLYLINE
  5
382
330
17
100
AcDbEntity
  8
P4_T01_WHOLE
100
AcDbPolyline
 90
4
 70
1
 10
777.0
 20
-2510.5
 10
992.0
 20
-2510.5
 10
992.0
 20
-2445.5
 10
777.0
 20
-2445.5
  0
LWPOLYLINE
  5
383
330
17
100
AcDbEntity
  8
P4_T01_WHOLE
100
AcDbPolyline
 90
4
 70
1
 10
999.0
 20
-2510.5
 10
1214.0
 20
-2510.5
 10
1214.0
 20
-2445.5
 10
999.0
 20
-2445.5
  0
LWPOLYLINE
  5
384
330
17
100
AcDbEntity
  8
P4_T01_WHOLE
100
AcDbPolyline
 90
4
 70
1
 10
1221.0
 20
-2510.5
 10
1436.0
 20
-2510.5
 10
1436.0
 20
-2445.5
 10
1221.0
 20
-2445.5
  0
LWPOLYLINE
  5
385
330
17
100
AcDbEntity
  8
P4_T01_WHOLE
100
AcDbPolyline
 90
4
 70
1
 10
0.0
 20
-2438.5
 10
215.0
 20
-2438.5
 10
215.0
 20
-2373.5
 10
0.0
 20
-2373.5
  0
LWPOLYLINE
  5
386
330
17
100
AcDbEntity
  8
P4_T01_WHOLE
100
AcDbPolyline
 90
4
 70
1
 10
222.0
 20
-2438.5
 10
437.0
 20
-2438.5
 10
437.0
 20
-2373.5
 10
222.0
 20
-2373.5
  0
LWPOLYLINE
  5
387
330
17
100
AcDbEntity
  8
P4_T01_WHOLE
100
AcDbPolyline
 90
4
 70
1
 10
444.0
 20
-2438.5
 10
659.0
 20
-2438.5
 10
659.0
 20
-2373.5
 10
444.0
 20
-2373.5
  0
LWPOLYLINE
  5
388
330
17
100
AcDbEntity
  8
P4_T01_WHOLE
100
AcDbPolyline
 90
4
 70
1
 10
666.0
 20
-2438.5
 10
881.0
 20
-2438.5
 10
881.0
 20
-2373.5
 10
666.0
 20
-2373.5
  0
LWPOLYLINE
  5
389
330
17
100
AcDbEntity
  8
P4_T01_WHOLE
100
AcDbPolyline
 90
4
 70
1
 10
888.0
 20
-2438.5
 10
1103.0
 20
-2438.5
 10
1103.0
 20
-2373.5
 10
888.0
 20
-2373.5
  0
LWPOLYLINE
  5
38A
330
17
100
AcDbEntity
  8
P4_T01_WHOLE
100
AcDbPolyline
 90
4
 70
1
 10
1110.0
 20
-2438.5
 10
1325.0
 20
-2438.5
 10
1325.0
 20
-2373.5
 10
1110.0
 20
-2373.5
  0
LWPOLYLINE
  5
38B
330
17
100
AcDbEntity
  8
P4_T02_STD
100
AcDbPolyline
 90
4
 70
1
 10
1332.0
 20
-2438.5
 10
1436.0
 20
-2438.5
 10
1436.0
 20
-2373.5
 10
1332.0
 20
-2373.5
  0
LWPOLYLINE
  5
38C
330
17
100
AcDbEntity
  8
P4_T02_STD
100
AcDbPolyline
 90
4
 70
1
 10
0.0
 20
-2366.5
 10
104.0
 20
-2366.5
 10
104.0
 20
-2301.5
 10
0.0
 20
-2301.5
  0
LWPOLYLINE
  5
38D
330
17
100
AcDbEntity
  8
P4_T01_WHOLE
100
AcDbPolyline
 90
4
 70
1
 10
111.0
 20
-2366.5
 10
326.0
 20
-2366.5
 10
326.0
 20
-2301.5
 10
111.0
 20
-2301.5
  0
LWPOLYLINE
  5
38E
330
17
100
AcDbEntity
  8
P4_T01_WHOLE
100
AcDbPolyline
 90
4
 70
1
 10
333.0
 20
-2366.5
 10
548.0
 20
-2366.5
 10
548.0
 20
-2301.5
 10
333.0
 20
-2301.5
  0
LWPOLYLINE
  5
38F
330
17
100
AcDbEntity
  8
P4_T01_WHOLE
100
AcDbPolyline
 90
4
 70
1
 10
555.0
 20
-2366.5
 10
770.0
 20
-2366.5
 10
770.0
 20
-2301.5
 10
555.0
 20
-2301.5
  0
LWPOLYLINE
  5
390
330
17
100
AcDbEntity
  8
P4_T01_WHOLE
100
AcDbPolyline
 90
4
 70
1
 10
777.0
 20
-2366.5
 10
992.0
 20
-2366.5
 10
992.0
 20
-2301.5
 10
777.0
 20
-2301.5
  0
LWPOLYLINE
  5
391
330
17
100
AcDbEntity
  8
P4_T01_WHOLE
100
AcDbPolyline
 90
4
 70
1
 10
999.0
 20
-2366.5
 10
1214.0
 20
-2366.5
 10
1214.0
 20
-2301.5
 10
999.0
 20
-2301.5
  0
LWPOLYLINE
  5
392
330
17
100
AcDbEntity
  8
P4_T01_WHOLE
100
AcDbPolyline
 90
4
 70
1
 10
1221.0
 20
-2366.5
 10
1436.0
 20
-2366.5
 10
1436.0
 20
-2301.5
 10
1221.0
 20
-2301.5
  0
LWPOLYLINE
  5
393
330
17
100
AcDbEntity
  8
P4_T01_WHOLE
100
AcDbPolyline
 90
4
 70
1
 10
0.0
 20
-2294.5
 10
215.0
 20
-2294.5
 10
215.0
 20
-2229.5
 10
0.0
 20
-2229.5
  0
LWPOLYLINE
  5
394
330
17
100
AcDbEntity
  8
P4_T01_WHOLE
100
AcDbPolyline
 90
4
 70
1
 10
222.0
 20
-2294.5
 10
437.0
 20
-2294.5
 10
437.0
 20
-2229.5
 10
222.0
 20
-2229.5
  0
LWPOLYLINE
  5
395
330
17
100
AcDbEntity
  8
P4_T01_WHOLE
100
AcDbPolyline
 90
4
 70
1
 10
444.0
 20
-2294.5
 10
659.0
 20
-2294.5
 10
659.0
 20
-2229.5
 10
444.0
 20
-2229.5
  0
LWPOLYLINE
  5
396
330
17
100
AcDbEntity
  8
P4_T01_WHOLE
100
AcDbPolyline
 90
4
 70
1
 10
666.0
 20
-2294.5
 10
881.0
 20
-2294.5
 10
881.0
 20
-2229.5
 10
666.0
 20
-2229.5
  0
LWPOLYLINE
  5
397
330
17
100
AcDbEntity
  8
P4_T01_WHOLE
100
AcDbPolyline
 90
4
 70
1
 10
888.0
 20
-2294.5
 10
1103.0
 20
-2294.5
 10
1103.0
 20
-2229.5
 10
888.0
 20
-2229.5
  0
LWPOLYLINE
  5
398
330
17
100
AcDbEntity
  8
P4_T01_WHOLE
100
AcDbPolyline
 90
4
 70
1
 10
1110.0
 20
-2294.5
 10
1325.0
 20
-2294.5
 10
1325.0
 20
-2229.5
 10
1110.0
 20
-2229.5
  0
LWPOLYLINE
  5
399
330
17
100
AcDbEntity
  8
P4_T02_STD
100
AcDbPolyline
 90
4
 70
1
 10
1332.0
 20
-2294.5
 10
1436.0
 20
-2294.5
 10
1436.0
 20
-2229.5
 10
1332.0
 20
-2229.5
  0
LWPOLYLINE
  5
39A
330
17
100
AcDbEntity
  8
P4_T02_STD
100
AcDbPolyline
 90
4
 70
1
 10
0.0
 20
-2222.5
 10
104.0
 20
-2222.5
 10
104.0
 20
-2157.5
 10
0.0
 20
-2157.5
  0
LWPOLYLINE
  5
39B
330
17
100
AcDbEntity
  8
P4_T01_WHOLE
100
AcDbPolyline
 90
4
 70
1
 10
111.0
 20
-2222.5
 10
326.0
 20
-2222.5
 10
326.0
 20
-2157.5
 10
111.0
 20
-2157.5
  0
LWPOLYLINE
  5
39C
330
17
100
AcDbEntity
  8
P4_T01_WHOLE
100
AcDbPolyline
 90
4
 70
1
 10
333.0
 20
-2222.5
 10
548.0
 20
-2222.5
 10
548.0
 20
-2157.5
 10
333.0
 20
-2157.5
  0
LWPOLYLINE
  5
39D
330
17
100
AcDbEntity
  8
P4_T01_WHOLE
100
AcDbPolyline
 90
4
 70
1
 10
555.0
 20
-2222.5
 10
770.0
 20
-2222.5
 10
770.0
 20
-2157.5
 10
555.0
 20
-2157.5
  0
LWPOLYLINE
  5
39E
330
17
100
AcDbEntity
  8
P4_T01_WHOLE
100
AcDbPolyline
 90
4
 70
1
 10
777.0
 20
-2222.5
 10
992.0
 20
-2222.5
 10
992.0
 20
-2157.5
 10
777.0
 20
-2157.5
  0
LWPOLYLINE
  5
39F
330
17
100
AcDbEntity
  8
P4_T01_WHOLE
100
AcDbPolyline
 90
4
 70
1
 10
999.0
 20
-2222.5
 10
1214.0
 20
-2222.5
 10
1214.0
 20
-2157.5
 10
999.0
 20
-2157.5
  0
LWPOLYLINE
  5
3A0
330
17
100
AcDbEntity
  8
P4_T01_WHOLE
100
AcDbPolyline
 90
4
 70
1
 10
1221.0
 20
-2222.5
 10
1436.0
 20
-2222.5
 10
1436.0
 20
-2157.5
 10
1221.0
 20
-2157.5
  0
LWPOLYLINE
  5
3A1
330
17
100
AcDbEntity
  8
P4_T01_WHOLE
100
AcDbPolyline
 90
4
 70
1
 10
0.0
 20
-2150.5
 10
215.0
 20
-2150.5
 10
215.0
 20
-2085.5
 10
0.0
 20
-2085.5
  0
LWPOLYLINE
  5
3A2
330
17
100
AcDbEntity
  8
P4_T01_WHOLE
100
AcDbPolyline
 90
4
 70
1
 10
222.0
 20
-2150.5
 10
437.0
 20
-2150.5
 10
437.0
 20
-2085.5
 10
222.0
 20
-2085.5
  0
LWPOLYLINE
  5
3A3
330
17
100
AcDbEntity
  8
P4_T01_WHOLE
100
AcDbPolyline
 90
4
 70
1
 10
444.0
 20
-2150.5
 10
659.0
 20
-2150.5
 10
659.0
 20
-2085.5
 10
444.0
 20
-2085.5
  0
LWPOLYLINE
  5
3A4
330
17
100
AcDbEntity
  8
P4_T01_WHOLE
100
AcDbPolyline
 90
4
 70
1
 10
666.0
 20
-2150.5
 10
881.0
 20
-2150.5
 10
881.0
 20
-2085.5
 10
666.0
 20
-2085.5
  0
LWPOLYLINE
  5
3A5
330
17
100
AcDbEntity
  8
P4_T01_WHOLE
100
AcDbPolyline
 90
4
 70
1
 10
888.0
 20
-2150.5
 10
1103.0
 20
-2150.5
 10
1103.0
 20
-2085.5
 10
888.0
 20
-2085.5
  0
LWPOLYLINE
  5
3A6
330
17
100
AcDbEntity
  8
P4_T01_WHOLE
100
AcDbPolyline
 90
4
 70
1
 10
1110.0
 20
-2150.5
 10
1325.0
 20
-2150.5
 10
1325.0
 20
-2085.5
 10
1110.0
 20
-2085.5
  0
LWPOLYLINE
  5
3A7
330
17
100
AcDbEntity
  8
P4_T02_STD
100
AcDbPolyline
 90
4
 70
1
 10
1332.0
 20
-2150.5
 10
1436.0
 20
-2150.5
 10
1436.0
 20
-2085.5
 10
1332.0
 20
-2085.5
  0
LWPOLYLINE
  5
3A8
330
17
100
AcDbEntity
  8
P4_T02_STD
100
AcDbPolyline
 90
4
 70
1
 10
0.0
 20
-2078.5
 10
104.0
 20
-2078.5
 10
104.0
 20
-2013.5
 10
0.0
 20
-2013.5
  0
LWPOLYLINE
  5
3A9
330
17
100
AcDbEntity
  8
P4_T01_WHOLE
100
AcDbPolyline
 90
4
 70
1
 10
111.0
 20
-2078.5
 10
326.0
 20
-2078.5
 10
326.0
 20
-2013.5
 10
111.0
 20
-2013.5
  0
LWPOLYLINE
  5
3AA
330
17
100
AcDbEntity
  8
P4_T01_WHOLE
100
AcDbPolyline
 90
4
 70
1
 10
333.0
 20
-2078.5
 10
548.0
 20
-2078.5
 10
548.0
 20
-2013.5
 10
333.0
 20
-2013.5
  0
LWPOLYLINE
  5
3AB
330
17
100
AcDbEntity
  8
P4_T01_WHOLE
100
AcDbPolyline
 90
4
 70
1
 10
555.0
 20
-2078.5
 10
770.0
 20
-2078.5
 10
770.0
 20
-2013.5
 10
555.0
 20
-2013.5
  0
LWPOLYLINE
  5
3AC
330
17
100
AcDbEntity
  8
P4_T01_WHOLE
100
AcDbPolyline
 90
4
 70
1
 10
777.0
 20
-2078.5
 10
992.0
 20
-2078.5
 10
992.0
 20
-2013.5
 10
777.0
 20
-2013.5
  0
LWPOLYLINE
  5
3AD
330
17
100
AcDbEntity
  8
P4_T01_WHOLE
100
AcDbPolyline
 90
4
 70
1
 10
999.0
 20
-2078.5
 10
1214.0
 20
-2078.5
 10
1214.0
 20
-2013.5
 10
999.0
 20
-2013.5
  0
LWPOLYLINE
  5
3AE
330
17
100
AcDbEntity
  8
P4_T01_WHOLE
100
AcDbPolyline
 90
4
 70
1
 10
1221.0
 20
-2078.5
 10
1436.0
 20
-2078.5
 10
1436.0
 20
-2013.5
 10
1221.0
 20
-2013.5
  0
LWPOLYLINE
  5
3AF
330
17
100
AcDbEntity
  8
P4_T01_WHOLE
100
AcDbPolyline
 90
4
 70
1
 10
0.0
 20
-2006.5
 10
215.0
 20
-2006.5
 10
215.0
 20
-1941.5
 10
0.0
 20
-1941.5
  0
LWPOLYLINE
  5
3B0
330
17
100
AcDbEntity
  8
P4_T01_WHOLE
100
AcDbPolyline
 90
4
 70
1
 10
222.0
 20
-2006.5
 10
437.0
 20
-2006.5
 10
437.0
 20
-1941.5
 10
222.0
 20
-1941.5
  0
LWPOLYLINE
  5
3B1
330
17
100
AcDbEntity
  8
P4_T01_WHOLE
100
AcDbPolyline
 90
4
 70
1
 10
444.0
 20
-2006.5
 10
659.0
 20
-2006.5
 10
659.0
 20
-1941.5
 10
444.0
 20
-1941.5
  0
LWPOLYLINE
  5
3B2
330
17
100
AcDbEntity
  8
P4_T01_WHOLE
100
AcDbPolyline
 90
4
 70
1
 10
666.0
 20
-2006.5
 10
881.0
 20
-2006.5
 10
881.0
 20
-1941.5
 10
666.0
 20
-1941.5
  0
LWPOLYLINE
  5
3B3
330
17
100
AcDbEntity
  8
P4_T01_WHOLE
100
AcDbPolyline
 90
4
 70
1
 10
888.0
 20
-2006.5
 10
1103.0
 20
-2006.5
 10
1103.0
 20
-1941.5
 10
888.0
 20
-1941.5
  0
LWPOLYLINE
  5
3B4
330
17
100
AcDbEntity
  8
P4_T01_WHOLE
100
AcDbPolyline
 90
4
 70
1
 10
1110.0
 20
-2006.5
 10
1325.0
 20
-2006.5
 10
1325.0
 20
-1941.5
 10
1110.0
 20
-1941.5
  0
LWPOLYLINE
  5
3B5
330
17
100
AcDbEntity
  8
P4_T02_STD
100
AcDbPolyline
 90
4
 70
1
 10
1332.0
 20
-2006.5
 10
1436.0
 20
-2006.5
 10
1436.0
 20
-1941.5
 10
1332.0
 20
-1941.5
  0
DIMENSION
  5
3B6
330
17
100
AcDbEntity
  8
DIM
100
AcDbDimension
280
0
  2
*D7
  3
MM
 10
0.0
 20
-1479.5
 30
0.0
 11
718.0
 21
-1449.5
 31
0.0
 70
32
 71
5
  1
<>
100
AcDbAlignedDimension
 13
0.0
 23
-1719.5
 33
0.0
 14
1436.0
 24
-1719.5
 34
0.0
 50
0.0
100
AcDbRotatedDimension
  0
DIMENSION
  5
3C5
330
17
100
AcDbEntity
  8
DIM
100
AcDbDimension
280
0
  2
*D8
  3
MM
 10
1676.0
 20
-3236.5
 30
0.0
 11
1646.0
 21
-2478.0
 31
0.0
 70
32
 71
5
  1
<>
100
AcDbAlignedDimension
 13
1436.0
 23
-3236.5
 33
0.0
 14
1436.0
 24
-1719.5
 34
0.0
 50
90.0
100
AcDbRotatedDimension
  0
TEXT
  5
3D4
330
17
100
AcDbEntity
  8
TXT
100
AcDbText
 10
0.0
 20
-819.5
 30
0.0
 40
64.0
  1
4   顺砖错缝，上下各两道收边   Stretcher bond, two border courses top and bottom
  7
CN
 11
0.0
 21
-819.5
 31
0.0
100
AcDbText
  0
TEXT
  5
3D5
330
17
100
AcDbEntity
  8
TXT
100
AcDbText
 10
0.0
 20
-949.5
 30
0.0
 40
40.0
  1
墙面 Wall / 细面 Sleek
  7
CN
 11
0.0
 21
-949.5
 31
0.0
100
AcDbText
  0
TEXT
  5
3D6
330
17
100
AcDbEntity
  8
TXT
100
AcDbText
 10
0.0
 20
-1019.5
 30
0.0
 40
40.0
  1
板面 board 1436 x 1517 mm     灰缝 joint 7 mm     砖片 slip 215 x 65 x 20
  7
CN
 11
0.0
 21
-1019.5
 31
0.0
100
AcDbText
  0
TEXT
  5
3D7
330
17
100
AcDbEntity
  8
TXT
100
AcDbText
 10
0.0
 20
-1089.5
 30
0.0
 40
40.0
  1
共 185 片 pieces:  整砖 90 whole,  标准件 95 standard,  切割件 0 cut
  7
CN
 11
0.0
 21
-1089.5
 31
0.0
100
AcDbText
  0
TEXT
  5
3D8
330
17
100
AcDbEntity
  8
TXT
100
AcDbText
 10
0.0
 20
-1159.5
 30
0.0
 40
40.0
  1
砖型 2 种 brick types,  其中 0 种需切割 need cutting
  7
CN
 11
0.0
 21
-1159.5
 31
0.0
100
AcDbText
  0
TEXT
  5
3D9
330
17
100
AcDbEntity
  8
TXT
100
AcDbText
 10
2056.0
 20
-1719.5
 30
0.0
 40
42.0
  1
编号
  7
CN
 11
2056.0
 21
-1719.5
 31
0.0
100
AcDbText
  0
TEXT
  5
3DA
330
17
100
AcDbEntity
  8
TXT
100
AcDbText
 10
2276.0
 20
-1719.5
 30
0.0
 40
42.0
  1
数量
  7
CN
 11
2276.0
 21
-1719.5
 31
0.0
100
AcDbText
  0
TEXT
  5
3DB
330
17
100
AcDbEntity
  8
TXT
100
AcDbText
 10
2486.0
 20
-1719.5
 30
0.0
 40
42.0
  1
说明  DESCRIPTION
  7
CN
 11
2486.0
 21
-1719.5
 31
0.0
100
AcDbText
  0
LINE
  5
3DC
330
17
100
AcDbEntity
  8
TXT
100
AcDbLine
 10
1896.0
 20
-1753.5
 30
0.0
 11
4296.7
 21
-1753.5
 31
0.0
  0
LWPOLYLINE
  5
3DD
330
17
100
AcDbEntity
  8
P4_T01_WHOLE
100
AcDbPolyline
 90
4
 70
1
 10
1906.0
 20
-1859.5
 10
2016.0
 20
-1859.5
 10
2016.0
 20
-1797.5
 10
1906.0
 20
-1797.5
  0
TEXT
  5
3DE
330
17
100
AcDbEntity
  8
TXT
100
AcDbText
 10
2056.0
 20
-1859.5
 30
0.0
 40
38.0
  1
T01
  7
CN
 11
2056.0
 21
-1859.5
 31
0.0
100
AcDbText
  0
TEXT
  5
3DF
330
17
100
AcDbEntity
  8
TXT
100
AcDbText
 10
2276.0
 20
-1859.5
 30
0.0
 40
38.0
  1
90
  7
CN
 11
2276.0
 21
-1859.5
 31
0.0
100
AcDbText
  0
TEXT
  5
3E0
330
17
100
AcDbEntity
  8
TXT
100
AcDbText
 10
2486.0
 20
-1859.5
 30
0.0
 40
38.0
  1
整砖片 whole slip  215 x 65
  7
CN
 11
2486.0
 21
-1859.5
 31
0.0
100
AcDbText
  0
LWPOLYLINE
  5
3E1
330
17
100
AcDbEntity
  8
P4_T02_STD
100
AcDbPolyline
 90
4
 70
1
 10
1906.0
 20
-1954.5
 10
2016.0
 20
-1954.5
 10
2016.0
 20
-1892.5
 10
1906.0
 20
-1892.5
  0
TEXT
  5
3E2
330
17
100
AcDbEntity
  8
TXT
100
AcDbText
 10
2056.0
 20
-1954.5
 30
0.0
 40
38.0
  1
T02
  7
CN
 11
2056.0
 21
-1954.5
 31
0.0
100
AcDbText
  0
TEXT
  5
3E3
330
17
100
AcDbEntity
  8
TXT
100
AcDbText
 10
2276.0
 20
-1954.5
 30
0.0
 40
38.0
  1
95
  7
CN
 11
2276.0
 21
-1954.5
 31
0.0
100
AcDbText
  0
TEXT
  5
3E4
330
17
100
AcDbEntity
  8
TXT
100
AcDbText
 10
2486.0
 20
-1954.5
 30
0.0
 40
38.0
  1
标准件 standard  104 x 65
  7
CN
 11
2486.0
 21
-1954.5
 31
0.0
100
AcDbText
  0
LWPOLYLINE
  5
3E5
330
17
100
AcDbEntity
  8
PANEL
370
50
100
AcDbPolyline
 90
4
 70
1
 10
5333.2
 20
-3236.5
 10
6898.2
 20
-3236.5
 10
6898.2
 20
-1821.5
 10
5333.2
 20
-1821.5
  0
LWPOLYLINE
  5
3E9
330
17
100
AcDbEntity
  8
P5_T03_CUT
100
AcDbPolyline
 90
4
 70
1
 10
5708.2
 20
-3236.5
 10
5773.2
 20
-3236.5
 10
5773.2
 20
-3171.5
 10
5708.2
 20
-3171.5
  0
LWPOLYLINE
  5
3EA
330
17
100
AcDbEntity
  8
P5_T02_CUT
100
AcDbPolyline
 90
4
 70
1
 10
5633.2
 20
-3236.5
 10
5698.2
 20
-3236.5
 10
5698.2
 20
-3096.5
 10
5633.2
 20
-3096.5
  0
LWPOLYLINE
  5
3EB
330
17
100
AcDbEntity
  8
P5_T01_WHOLE
100
AcDbPolyline
 90
4
 70
1
 10
5333.2
 20
-3236.5
 10
5548.2
 20
-3236.5
 10
5548.2
 20
-3171.5
 10
5333.2
 20
-3171.5
  0
LWPOLYLINE
  5
3EC
330
17
100
AcDbEntity
  8
P5_T01_WHOLE
100
AcDbPolyline
 90
4
 70
1
 10
5558.2
 20
-3236.5
 10
5623.2
 20
-3236.5
 10
5623.2
 20
-3021.5
 10
5558.2
 20
-3021.5
  0
LWPOLYLINE
  5
3ED
330
17
100
AcDbEntity
  8
P5_T02_CUT
100
AcDbPolyline
 90
4
 70
1
 10
5333.2
 20
-3161.5
 10
5473.2
 20
-3161.5
 10
5473.2
 20
-3096.5
 10
5333.2
 20
-3096.5
  0
LWPOLYLINE
  5
3EE
330
17
100
AcDbEntity
  8
P5_T01_WHOLE
100
AcDbPolyline
 90
4
 70
1
 10
5483.2
 20
-3161.5
 10
5548.2
 20
-3161.5
 10
5548.2
 20
-2946.5
 10
5483.2
 20
-2946.5
  0
LWPOLYLINE
  5
3EF
330
17
100
AcDbEntity
  8
P5_T03_CUT
100
AcDbPolyline
 90
4
 70
1
 10
5333.2
 20
-3086.5
 10
5398.2
 20
-3086.5
 10
5398.2
 20
-3021.5
 10
5333.2
 20
-3021.5
  0
LWPOLYLINE
  5
3F0
330
17
100
AcDbEntity
  8
P5_T01_WHOLE
100
AcDbPolyline
 90
4
 70
1
 10
5408.2
 20
-3086.5
 10
5473.2
 20
-3086.5
 10
5473.2
 20
-2871.5
 10
5408.2
 20
-2871.5
  0
LWPOLYLINE
  5
3F1
330
17
100
AcDbEntity
  8
P5_T01_WHOLE
100
AcDbPolyline
 90
4
 70
1
 10
5333.2
 20
-3011.5
 10
5398.2
 20
-3011.5
 10
5398.2
 20
-2796.5
 10
5333.2
 20
-2796.5
  0
LWPOLYLINE
  5
3F2
330
17
100
AcDbEntity
  8
P5_T03_CUT
100
AcDbPolyline
 90
4
 70
1
 10
6158.2
 20
-3236.5
 10
6223.2
 20
-3236.5
 10
6223.2
 20
-3171.5
 10
6158.2
 20
-3171.5
  0
LWPOLYLINE
  5
3F3
330
17
100
AcDbEntity
  8
P5_T02_CUT
100
AcDbPolyline
 90
4
 70
1
 10
6083.2
 20
-3236.5
 10
6148.2
 20
-3236.5
 10
6148.2
 20
-3096.5
 10
6083.2
 20
-3096.5
  0
LWPOLYLINE
  5
3F4
330
17
100
AcDbEntity
  8
P5_T01_WHOLE
100
AcDbPolyline
 90
4
 70
1
 10
5783.2
 20
-3236.5
 10
5998.2
 20
-3236.5
 10
5998.2
 20
-3171.5
 10
5783.2
 20
-3171.5
  0
LWPOLYLINE
  5
3F5
330
17
100
AcDbEntity
  8
P5_T01_WHOLE
100
AcDbPolyline
 90
4
 70
1
 10
6008.2
 20
-3236.5
 10
6073.2
 20
-3236.5
 10
6073.2
 20
-3021.5
 10
6008.2
 20
-3021.5
  0
LWPOLYLINE
  5
3F6
330
17
100
AcDbEntity
  8
P5_T01_WHOLE
100
AcDbPolyline
 90
4
 70
1
 10
5708.2
 20
-3161.5
 10
5923.2
 20
-3161.5
 10
5923.2
 20
-3096.5
 10
5708.2
 20
-3096.5
  0
LWPOLYLINE
  5
3F7
330
17
100
AcDbEntity
  8
P5_T01_WHOLE
100
AcDbPolyline
 90
4
 70
1
 10
5933.2
 20
-3161.5
 10
5998.2
 20
-3161.5
 10
5998.2
 20
-2946.5
 10
5933.2
 20
-2946.5
  0
LWPOLYLINE
  5
3F8
330
17
100
AcDbEntity
  8
P5_T01_WHOLE
100
AcDbPolyline
 90
4
 70
1
 10
5633.2
 20
-3086.5
 10
5848.2
 20
-3086.5
 10
5848.2
 20
-3021.5
 10
5633.2
 20
-3021.5
  0
LWPOLYLINE
  5
3F9
330
17
100
AcDbEntity
  8
P5_T01_WHOLE
100
AcDbPolyline
 90
4
 70
1
 10
5858.2
 20
-3086.5
 10
5923.2
 20
-3086.5
 10
5923.2
 20
-2871.5
 10
5858.2
 20
-2871.5
  0
LWPOLYLINE
  5
3FA
330
17
100
AcDbEntity
  8
P5_T01_WHOLE
100
AcDbPolyline
 90
4
 70
1
 10
5558.2
 20
-3011.5
 10
5773.2
 20
-3011.5
 10
5773.2
 20
-2946.5
 10
5558.2
 20
-2946.5
  0
LWPOLYLINE
  5
3FB
330
17
100
AcDbEntity
  8
P5_T01_WHOLE
100
AcDbPolyline
 90
4
 70
1
 10
5783.2
 20
-3011.5
 10
5848.2
 20
-3011.5
 10
5848.2
 20
-2796.5
 10
5783.2
 20
-2796.5
  0
LWPOLYLINE
  5
3FC
330
17
100
AcDbEntity
  8
P5_T01_WHOLE
100
AcDbPolyline
 90
4
 70
1
 10
5483.2
 20
-2936.5
 10
5698.2
 20
-2936.5
 10
5698.2
 20
-2871.5
 10
5483.2
 20
-2871.5
  0
LWPOLYLINE
  5
3FD
330
17
100
AcDbEntity
  8
P5_T01_WHOLE
100
AcDbPolyline
 90
4
 70
1
 10
5708.2
 20
-2936.5
 10
5773.2
 20
-2936.5
 10
5773.2
 20
-2721.5
 10
5708.2
 20
-2721.5
  0
LWPOLYLINE
  5
3FE
330
17
100
AcDbEntity
  8
P5_T01_WHOLE
100
AcDbPolyline
 90
4
 70
1
 10
5408.2
 20
-2861.5
 10
5623.2
 20
-2861.5
 10
5623.2
 20
-2796.5
 10
5408.2
 20
-2796.5
  0
LWPOLYLINE
  5
3FF
330
17
100
AcDbEntity
  8
P5_T01_WHOLE
100
AcDbPolyline
 90
4
 70
1
 10
5633.2
 20
-2861.5
 10
5698.2
 20
-2861.5
 10
5698.2
 20
-2646.5
 10
5633.2
 20
-2646.5
  0
LWPOLYLINE
  5
400
330
17
100
AcDbEntity
  8
P5_T01_WHOLE
100
AcDbPolyline
 90
4
 70
1
 10
5333.2
 20
-2786.5
 10
5548.2
 20
-2786.5
 10
5548.2
 20
-2721.5
 10
5333.2
 20
-2721.5
  0
LWPOLYLINE
  5
401
330
17
100
AcDbEntity
  8
P5_T01_WHOLE
100
AcDbPolyline
 90
4
 70
1
 10
5558.2
 20
-2786.5
 10
5623.2
 20
-2786.5
 10
5623.2
 20
-2571.5
 10
5558.2
 20
-2571.5
  0
LWPOLYLINE
  5
402
330
17
100
AcDbEntity
  8
P5_T02_CUT
100
AcDbPolyline
 90
4
 70
1
 10
5333.2
 20
-2711.5
 10
5473.2
 20
-2711.5
 10
5473.2
 20
-2646.5
 10
5333.2
 20
-2646.5
  0
LWPOLYLINE
  5
403
330
17
100
AcDbEntity
  8
P5_T01_WHOLE
100
AcDbPolyline
 90
4
 70
1
 10
5483.2
 20
-2711.5
 10
5548.2
 20
-2711.5
 10
5548.2
 20
-2496.5
 10
5483.2
 20
-2496.5
  0
LWPOLYLINE
  5
404
330
17
100
AcDbEntity
  8
P5_T03_CUT
100
AcDbPolyline
 90
4
 70
1
 10
5333.2
 20
-2636.5
 10
5398.2
 20
-2636.5
 10
5398.2
 20
-2571.5
 10
5333.2
 20
-2571.5
  0
LWPOLYLINE
  5
405
330
17
100
AcDbEntity
  8
P5_T01_WHOLE
100
AcDbPolyline
 90
4
 70
1
 10
5408.2
 20
-2636.5
 10
5473.2
 20
-2636.5
 10
5473.2
 20
-2421.5
 10
5408.2
 20
-2421.5
  0
LWPOLYLINE
  5
406
330
17
100
AcDbEntity
  8
P5_T01_WHOLE
100
AcDbPolyline
 90
4
 70
1
 10
5333.2
 20
-2561.5
 10
5398.2
 20
-2561.5
 10
5398.2
 20
-2346.5
 10
5333.2
 20
-2346.5
  0
LWPOLYLINE
  5
407
330
17
100
AcDbEntity
  8
P5_T03_CUT
100
AcDbPolyline
 90
4
 70
1
 10
6608.2
 20
-3236.5
 10
6673.2
 20
-3236.5
 10
6673.2
 20
-3171.5
 10
6608.2
 20
-3171.5
  0
LWPOLYLINE
  5
408
330
17
100
AcDbEntity
  8
P5_T02_CUT
100
AcDbPolyline
 90
4
 70
1
 10
6533.2
 20
-3236.5
 10
6598.2
 20
-3236.5
 10
6598.2
 20
-3096.5
 10
6533.2
 20
-3096.5
  0
LWPOLYLINE
  5
409
330
17
100
AcDbEntity
  8
P5_T01_WHOLE
100
AcDbPolyline
 90
4
 70
1
 10
6233.2
 20
-3236.5
 10
6448.2
 20
-3236.5
 10
6448.2
 20
-3171.5
 10
6233.2
 20
-3171.5
  0
LWPOLYLINE
  5
40A
330
17
100
AcDbEntity
  8
P5_T01_WHOLE
100
AcDbPolyline
 90
4
 70
1
 10
6458.2
 20
-3236.5
 10
6523.2
 20
-3236.5
 10
6523.2
 20
-3021.5
 10
6458.2
 20
-3021.5
  0
LWPOLYLINE
  5
40B
330
17
100
AcDbEntity
  8
P5_T01_WHOLE
100
AcDbPolyline
 90
4
 70
1
 10
6158.2
 20
-3161.5
 10
6373.2
 20
-3161.5
 10
6373.2
 20
-3096.5
 10
6158.2
 20
-3096.5
  0
LWPOLYLINE
  5
40C
330
17
100
AcDbEntity
  8
P5_T01_WHOLE
100
AcDbPolyline
 90
4
 70
1
 10
6383.2
 20
-3161.5
 10
6448.2
 20
-3161.5
 10
6448.2
 20
-2946.5
 10
6383.2
 20
-2946.5
  0
LWPOLYLINE
  5
40D
330
17
100
AcDbEntity
  8
P5_T01_WHOLE
100
AcDbPolyline
 90
4
 70
1
 10
6083.2
 20
-3086.5
 10
6298.2
 20
-3086.5
 10
6298.2
 20
-3021.5
 10
6083.2
 20
-3021.5
  0
LWPOLYLINE
  5
40E
330
17
100
AcDbEntity
  8
P5_T01_WHOLE
100
AcDbPolyline
 90
4
 70
1
 10
6308.2
 20
-3086.5
 10
6373.2
 20
-3086.5
 10
6373.2
 20
-2871.5
 10
6308.2
 20
-2871.5
  0
LWPOLYLINE
  5
40F
330
17
100
AcDbEntity
  8
P5_T01_WHOLE
100
AcDbPolyline
 90
4
 70
1
 10
6008.2
 20
-3011.5
 10
6223.2
 20
-3011.5
 10
6223.2
 20
-2946.5
 10
6008.2
 20
-2946.5
  0
LWPOLYLINE
  5
410
330
17
100
AcDbEntity
  8
P5_T01_WHOLE
100
AcDbPolyline
 90
4
 70
1
 10
6233.2
 20
-3011.5
 10
6298.2
 20
-3011.5
 10
6298.2
 20
-2796.5
 10
6233.2
 20
-2796.5
  0
LWPOLYLINE
  5
411
330
17
100
AcDbEntity
  8
P5_T01_WHOLE
100
AcDbPolyline
 90
4
 70
1
 10
5933.2
 20
-2936.5
 10
6148.2
 20
-2936.5
 10
6148.2
 20
-2871.5
 10
5933.2
 20
-2871.5
  0
LWPOLYLINE
  5
412
330
17
100
AcDbEntity
  8
P5_T01_WHOLE
100
AcDbPolyline
 90
4
 70
1
 10
6158.2
 20
-2936.5
 10
6223.2
 20
-2936.5
 10
6223.2
 20
-2721.5
 10
6158.2
 20
-2721.5
  0
LWPOLYLINE
  5
413
330
17
100
AcDbEntity
  8
P5_T01_WHOLE
100
AcDbPolyline
 90
4
 70
1
 10
5858.2
 20
-2861.5
 10
6073.2
 20
-2861.5
 10
6073.2
 20
-2796.5
 10
5858.2
 20
-2796.5
  0
LWPOLYLINE
  5
414
330
17
100
AcDbEntity
  8
P5_T01_WHOLE
100
AcDbPolyline
 90
4
 70
1
 10
6083.2
 20
-2861.5
 10
6148.2
 20
-2861.5
 10
6148.2
 20
-2646.5
 10
6083.2
 20
-2646.5
  0
LWPOLYLINE
  5
415
330
17
100
AcDbEntity
  8
P5_T01_WHOLE
100
AcDbPolyline
 90
4
 70
1
 10
5783.2
 20
-2786.5
 10
5998.2
 20
-2786.5
 10
5998.2
 20
-2721.5
 10
5783.2
 20
-2721.5
  0
LWPOLYLINE
  5
416
330
17
100
AcDbEntity
  8
P5_T01_WHOLE
100
AcDbPolyline
 90
4
 70
1
 10
6008.2
 20
-2786.5
 10
6073.2
 20
-2786.5
 10
6073.2
 20
-2571.5
 10
6008.2
 20
-2571.5
  0
LWPOLYLINE
  5
417
330
17
100
AcDbEntity
  8
P5_T01_WHOLE
100
AcDbPolyline
 90
4
 70
1
 10
5708.2
 20
-2711.5
 10
5923.2
 20
-2711.5
 10
5923.2
 20
-2646.5
 10
5708.2
 20
-2646.5
  0
LWPOLYLINE
  5
418
330
17
100
AcDbEntity
  8
P5_T01_WHOLE
100
AcDbPolyline
 90
4
 70
1
 10
5933.2
 20
-2711.5
 10
5998.2
 20
-2711.5
 10
5998.2
 20
-2496.5
 10
5933.2
 20
-2496.5
  0
LWPOLYLINE
  5
419
330
17
100
AcDbEntity
  8
P5_T01_WHOLE
100
AcDbPolyline
 90
4
 70
1
 10
5633.2
 20
-2636.5
 10
5848.2
 20
-2636.5
 10
5848.2
 20
-2571.5
 10
5633.2
 20
-2571.5
  0
LWPOLYLINE
  5
41A
330
17
100
AcDbEntity
  8
P5_T01_WHOLE
100
AcDbPolyline
 90
4
 70
1
 10
5858.2
 20
-2636.5
 10
5923.2
 20
-2636.5
 10
5923.2
 20
-2421.5
 10
5858.2
 20
-2421.5
  0
LWPOLYLINE
  5
41B
330
17
100
AcDbEntity
  8
P5_T01_WHOLE
100
AcDbPolyline
 90
4
 70
1
 10
5558.2
 20
-2561.5
 10
5773.2
 20
-2561.5
 10
5773.2
 20
-2496.5
 10
5558.2
 20
-2496.5
  0
LWPOLYLINE
  5
41C
330
17
100
AcDbEntity
  8
P5_T01_WHOLE
100
AcDbPolyline
 90
4
 70
1
 10
5783.2
 20
-2561.5
 10
5848.2
 20
-2561.5
 10
5848.2
 20
-2346.5
 10
5783.2
 20
-2346.5
  0
LWPOLYLINE
  5
41D
330
17
100
AcDbEntity
  8
P5_T01_WHOLE
100
AcDbPolyline
 90
4
 70
1
 10
5483.2
 20
-2486.5
 10
5698.2
 20
-2486.5
 10
5698.2
 20
-2421.5
 10
5483.2
 20
-2421.5
  0
LWPOLYLINE
  5
41E
330
17
100
AcDbEntity
  8
P5_T01_WHOLE
100
AcDbPolyline
 90
4
 70
1
 10
5708.2
 20
-2486.5
 10
5773.2
 20
-2486.5
 10
5773.2
 20
-2271.5
 10
5708.2
 20
-2271.5
  0
LWPOLYLINE
  5
41F
330
17
100
AcDbEntity
  8
P5_T01_WHOLE
100
AcDbPolyline
 90
4
 70
1
 10
5408.2
 20
-2411.5
 10
5623.2
 20
-2411.5
 10
5623.2
 20
-2346.5
 10
5408.2
 20
-2346.5
  0
LWPOLYLINE
  5
420
330
17
100
AcDbEntity
  8
P5_T01_WHOLE
100
AcDbPolyline
 90
4
 70
1
 10
5633.2
 20
-2411.5
 10
5698.2
 20
-2411.5
 10
5698.2
 20
-2196.5
 10
5633.2
 20
-2196.5
  0
LWPOLYLINE
  5
421
330
17
100
AcDbEntity
  8
P5_T01_WHOLE
100
AcDbPolyline
 90
4
 70
1
 10
5333.2
 20
-2336.5
 10
5548.2
 20
-2336.5
 10
5548.2
 20
-2271.5
 10
5333.2
 20
-2271.5
  0
LWPOLYLINE
  5
422
330
17
100
AcDbEntity
  8
P5_T01_WHOLE
100
AcDbPolyline
 90
4
 70
1
 10
5558.2
 20
-2336.5
 10
5623.2
 20
-2336.5
 10
5623.2
 20
-2121.5
 10
5558.2
 20
-2121.5
  0
LWPOLYLINE
  5
423
330
17
100
AcDbEntity
  8
P5_T02_CUT
100
AcDbPolyline
 90
4
 70
1
 10
5333.2
 20
-2261.5
 10
5473.2
 20
-2261.5
 10
5473.2
 20
-2196.5
 10
5333.2
 20
-2196.5
  0
LWPOLYLINE
  5
424
330
17
100
AcDbEntity
  8
P5_T01_WHOLE
100
AcDbPolyline
 90
4
 70
1
 10
5483.2
 20
-2261.5
 10
5548.2
 20
-2261.5
 10
5548.2
 20
-2046.5
 10
5483.2
 20
-2046.5
  0
LWPOLYLINE
  5
425
330
17
100
AcDbEntity
  8
P5_T03_CUT
100
AcDbPolyline
 90
4
 70
1
 10
5333.2
 20
-2186.5
 10
5398.2
 20
-2186.5
 10
5398.2
 20
-2121.5
 10
5333.2
 20
-2121.5
  0
LWPOLYLINE
  5
426
330
17
100
AcDbEntity
  8
P5_T01_WHOLE
100
AcDbPolyline
 90
4
 70
1
 10
5408.2
 20
-2186.5
 10
5473.2
 20
-2186.5
 10
5473.2
 20
-1971.5
 10
5408.2
 20
-1971.5
  0
LWPOLYLINE
  5
427
330
17
100
AcDbEntity
  8
P5_T01_WHOLE
100
AcDbPolyline
 90
4
 70
1
 10
5333.2
 20
-2111.5
 10
5398.2
 20
-2111.5
 10
5398.2
 20
-1896.5
 10
5333.2
 20
-1896.5
  0
LWPOLYLINE
  5
428
330
17
100
AcDbEntity
  8
P5_T01_WHOLE
100
AcDbPolyline
 90
4
 70
1
 10
6683.2
 20
-3236.5
 10
6898.2
 20
-3236.5
 10
6898.2
 20
-3171.5
 10
6683.2
 20
-3171.5
  0
LWPOLYLINE
  5
429
330
17
100
AcDbEntity
  8
P5_T01_WHOLE
100
AcDbPolyline
 90
4
 70
1
 10
6608.2
 20
-3161.5
 10
6823.2
 20
-3161.5
 10
6823.2
 20
-3096.5
 10
6608.2
 20
-3096.5
  0
LWPOLYLINE
  5
42A
330
17
100
AcDbEntity
  8
P5_T01_WHOLE
100
AcDbPolyline
 90
4
 70
1
 10
6833.2
 20
-3161.5
 10
6898.2
 20
-3161.5
 10
6898.2
 20
-2946.5
 10
6833.2
 20
-2946.5
  0
LWPOLYLINE
  5
42B
330
17
100
AcDbEntity
  8
P5_T01_WHOLE
100
AcDbPolyline
 90
4
 70
1
 10
6533.2
 20
-3086.5
 10
6748.2
 20
-3086.5
 10
6748.2
 20
-3021.5
 10
6533.2
 20
-3021.5
  0
LWPOLYLINE
  5
42C
330
17
100
AcDbEntity
  8
P5_T01_WHOLE
100
AcDbPolyline
 90
4
 70
1
 10
6758.2
 20
-3086.5
 10
6823.2
 20
-3086.5
 10
6823.2
 20
-2871.5
 10
6758.2
 20
-2871.5
  0
LWPOLYLINE
  5
42D
330
17
100
AcDbEntity
  8
P5_T01_WHOLE
100
AcDbPolyline
 90
4
 70
1
 10
6458.2
 20
-3011.5
 10
6673.2
 20
-3011.5
 10
6673.2
 20
-2946.5
 10
6458.2
 20
-2946.5
  0
LWPOLYLINE
  5
42E
330
17
100
AcDbEntity
  8
P5_T01_WHOLE
100
AcDbPolyline
 90
4
 70
1
 10
6683.2
 20
-3011.5
 10
6748.2
 20
-3011.5
 10
6748.2
 20
-2796.5
 10
6683.2
 20
-2796.5
  0
LWPOLYLINE
  5
42F
330
17
100
AcDbEntity
  8
P5_T01_WHOLE
100
AcDbPolyline
 90
4
 70
1
 10
6383.2
 20
-2936.5
 10
6598.2
 20
-2936.5
 10
6598.2
 20
-2871.5
 10
6383.2
 20
-2871.5
  0
LWPOLYLINE
  5
430
330
17
100
AcDbEntity
  8
P5_T01_WHOLE
100
AcDbPolyline
 90
4
 70
1
 10
6608.2
 20
-2936.5
 10
6673.2
 20
-2936.5
 10
6673.2
 20
-2721.5
 10
6608.2
 20
-2721.5
  0
LWPOLYLINE
  5
431
330
17
100
AcDbEntity
  8
P5_T01_WHOLE
100
AcDbPolyline
 90
4
 70
1
 10
6308.2
 20
-2861.5
 10
6523.2
 20
-2861.5
 10
6523.2
 20
-2796.5
 10
6308.2
 20
-2796.5
  0
LWPOLYLINE
  5
432
330
17
100
AcDbEntity
  8
P5_T01_WHOLE
100
AcDbPolyline
 90
4
 70
1
 10
6533.2
 20
-2861.5
 10
6598.2
 20
-2861.5
 10
6598.2
 20
-2646.5
 10
6533.2
 20
-2646.5
  0
LWPOLYLINE
  5
433
330
17
100
AcDbEntity
  8
P5_T01_WHOLE
100
AcDbPolyline
 90
4
 70
1
 10
6233.2
 20
-2786.5
 10
6448.2
 20
-2786.5
 10
6448.2
 20
-2721.5
 10
6233.2
 20
-2721.5
  0
LWPOLYLINE
  5
434
330
17
100
AcDbEntity
  8
P5_T01_WHOLE
100
AcDbPolyline
 90
4
 70
1
 10
6458.2
 20
-2786.5
 10
6523.2
 20
-2786.5
 10
6523.2
 20
-2571.5
 10
6458.2
 20
-2571.5
  0
LWPOLYLINE
  5
435
330
17
100
AcDbEntity
  8
P5_T01_WHOLE
100
AcDbPolyline
 90
4
 70
1
 10
6158.2
 20
-2711.5
 10
6373.2
 20
-2711.5
 10
6373.2
 20
-2646.5
 10
6158.2
 20
-2646.5
  0
LWPOLYLINE
  5
436
330
17
100
AcDbEntity
  8
P5_T01_WHOLE
100
AcDbPolyline
 90
4
 70
1
 10
6383.2
 20
-2711.5
 10
6448.2
 20
-2711.5
 10
6448.2
 20
-2496.5
 10
6383.2
 20
-2496.5
  0
LWPOLYLINE
  5
437
330
17
100
AcDbEntity
  8
P5_T01_WHOLE
100
AcDbPolyline
 90
4
 70
1
 10
6083.2
 20
-2636.5
 10
6298.2
 20
-2636.5
 10
6298.2
 20
-2571.5
 10
6083.2
 20
-2571.5
  0
LWPOLYLINE
  5
438
330
17
100
AcDbEntity
  8
P5_T01_WHOLE
100
AcDbPolyline
 90
4
 70
1
 10
6308.2
 20
-2636.5
 10
6373.2
 20
-2636.5
 10
6373.2
 20
-2421.5
 10
6308.2
 20
-2421.5
  0
LWPOLYLINE
  5
439
330
17
100
AcDbEntity
  8
P5_T01_WHOLE
100
AcDbPolyline
 90
4
 70
1
 10
6008.2
 20
-2561.5
 10
6223.2
 20
-2561.5
 10
6223.2
 20
-2496.5
 10
6008.2
 20
-2496.5
  0
LWPOLYLINE
  5
43A
330
17
100
AcDbEntity
  8
P5_T01_WHOLE
100
AcDbPolyline
 90
4
 70
1
 10
6233.2
 20
-2561.5
 10
6298.2
 20
-2561.5
 10
6298.2
 20
-2346.5
 10
6233.2
 20
-2346.5
  0
LWPOLYLINE
  5
43B
330
17
100
AcDbEntity
  8
P5_T01_WHOLE
100
AcDbPolyline
 90
4
 70
1
 10
5933.2
 20
-2486.5
 10
6148.2
 20
-2486.5
 10
6148.2
 20
-2421.5
 10
5933.2
 20
-2421.5
  0
LWPOLYLINE
  5
43C
330
17
100
AcDbEntity
  8
P5_T01_WHOLE
100
AcDbPolyline
 90
4
 70
1
 10
6158.2
 20
-2486.5
 10
6223.2
 20
-2486.5
 10
6223.2
 20
-2271.5
 10
6158.2
 20
-2271.5
  0
LWPOLYLINE
  5
43D
330
17
100
AcDbEntity
  8
P5_T01_WHOLE
100
AcDbPolyline
 90
4
 70
1
 10
5858.2
 20
-2411.5
 10
6073.2
 20
-2411.5
 10
6073.2
 20
-2346.5
 10
5858.2
 20
-2346.5
  0
LWPOLYLINE
  5
43E
330
17
100
AcDbEntity
  8
P5_T01_WHOLE
100
AcDbPolyline
 90
4
 70
1
 10
6083.2
 20
-2411.5
 10
6148.2
 20
-2411.5
 10
6148.2
 20
-2196.5
 10
6083.2
 20
-2196.5
  0
LWPOLYLINE
  5
43F
330
17
100
AcDbEntity
  8
P5_T01_WHOLE
100
AcDbPolyline
 90
4
 70
1
 10
5783.2
 20
-2336.5
 10
5998.2
 20
-2336.5
 10
5998.2
 20
-2271.5
 10
5783.2
 20
-2271.5
  0
LWPOLYLINE
  5
440
330
17
100
AcDbEntity
  8
P5_T01_WHOLE
100
AcDbPolyline
 90
4
 70
1
 10
6008.2
 20
-2336.5
 10
6073.2
 20
-2336.5
 10
6073.2
 20
-2121.5
 10
6008.2
 20
-2121.5
  0
LWPOLYLINE
  5
441
330
17
100
AcDbEntity
  8
P5_T01_WHOLE
100
AcDbPolyline
 90
4
 70
1
 10
5708.2
 20
-2261.5
 10
5923.2
 20
-2261.5
 10
5923.2
 20
-2196.5
 10
5708.2
 20
-2196.5
  0
LWPOLYLINE
  5
442
330
17
100
AcDbEntity
  8
P5_T01_WHOLE
100
AcDbPolyline
 90
4
 70
1
 10
5933.2
 20
-2261.5
 10
5998.2
 20
-2261.5
 10
5998.2
 20
-2046.5
 10
5933.2
 20
-2046.5
  0
LWPOLYLINE
  5
443
330
17
100
AcDbEntity
  8
P5_T01_WHOLE
100
AcDbPolyline
 90
4
 70
1
 10
5633.2
 20
-2186.5
 10
5848.2
 20
-2186.5
 10
5848.2
 20
-2121.5
 10
5633.2
 20
-2121.5
  0
LWPOLYLINE
  5
444
330
17
100
AcDbEntity
  8
P5_T01_WHOLE
100
AcDbPolyline
 90
4
 70
1
 10
5858.2
 20
-2186.5
 10
5923.2
 20
-2186.5
 10
5923.2
 20
-1971.5
 10
5858.2
 20
-1971.5
  0
LWPOLYLINE
  5
445
330
17
100
AcDbEntity
  8
P5_T01_WHOLE
100
AcDbPolyline
 90
4
 70
1
 10
5558.2
 20
-2111.5
 10
5773.2
 20
-2111.5
 10
5773.2
 20
-2046.5
 10
5558.2
 20
-2046.5
  0
LWPOLYLINE
  5
446
330
17
100
AcDbEntity
  8
P5_T01_WHOLE
100
AcDbPolyline
 90
4
 70
1
 10
5783.2
 20
-2111.5
 10
5848.2
 20
-2111.5
 10
5848.2
 20
-1896.5
 10
5783.2
 20
-1896.5
  0
LWPOLYLINE
  5
447
330
17
100
AcDbEntity
  8
P5_T01_WHOLE
100
AcDbPolyline
 90
4
 70
1
 10
5483.2
 20
-2036.5
 10
5698.2
 20
-2036.5
 10
5698.2
 20
-1971.5
 10
5483.2
 20
-1971.5
  0
LWPOLYLINE
  5
448
330
17
100
AcDbEntity
  8
P5_T01_WHOLE
100
AcDbPolyline
 90
4
 70
1
 10
5708.2
 20
-2036.5
 10
5773.2
 20
-2036.5
 10
5773.2
 20
-1821.5
 10
5708.2
 20
-1821.5
  0
LWPOLYLINE
  5
449
330
17
100
AcDbEntity
  8
P5_T01_WHOLE
100
AcDbPolyline
 90
4
 70
1
 10
5408.2
 20
-1961.5
 10
5623.2
 20
-1961.5
 10
5623.2
 20
-1896.5
 10
5408.2
 20
-1896.5
  0
LWPOLYLINE
  5
44A
330
17
100
AcDbEntity
  8
P5_T02_CUT
100
AcDbPolyline
 90
4
 70
1
 10
5633.2
 20
-1821.5
 10
5633.2
 20
-1961.5
 10
5698.2
 20
-1961.5
 10
5698.2
 20
-1821.5
  0
LWPOLYLINE
  5
44B
330
17
100
AcDbEntity
  8
P5_T01_WHOLE
100
AcDbPolyline
 90
4
 70
1
 10
5333.2
 20
-1886.5
 10
5548.2
 20
-1886.5
 10
5548.2
 20
-1821.5
 10
5333.2
 20
-1821.5
  0
LWPOLYLINE
  5
44C
330
17
100
AcDbEntity
  8
P5_T03_CUT
100
AcDbPolyline
 90
4
 70
1
 10
5558.2
 20
-1821.5
 10
5558.2
 20
-1886.5
 10
5623.2
 20
-1886.5
 10
5623.2
 20
-1821.5
  0
LWPOLYLINE
  5
44D
330
17
100
AcDbEntity
  8
P5_T03_CUT
100
AcDbPolyline
 90
4
 70
1
 10
6833.2
 20
-2936.5
 10
6898.2
 20
-2936.5
 10
6898.2
 20
-2871.5
 10
6833.2
 20
-2871.5
  0
LWPOLYLINE
  5
44E
330
17
100
AcDbEntity
  8
P5_T02_CUT
100
AcDbPolyline
 90
4
 70
1
 10
6758.2
 20
-2861.5
 10
6898.2
 20
-2861.5
 10
6898.2
 20
-2796.5
 10
6758.2
 20
-2796.5
  0
LWPOLYLINE
  5
44F
330
17
100
AcDbEntity
  8
P5_T01_WHOLE
100
AcDbPolyline
 90
4
 70
1
 10
6683.2
 20
-2786.5
 10
6898.2
 20
-2786.5
 10
6898.2
 20
-2721.5
 10
6683.2
 20
-2721.5
  0
LWPOLYLINE
  5
450
330
17
100
AcDbEntity
  8
P5_T01_WHOLE
100
AcDbPolyline
 90
4
 70
1
 10
6608.2
 20
-2711.5
 10
6823.2
 20
-2711.5
 10
6823.2
 20
-2646.5
 10
6608.2
 20
-2646.5
  0
LWPOLYLINE
  5
451
330
17
100
AcDbEntity
  8
P5_T01_WHOLE
100
AcDbPolyline
 90
4
 70
1
 10
6833.2
 20
-2711.5
 10
6898.2
 20
-2711.5
 10
6898.2
 20
-2496.5
 10
6833.2
 20
-2496.5
  0
LWPOLYLINE
  5
452
330
17
100
AcDbEntity
  8
P5_T01_WHOLE
100
AcDbPolyline
 90
4
 70
1
 10
6533.2
 20
-2636.5
 10
6748.2
 20
-2636.5
 10
6748.2
 20
-2571.5
 10
6533.2
 20
-2571.5
  0
LWPOLYLINE
  5
453
330
17
100
AcDbEntity
  8
P5_T01_WHOLE
100
AcDbPolyline
 90
4
 70
1
 10
6758.2
 20
-2636.5
 10
6823.2
 20
-2636.5
 10
6823.2
 20
-2421.5
 10
6758.2
 20
-2421.5
  0
LWPOLYLINE
  5
454
330
17
100
AcDbEntity
  8
P5_T01_WHOLE
100
AcDbPolyline
 90
4
 70
1
 10
6458.2
 20
-2561.5
 10
6673.2
 20
-2561.5
 10
6673.2
 20
-2496.5
 10
6458.2
 20
-2496.5
  0
LWPOLYLINE
  5
455
330
17
100
AcDbEntity
  8
P5_T01_WHOLE
100
AcDbPolyline
 90
4
 70
1
 10
6683.2
 20
-2561.5
 10
6748.2
 20
-2561.5
 10
6748.2
 20
-2346.5
 10
6683.2
 20
-2346.5
  0
LWPOLYLINE
  5
456
330
17
100
AcDbEntity
  8
P5_T01_WHOLE
100
AcDbPolyline
 90
4
 70
1
 10
6383.2
 20
-2486.5
 10
6598.2
 20
-2486.5
 10
6598.2
 20
-2421.5
 10
6383.2
 20
-2421.5
  0
LWPOLYLINE
  5
457
330
17
100
AcDbEntity
  8
P5_T01_WHOLE
100
AcDbPolyline
 90
4
 70
1
 10
6608.2
 20
-2486.5
 10
6673.2
 20
-2486.5
 10
6673.2
 20
-2271.5
 10
6608.2
 20
-2271.5
  0
LWPOLYLINE
  5
458
330
17
100
AcDbEntity
  8
P5_T01_WHOLE
100
AcDbPolyline
 90
4
 70
1
 10
6308.2
 20
-2411.5
 10
6523.2
 20
-2411.5
 10
6523.2
 20
-2346.5
 10
6308.2
 20
-2346.5
  0
LWPOLYLINE
  5
459
330
17
100
AcDbEntity
  8
P5_T01_WHOLE
100
AcDbPolyline
 90
4
 70
1
 10
6533.2
 20
-2411.5
 10
6598.2
 20
-2411.5
 10
6598.2
 20
-2196.5
 10
6533.2
 20
-2196.5
  0
LWPOLYLINE
  5
45A
330
17
100
AcDbEntity
  8
P5_T01_WHOLE
100
AcDbPolyline
 90
4
 70
1
 10
6233.2
 20
-2336.5
 10
6448.2
 20
-2336.5
 10
6448.2
 20
-2271.5
 10
6233.2
 20
-2271.5
  0
LWPOLYLINE
  5
45B
330
17
100
AcDbEntity
  8
P5_T01_WHOLE
100
AcDbPolyline
 90
4
 70
1
 10
6458.2
 20
-2336.5
 10
6523.2
 20
-2336.5
 10
6523.2
 20
-2121.5
 10
6458.2
 20
-2121.5
  0
LWPOLYLINE
  5
45C
330
17
100
AcDbEntity
  8
P5_T01_WHOLE
100
AcDbPolyline
 90
4
 70
1
 10
6158.2
 20
-2261.5
 10
6373.2
 20
-2261.5
 10
6373.2
 20
-2196.5
 10
6158.2
 20
-2196.5
  0
LWPOLYLINE
  5
45D
330
17
100
AcDbEntity
  8
P5_T01_WHOLE
100
AcDbPolyline
 90
4
 70
1
 10
6383.2
 20
-2261.5
 10
6448.2
 20
-2261.5
 10
6448.2
 20
-2046.5
 10
6383.2
 20
-2046.5
  0
LWPOLYLINE
  5
45E
330
17
100
AcDbEntity
  8
P5_T01_WHOLE
100
AcDbPolyline
 90
4
 70
1
 10
6083.2
 20
-2186.5
 10
6298.2
 20
-2186.5
 10
6298.2
 20
-2121.5
 10
6083.2
 20
-2121.5
  0
LWPOLYLINE
  5
45F
330
17
100
AcDbEntity
  8
P5_T01_WHOLE
100
AcDbPolyline
 90
4
 70
1
 10
6308.2
 20
-2186.5
 10
6373.2
 20
-2186.5
 10
6373.2
 20
-1971.5
 10
6308.2
 20
-1971.5
  0
LWPOLYLINE
  5
460
330
17
100
AcDbEntity
  8
P5_T01_WHOLE
100
AcDbPolyline
 90
4
 70
1
 10
6008.2
 20
-2111.5
 10
6223.2
 20
-2111.5
 10
6223.2
 20
-2046.5
 10
6008.2
 20
-2046.5
  0
LWPOLYLINE
  5
461
330
17
100
AcDbEntity
  8
P5_T01_WHOLE
100
AcDbPolyline
 90
4
 70
1
 10
6233.2
 20
-2111.5
 10
6298.2
 20
-2111.5
 10
6298.2
 20
-1896.5
 10
6233.2
 20
-1896.5
  0
LWPOLYLINE
  5
462
330
17
100
AcDbEntity
  8
P5_T01_WHOLE
100
AcDbPolyline
 90
4
 70
1
 10
5933.2
 20
-2036.5
 10
6148.2
 20
-2036.5
 10
6148.2
 20
-1971.5
 10
5933.2
 20
-1971.5
  0
LWPOLYLINE
  5
463
330
17
100
AcDbEntity
  8
P5_T01_WHOLE
100
AcDbPolyline
 90
4
 70
1
 10
6158.2
 20
-2036.5
 10
6223.2
 20
-2036.5
 10
6223.2
 20
-1821.5
 10
6158.2
 20
-1821.5
  0
LWPOLYLINE
  5
464
330
17
100
AcDbEntity
  8
P5_T01_WHOLE
100
AcDbPolyline
 90
4
 70
1
 10
5858.2
 20
-1961.5
 10
6073.2
 20
-1961.5
 10
6073.2
 20
-1896.5
 10
5858.2
 20
-1896.5
  0
LWPOLYLINE
  5
465
330
17
100
AcDbEntity
  8
P5_T02_CUT
100
AcDbPolyline
 90
4
 70
1
 10
6083.2
 20
-1821.5
 10
6083.2
 20
-1961.5
 10
6148.2
 20
-1961.5
 10
6148.2
 20
-1821.5
  0
LWPOLYLINE
  5
466
330
17
100
AcDbEntity
  8
P5_T01_WHOLE
100
AcDbPolyline
 90
4
 70
1
 10
5783.2
 20
-1886.5
 10
5998.2
 20
-1886.5
 10
5998.2
 20
-1821.5
 10
5783.2
 20
-1821.5
  0
LWPOLYLINE
  5
467
330
17
100
AcDbEntity
  8
P5_T03_CUT
100
AcDbPolyline
 90
4
 70
1
 10
6008.2
 20
-1821.5
 10
6008.2
 20
-1886.5
 10
6073.2
 20
-1886.5
 10
6073.2
 20
-1821.5
  0
LWPOLYLINE
  5
468
330
17
100
AcDbEntity
  8
P5_T03_CUT
100
AcDbPolyline
 90
4
 70
1
 10
6833.2
 20
-2486.5
 10
6898.2
 20
-2486.5
 10
6898.2
 20
-2421.5
 10
6833.2
 20
-2421.5
  0
LWPOLYLINE
  5
469
330
17
100
AcDbEntity
  8
P5_T02_CUT
100
AcDbPolyline
 90
4
 70
1
 10
6758.2
 20
-2411.5
 10
6898.2
 20
-2411.5
 10
6898.2
 20
-2346.5
 10
6758.2
 20
-2346.5
  0
LWPOLYLINE
  5
46A
330
17
100
AcDbEntity
  8
P5_T01_WHOLE
100
AcDbPolyline
 90
4
 70
1
 10
6683.2
 20
-2336.5
 10
6898.2
 20
-2336.5
 10
6898.2
 20
-2271.5
 10
6683.2
 20
-2271.5
  0
LWPOLYLINE
  5
46B
330
17
100
AcDbEntity
  8
P5_T01_WHOLE
100
AcDbPolyline
 90
4
 70
1
 10
6608.2
 20
-2261.5
 10
6823.2
 20
-2261.5
 10
6823.2
 20
-2196.5
 10
6608.2
 20
-2196.5
  0
LWPOLYLINE
  5
46C
330
17
100
AcDbEntity
  8
P5_T01_WHOLE
100
AcDbPolyline
 90
4
 70
1
 10
6833.2
 20
-2261.5
 10
6898.2
 20
-2261.5
 10
6898.2
 20
-2046.5
 10
6833.2
 20
-2046.5
  0
LWPOLYLINE
  5
46D
330
17
100
AcDbEntity
  8
P5_T01_WHOLE
100
AcDbPolyline
 90
4
 70
1
 10
6533.2
 20
-2186.5
 10
6748.2
 20
-2186.5
 10
6748.2
 20
-2121.5
 10
6533.2
 20
-2121.5
  0
LWPOLYLINE
  5
46E
330
17
100
AcDbEntity
  8
P5_T01_WHOLE
100
AcDbPolyline
 90
4
 70
1
 10
6758.2
 20
-2186.5
 10
6823.2
 20
-2186.5
 10
6823.2
 20
-1971.5
 10
6758.2
 20
-1971.5
  0
LWPOLYLINE
  5
46F
330
17
100
AcDbEntity
  8
P5_T01_WHOLE
100
AcDbPolyline
 90
4
 70
1
 10
6458.2
 20
-2111.5
 10
6673.2
 20
-2111.5
 10
6673.2
 20
-2046.5
 10
6458.2
 20
-2046.5
  0
LWPOLYLINE
  5
470
330
17
100
AcDbEntity
  8
P5_T01_WHOLE
100
AcDbPolyline
 90
4
 70
1
 10
6683.2
 20
-2111.5
 10
6748.2
 20
-2111.5
 10
6748.2
 20
-1896.5
 10
6683.2
 20
-1896.5
  0
LWPOLYLINE
  5
471
330
17
100
AcDbEntity
  8
P5_T01_WHOLE
100
AcDbPolyline
 90
4
 70
1
 10
6383.2
 20
-2036.5
 10
6598.2
 20
-2036.5
 10
6598.2
 20
-1971.5
 10
6383.2
 20
-1971.5
  0
LWPOLYLINE
  5
472
330
17
100
AcDbEntity
  8
P5_T01_WHOLE
100
AcDbPolyline
 90
4
 70
1
 10
6608.2
 20
-2036.5
 10
6673.2
 20
-2036.5
 10
6673.2
 20
-1821.5
 10
6608.2
 20
-1821.5
  0
LWPOLYLINE
  5
473
330
17
100
AcDbEntity
  8
P5_T01_WHOLE
100
AcDbPolyline
 90
4
 70
1
 10
6308.2
 20
-1961.5
 10
6523.2
 20
-1961.5
 10
6523.2
 20
-1896.5
 10
6308.2
 20
-1896.5
  0
LWPOLYLINE
  5
474
330
17
100
AcDbEntity
  8
P5_T02_CUT
100
AcDbPolyline
 90
4
 70
1
 10
6533.2
 20
-1821.5
 10
6533.2
 20
-1961.5
 10
6598.2
 20
-1961.5
 10
6598.2
 20
-1821.5
  0
LWPOLYLINE
  5
475
330
17
100
AcDbEntity
  8
P5_T01_WHOLE
100
AcDbPolyline
 90
4
 70
1
 10
6233.2
 20
-1886.5
 10
6448.2
 20
-1886.5
 10
6448.2
 20
-1821.5
 10
6233.2
 20
-1821.5
  0
LWPOLYLINE
  5
476
330
17
100
AcDbEntity
  8
P5_T03_CUT
100
AcDbPolyline
 90
4
 70
1
 10
6458.2
 20
-1821.5
 10
6458.2
 20
-1886.5
 10
6523.2
 20
-1886.5
 10
6523.2
 20
-1821.5
  0
LWPOLYLINE
  5
477
330
17
100
AcDbEntity
  8
P5_T03_CUT
100
AcDbPolyline
 90
4
 70
1
 10
6833.2
 20
-2036.5
 10
6898.2
 20
-2036.5
 10
6898.2
 20
-1971.5
 10
6833.2
 20
-1971.5
  0
LWPOLYLINE
  5
478
330
17
100
AcDbEntity
  8
P5_T02_CUT
100
AcDbPolyline
 90
4
 70
1
 10
6758.2
 20
-1961.5
 10
6898.2
 20
-1961.5
 10
6898.2
 20
-1896.5
 10
6758.2
 20
-1896.5
  0
LWPOLYLINE
  5
479
330
17
100
AcDbEntity
  8
P5_T01_WHOLE
100
AcDbPolyline
 90
4
 70
1
 10
6683.2
 20
-1886.5
 10
6898.2
 20
-1886.5
 10
6898.2
 20
-1821.5
 10
6683.2
 20
-1821.5
  0
DIMENSION
  5
47A
330
17
100
AcDbEntity
  8
DIM
100
AcDbDimension
280
0
  2
*D9
  3
MM
 10
5333.2
 20
-1581.5
 30
0.0
 11
6115.7
 21
-1551.5
 31
0.0
 70
32
 71
5
  1
<>
100
AcDbAlignedDimension
 13
5333.2
 23
-1821.5
 33
0.0
 14
6898.2
 24
-1821.5
 34
0.0
 50
0.0
100
AcDbRotatedDimension
  0
DIMENSION
  5
489
330
17
100
AcDbEntity
  8
DIM
100
AcDbDimension
280
0
  2
*D10
  3
MM
 10
7138.2
 20
-3236.5
 30
0.0
 11
7108.2
 21
-2529.0
 31
0.0
 70
32
 71
5
  1
<>
100
AcDbAlignedDimension
 13
6898.2
 23
-3236.5
 33
0.0
 14
6898.2
 24
-1821.5
 34
0.0
 50
90.0
100
AcDbRotatedDimension
  0
TEXT
  5
498
330
17
100
AcDbEntity
  8
TXT
100
AcDbText
 10
5333.2
 20
-921.5
 30
0.0
 40
64.0
  1
5   正交人字纹，与板边平齐   Herringbone square to the board edge
  7
CN
 11
5333.2
 21
-921.5
 31
0.0
100
AcDbText
  0
TEXT
  5
499
330
17
100
AcDbEntity
  8
TXT
100
AcDbText
 10
5333.2
 20
-1051.5
 30
0.0
 40
40.0
  1
地面 Floor / 细面 Sleek
  7
CN
 11
5333.2
 21
-1051.5
 31
0.0
100
AcDbText
  0
TEXT
  5
49A
330
17
100
AcDbEntity
  8
TXT
100
AcDbText
 10
5333.2
 20
-1121.5
 30
0.0
 40
40.0
  1
板面 board 1565 x 1415 mm     灰缝 joint 10 mm     砖片 slip 215 x 65 x 20
  7
CN
 11
5333.2
 21
-1121.5
 31
0.0
100
AcDbText
  0
TEXT
  5
49B
330
17
100
AcDbEntity
  8
TXT
100
AcDbText
 10
5333.2
 20
-1191.5
 30
0.0
 40
40.0
  1
共 145 片 pieces:  整砖 121 whole,  标准件 0 standard,  切割件 24 cut
  7
CN
 11
5333.2
 21
-1191.5
 31
0.0
100
AcDbText
  0
TEXT
  5
49C
330
17
100
AcDbEntity
  8
TXT
100
AcDbText
 10
5333.2
 20
-1261.5
 30
0.0
 40
40.0
  1
砖型 3 种 brick types,  其中 2 种需切割 need cutting
  7
CN
 11
5333.2
 21
-1261.5
 31
0.0
100
AcDbText
  0
TEXT
  5
49D
330
17
100
AcDbEntity
  8
TXT
100
AcDbText
 10
7518.2
 20
-1821.5
 30
0.0
 40
42.0
  1
编号
  7
CN
 11
7518.2
 21
-1821.5
 31
0.0
100
AcDbText
  0
TEXT
  5
49E
330
17
100
AcDbEntity
  8
TXT
100
AcDbText
 10
7738.2
 20
-1821.5
 30
0.0
 40
42.0
  1
数量
  7
CN
 11
7738.2
 21
-1821.5
 31
0.0
100
AcDbText
  0
TEXT
  5
49F
330
17
100
AcDbEntity
  8
TXT
100
AcDbText
 10
7948.2
 20
-1821.5
 30
0.0
 40
42.0
  1
说明  DESCRIPTION
  7
CN
 11
7948.2
 21
-1821.5
 31
0.0
100
AcDbText
  0
LINE
  5
4A0
330
17
100
AcDbEntity
  8
TXT
100
AcDbLine
 10
7358.2
 20
-1855.5
 30
0.0
 11
9758.9
 21
-1855.5
 31
0.0
  0
LWPOLYLINE
  5
4A1
330
17
100
AcDbEntity
  8
P5_T01_WHOLE
100
AcDbPolyline
 90
4
 70
1
 10
7368.2
 20
-1961.5
 10
7478.2
 20
-1961.5
 10
7478.2
 20
-1899.5
 10
7368.2
 20
-1899.5
  0
TEXT
  5
4A2
330
17
100
AcDbEntity
  8
TXT
100
AcDbText
 10
7518.2
 20
-1961.5
 30
0.0
 40
38.0
  1
T01
  7
CN
 11
7518.2
 21
-1961.5
 31
0.0
100
AcDbText
  0
TEXT
  5
4A3
330
17
100
AcDbEntity
  8
TXT
100
AcDbText
 10
7738.2
 20
-1961.5
 30
0.0
 40
38.0
  1
121
  7
CN
 11
7738.2
 21
-1961.5
 31
0.0
100
AcDbText
  0
TEXT
  5
4A4
330
17
100
AcDbEntity
  8
TXT
100
AcDbText
 10
7948.2
 20
-1961.5
 30
0.0
 40
38.0
  1
整砖片 whole slip  215 x 65
  7
CN
 11
7948.2
 21
-1961.5
 31
0.0
100
AcDbText
  0
LWPOLYLINE
  5
4A5
330
17
100
AcDbEntity
  8
P5_T02_CUT
100
AcDbPolyline
 90
4
 70
1
 10
7368.2
 20
-2056.5
 10
7478.2
 20
-2056.5
 10
7478.2
 20
-1994.5
 10
7368.2
 20
-1994.5
  0
TEXT
  5
4A6
330
17
100
AcDbEntity
  8
TXT
100
AcDbText
 10
7518.2
 20
-2056.5
 30
0.0
 40
38.0
  1
T02
  7
CN
 11
7518.2
 21
-2056.5
 31
0.0
100
AcDbText
  0
TEXT
  5
4A7
330
17
100
AcDbEntity
  8
TXT
100
AcDbText
 10
7738.2
 20
-2056.5
 30
0.0
 40
38.0
  1
12
  7
CN
 11
7738.2
 21
-2056.5
 31
0.0
100
AcDbText
  0
TEXT
  5
4A8
330
17
100
AcDbEntity
  8
TXT
100
AcDbText
 10
7948.2
 20
-2056.5
 30
0.0
 40
38.0
  1
切割件 cut, 4 边 sides  65/65/140/140 mm  (外接框 bbox 65 x 140, 9100 mm2)
  7
CN
 11
7948.2
 21
-2056.5
 31
0.0
100
AcDbText
  0
LWPOLYLINE
  5
4A9
330
17
100
AcDbEntity
  8
P5_T03_CUT
100
AcDbPolyline
 90
4
 70
1
 10
7368.2
 20
-2151.5
 10
7478.2
 20
-2151.5
 10
7478.2
 20
-2089.5
 10
7368.2
 20
-2089.5
  0
TEXT
  5
4AA
330
17
100
AcDbEntity
  8
TXT
100
AcDbText
 10
7518.2
 20
-2151.5
 30
0.0
 40
38.0
  1
T03
  7
CN
 11
7518.2
 21
-2151.5
 31
0.0
100
AcDbText
  0
TEXT
  5
4AB
330
17
100
AcDbEntity
  8
TXT
100
AcDbText
 10
7738.2
 20
-2151.5
 30
0.0
 40
38.0
  1
12
  7
CN
 11
7738.2
 21
-2151.5
 31
0.0
100
AcDbText
  0
TEXT
  5
4AC
330
17
100
AcDbEntity
  8
TXT
100
AcDbText
 10
7948.2
 20
-2151.5
 30
0.0
 40
38.0
  1
切割件 cut, 4 边 sides  65/65/65/65 mm  (外接框 bbox 65 x 65, 4225 mm2)
  7
CN
 11
7948.2
 21
-2151.5
 31
0.0
100
AcDbText
  0
LWPOLYLINE
  5
4AD
330
17
100
AcDbEntity
  8
PANEL
370
50
100
AcDbPolyline
 90
4
 70
1
 10
10666.4
 20
-3236.5
 10
12231.4
 20
-3236.5
 10
12231.4
 20
-1671.5
 10
10666.4
 20
-1671.5
  0
LWPOLYLINE
  5
4AF
330
17
100
AcDbEntity
  8
P6_T01_WHOLE
100
AcDbPolyline
 90
4
 70
1
 10
10666.4
 20
-3236.5
 10
10881.4
 20
-3236.5
 10
10881.4
 20
-3171.5
 10
10666.4
 20
-3171.5
  0
LWPOLYLINE
  5
4B0
330
17
100
AcDbEntity
  8
P6_T01_WHOLE
100
AcDbPolyline
 90
4
 70
1
 10
10666.4
 20
-3161.5
 10
10881.4
 20
-3161.5
 10
10881.4
 20
-3096.5
 10
10666.4
 20
-3096.5
  0
LWPOLYLINE
  5
4B1
330
17
100
AcDbEntity
  8
P6_T01_WHOLE
100
AcDbPolyline
 90
4
 70
1
 10
10666.4
 20
-3086.5
 10
10881.4
 20
-3086.5
 10
10881.4
 20
-3021.5
 10
10666.4
 20
-3021.5
  0
LWPOLYLINE
  5
4B2
330
17
100
AcDbEntity
  8
P6_T01_WHOLE
100
AcDbPolyline
 90
4
 70
1
 10
10891.4
 20
-3236.5
 10
10956.4
 20
-3236.5
 10
10956.4
 20
-3021.5
 10
10891.4
 20
-3021.5
  0
LWPOLYLINE
  5
4B3
330
17
100
AcDbEntity
  8
P6_T01_WHOLE
100
AcDbPolyline
 90
4
 70
1
 10
10966.4
 20
-3236.5
 10
11031.4
 20
-3236.5
 10
11031.4
 20
-3021.5
 10
10966.4
 20
-3021.5
  0
LWPOLYLINE
  5
4B4
330
17
100
AcDbEntity
  8
P6_T01_WHOLE
100
AcDbPolyline
 90
4
 70
1
 10
11041.4
 20
-3236.5
 10
11106.4
 20
-3236.5
 10
11106.4
 20
-3021.5
 10
11041.4
 20
-3021.5
  0
LWPOLYLINE
  5
4B5
330
17
100
AcDbEntity
  8
P6_T01_WHOLE
100
AcDbPolyline
 90
4
 70
1
 10
11116.4
 20
-3236.5
 10
11331.4
 20
-3236.5
 10
11331.4
 20
-3171.5
 10
11116.4
 20
-3171.5
  0
LWPOLYLINE
  5
4B6
330
17
100
AcDbEntity
  8
P6_T01_WHOLE
100
AcDbPolyline
 90
4
 70
1
 10
11116.4
 20
-3161.5
 10
11331.4
 20
-3161.5
 10
11331.4
 20
-3096.5
 10
11116.4
 20
-3096.5
  0
LWPOLYLINE
  5
4B7
330
17
100
AcDbEntity
  8
P6_T01_WHOLE
100
AcDbPolyline
 90
4
 70
1
 10
11116.4
 20
-3086.5
 10
11331.4
 20
-3086.5
 10
11331.4
 20
-3021.5
 10
11116.4
 20
-3021.5
  0
LWPOLYLINE
  5
4B8
330
17
100
AcDbEntity
  8
P6_T01_WHOLE
100
AcDbPolyline
 90
4
 70
1
 10
11341.4
 20
-3236.5
 10
11406.4
 20
-3236.5
 10
11406.4
 20
-3021.5
 10
11341.4
 20
-3021.5
  0
LWPOLYLINE
  5
4B9
330
17
100
AcDbEntity
  8
P6_T01_WHOLE
100
AcDbPolyline
 90
4
 70
1
 10
11416.4
 20
-3236.5
 10
11481.4
 20
-3236.5
 10
11481.4
 20
-3021.5
 10
11416.4
 20
-3021.5
  0
LWPOLYLINE
  5
4BA
330
17
100
AcDbEntity
  8
P6_T01_WHOLE
100
AcDbPolyline
 90
4
 70
1
 10
11491.4
 20
-3236.5
 10
11556.4
 20
-3236.5
 10
11556.4
 20
-3021.5
 10
11491.4
 20
-3021.5
  0
LWPOLYLINE
  5
4BB
330
17
100
AcDbEntity
  8
P6_T01_WHOLE
100
AcDbPolyline
 90
4
 70
1
 10
11566.4
 20
-3236.5
 10
11781.4
 20
-3236.5
 10
11781.4
 20
-3171.5
 10
11566.4
 20
-3171.5
  0
LWPOLYLINE
  5
4BC
330
17
100
AcDbEntity
  8
P6_T01_WHOLE
100
AcDbPolyline
 90
4
 70
1
 10
11566.4
 20
-3161.5
 10
11781.4
 20
-3161.5
 10
11781.4
 20
-3096.5
 10
11566.4
 20
-3096.5
  0
LWPOLYLINE
  5
4BD
330
17
100
AcDbEntity
  8
P6_T01_WHOLE
100
AcDbPolyline
 90
4
 70
1
 10
11566.4
 20
-3086.5
 10
11781.4
 20
-3086.5
 10
11781.4
 20
-3021.5
 10
11566.4
 20
-3021.5
  0
LWPOLYLINE
  5
4BE
330
17
100
AcDbEntity
  8
P6_T01_WHOLE
100
AcDbPolyline
 90
4
 70
1
 10
11791.4
 20
-3236.5
 10
11856.4
 20
-3236.5
 10
11856.4
 20
-3021.5
 10
11791.4
 20
-3021.5
  0
LWPOLYLINE
  5
4BF
330
17
100
AcDbEntity
  8
P6_T01_WHOLE
100
AcDbPolyline
 90
4
 70
1
 10
11866.4
 20
-3236.5
 10
11931.4
 20
-3236.5
 10
11931.4
 20
-3021.5
 10
11866.4
 20
-3021.5
  0
LWPOLYLINE
  5
4C0
330
17
100
AcDbEntity
  8
P6_T01_WHOLE
100
AcDbPolyline
 90
4
 70
1
 10
11941.4
 20
-3236.5
 10
12006.4
 20
-3236.5
 10
12006.4
 20
-3021.5
 10
11941.4
 20
-3021.5
  0
LWPOLYLINE
  5
4C1
330
17
100
AcDbEntity
  8
P6_T01_WHOLE
100
AcDbPolyline
 90
4
 70
1
 10
12016.4
 20
-3236.5
 10
12231.4
 20
-3236.5
 10
12231.4
 20
-3171.5
 10
12016.4
 20
-3171.5
  0
LWPOLYLINE
  5
4C2
330
17
100
AcDbEntity
  8
P6_T01_WHOLE
100
AcDbPolyline
 90
4
 70
1
 10
12016.4
 20
-3161.5
 10
12231.4
 20
-3161.5
 10
12231.4
 20
-3096.5
 10
12016.4
 20
-3096.5
  0
LWPOLYLINE
  5
4C3
330
17
100
AcDbEntity
  8
P6_T01_WHOLE
100
AcDbPolyline
 90
4
 70
1
 10
12016.4
 20
-3086.5
 10
12231.4
 20
-3086.5
 10
12231.4
 20
-3021.5
 10
12016.4
 20
-3021.5
  0
LWPOLYLINE
  5
4C4
330
17
100
AcDbEntity
  8
P6_T01_WHOLE
100
AcDbPolyline
 90
4
 70
1
 10
10666.4
 20
-3011.5
 10
10731.4
 20
-3011.5
 10
10731.4
 20
-2796.5
 10
10666.4
 20
-2796.5
  0
LWPOLYLINE
  5
4C5
330
17
100
AcDbEntity
  8
P6_T01_WHOLE
100
AcDbPolyline
 90
4
 70
1
 10
10741.4
 20
-3011.5
 10
10806.4
 20
-3011.5
 10
10806.4
 20
-2796.5
 10
10741.4
 20
-2796.5
  0
LWPOLYLINE
  5
4C6
330
17
100
AcDbEntity
  8
P6_T01_WHOLE
100
AcDbPolyline
 90
4
 70
1
 10
10816.4
 20
-3011.5
 10
10881.4
 20
-3011.5
 10
10881.4
 20
-2796.5
 10
10816.4
 20
-2796.5
  0
LWPOLYLINE
  5
4C7
330
17
100
AcDbEntity
  8
P6_T01_WHOLE
100
AcDbPolyline
 90
4
 70
1
 10
10891.4
 20
-3011.5
 10
11106.4
 20
-3011.5
 10
11106.4
 20
-2946.5
 10
10891.4
 20
-2946.5
  0
LWPOLYLINE
  5
4C8
330
17
100
AcDbEntity
  8
P6_T01_WHOLE
100
AcDbPolyline
 90
4
 70
1
 10
10891.4
 20
-2936.5
 10
11106.4
 20
-2936.5
 10
11106.4
 20
-2871.5
 10
10891.4
 20
-2871.5
  0
LWPOLYLINE
  5
4C9
330
17
100
AcDbEntity
  8
P6_T01_WHOLE
100
AcDbPolyline
 90
4
 70
1
 10
10891.4
 20
-2861.5
 10
11106.4
 20
-2861.5
 10
11106.4
 20
-2796.5
 10
10891.4
 20
-2796.5
  0
LWPOLYLINE
  5
4CA
330
17
100
AcDbEntity
  8
P6_T01_WHOLE
100
AcDbPolyline
 90
4
 70
1
 10
11116.4
 20
-3011.5
 10
11181.4
 20
-3011.5
 10
11181.4
 20
-2796.5
 10
11116.4
 20
-2796.5
  0
LWPOLYLINE
  5
4CB
330
17
100
AcDbEntity
  8
P6_T01_WHOLE
100
AcDbPolyline
 90
4
 70
1
 10
11191.4
 20
-3011.5
 10
11256.4
 20
-3011.5
 10
11256.4
 20
-2796.5
 10
11191.4
 20
-2796.5
  0
LWPOLYLINE
  5
4CC
330
17
100
AcDbEntity
  8
P6_T01_WHOLE
100
AcDbPolyline
 90
4
 70
1
 10
11266.4
 20
-3011.5
 10
11331.4
 20
-3011.5
 10
11331.4
 20
-2796.5
 10
11266.4
 20
-2796.5
  0
LWPOLYLINE
  5
4CD
330
17
100
AcDbEntity
  8
P6_T01_WHOLE
100
AcDbPolyline
 90
4
 70
1
 10
11341.4
 20
-3011.5
 10
11556.4
 20
-3011.5
 10
11556.4
 20
-2946.5
 10
11341.4
 20
-2946.5
  0
LWPOLYLINE
  5
4CE
330
17
100
AcDbEntity
  8
P6_T01_WHOLE
100
AcDbPolyline
 90
4
 70
1
 10
11341.4
 20
-2936.5
 10
11556.4
 20
-2936.5
 10
11556.4
 20
-2871.5
 10
11341.4
 20
-2871.5
  0
LWPOLYLINE
  5
4CF
330
17
100
AcDbEntity
  8
P6_T01_WHOLE
100
AcDbPolyline
 90
4
 70
1
 10
11341.4
 20
-2861.5
 10
11556.4
 20
-2861.5
 10
11556.4
 20
-2796.5
 10
11341.4
 20
-2796.5
  0
LWPOLYLINE
  5
4D0
330
17
100
AcDbEntity
  8
P6_T01_WHOLE
100
AcDbPolyline
 90
4
 70
1
 10
11566.4
 20
-3011.5
 10
11631.4
 20
-3011.5
 10
11631.4
 20
-2796.5
 10
11566.4
 20
-2796.5
  0
LWPOLYLINE
  5
4D1
330
17
100
AcDbEntity
  8
P6_T01_WHOLE
100
AcDbPolyline
 90
4
 70
1
 10
11641.4
 20
-3011.5
 10
11706.4
 20
-3011.5
 10
11706.4
 20
-2796.5
 10
11641.4
 20
-2796.5
  0
LWPOLYLINE
  5
4D2
330
17
100
AcDbEntity
  8
P6_T01_WHOLE
100
AcDbPolyline
 90
4
 70
1
 10
11716.4
 20
-3011.5
 10
11781.4
 20
-3011.5
 10
11781.4
 20
-2796.5
 10
11716.4
 20
-2796.5
  0
LWPOLYLINE
  5
4D3
330
17
100
AcDbEntity
  8
P6_T01_WHOLE
100
AcDbPolyline
 90
4
 70
1
 10
11791.4
 20
-3011.5
 10
12006.4
 20
-3011.5
 10
12006.4
 20
-2946.5
 10
11791.4
 20
-2946.5
  0
LWPOLYLINE
  5
4D4
330
17
100
AcDbEntity
  8
P6_T01_WHOLE
100
AcDbPolyline
 90
4
 70
1
 10
11791.4
 20
-2936.5
 10
12006.4
 20
-2936.5
 10
12006.4
 20
-2871.5
 10
11791.4
 20
-2871.5
  0
LWPOLYLINE
  5
4D5
330
17
100
AcDbEntity
  8
P6_T01_WHOLE
100
AcDbPolyline
 90
4
 70
1
 10
11791.4
 20
-2861.5
 10
12006.4
 20
-2861.5
 10
12006.4
 20
-2796.5
 10
11791.4
 20
-2796.5
  0
LWPOLYLINE
  5
4D6
330
17
100
AcDbEntity
  8
P6_T01_WHOLE
100
AcDbPolyline
 90
4
 70
1
 10
12016.4
 20
-3011.5
 10
12081.4
 20
-3011.5
 10
12081.4
 20
-2796.5
 10
12016.4
 20
-2796.5
  0
LWPOLYLINE
  5
4D7
330
17
100
AcDbEntity
  8
P6_T01_WHOLE
100
AcDbPolyline
 90
4
 70
1
 10
12091.4
 20
-3011.5
 10
12156.4
 20
-3011.5
 10
12156.4
 20
-2796.5
 10
12091.4
 20
-2796.5
  0
LWPOLYLINE
  5
4D8
330
17
100
AcDbEntity
  8
P6_T01_WHOLE
100
AcDbPolyline
 90
4
 70
1
 10
12166.4
 20
-3011.5
 10
12231.4
 20
-3011.5
 10
12231.4
 20
-2796.5
 10
12166.4
 20
-2796.5
  0
LWPOLYLINE
  5
4D9
330
17
100
AcDbEntity
  8
P6_T01_WHOLE
100
AcDbPolyline
 90
4
 70
1
 10
10666.4
 20
-2786.5
 10
10881.4
 20
-2786.5
 10
10881.4
 20
-2721.5
 10
10666.4
 20
-2721.5
  0
LWPOLYLINE
  5
4DA
330
17
100
AcDbEntity
  8
P6_T01_WHOLE
100
AcDbPolyline
 90
4
 70
1
 10
10666.4
 20
-2711.5
 10
10881.4
 20
-2711.5
 10
10881.4
 20
-2646.5
 10
10666.4
 20
-2646.5
  0
LWPOLYLINE
  5
4DB
330
17
100
AcDbEntity
  8
P6_T01_WHOLE
100
AcDbPolyline
 90
4
 70
1
 10
10666.4
 20
-2636.5
 10
10881.4
 20
-2636.5
 10
10881.4
 20
-2571.5
 10
10666.4
 20
-2571.5
  0
LWPOLYLINE
  5
4DC
330
17
100
AcDbEntity
  8
P6_T01_WHOLE
100
AcDbPolyline
 90
4
 70
1
 10
10891.4
 20
-2786.5
 10
10956.4
 20
-2786.5
 10
10956.4
 20
-2571.5
 10
10891.4
 20
-2571.5
  0
LWPOLYLINE
  5
4DD
330
17
100
AcDbEntity
  8
P6_T01_WHOLE
100
AcDbPolyline
 90
4
 70
1
 10
10966.4
 20
-2786.5
 10
11031.4
 20
-2786.5
 10
11031.4
 20
-2571.5
 10
10966.4
 20
-2571.5
  0
LWPOLYLINE
  5
4DE
330
17
100
AcDbEntity
  8
P6_T01_WHOLE
100
AcDbPolyline
 90
4
 70
1
 10
11041.4
 20
-2786.5
 10
11106.4
 20
-2786.5
 10
11106.4
 20
-2571.5
 10
11041.4
 20
-2571.5
  0
LWPOLYLINE
  5
4DF
330
17
100
AcDbEntity
  8
P6_T01_WHOLE
100
AcDbPolyline
 90
4
 70
1
 10
11116.4
 20
-2786.5
 10
11331.4
 20
-2786.5
 10
11331.4
 20
-2721.5
 10
11116.4
 20
-2721.5
  0
LWPOLYLINE
  5
4E0
330
17
100
AcDbEntity
  8
P6_T01_WHOLE
100
AcDbPolyline
 90
4
 70
1
 10
11116.4
 20
-2711.5
 10
11331.4
 20
-2711.5
 10
11331.4
 20
-2646.5
 10
11116.4
 20
-2646.5
  0
LWPOLYLINE
  5
4E1
330
17
100
AcDbEntity
  8
P6_T01_WHOLE
100
AcDbPolyline
 90
4
 70
1
 10
11116.4
 20
-2636.5
 10
11331.4
 20
-2636.5
 10
11331.4
 20
-2571.5
 10
11116.4
 20
-2571.5
  0
LWPOLYLINE
  5
4E2
330
17
100
AcDbEntity
  8
P6_T01_WHOLE
100
AcDbPolyline
 90
4
 70
1
 10
11341.4
 20
-2786.5
 10
11406.4
 20
-2786.5
 10
11406.4
 20
-2571.5
 10
11341.4
 20
-2571.5
  0
LWPOLYLINE
  5
4E3
330
17
100
AcDbEntity
  8
P6_T01_WHOLE
100
AcDbPolyline
 90
4
 70
1
 10
11416.4
 20
-2786.5
 10
11481.4
 20
-2786.5
 10
11481.4
 20
-2571.5
 10
11416.4
 20
-2571.5
  0
LWPOLYLINE
  5
4E4
330
17
100
AcDbEntity
  8
P6_T01_WHOLE
100
AcDbPolyline
 90
4
 70
1
 10
11491.4
 20
-2786.5
 10
11556.4
 20
-2786.5
 10
11556.4
 20
-2571.5
 10
11491.4
 20
-2571.5
  0
LWPOLYLINE
  5
4E5
330
17
100
AcDbEntity
  8
P6_T01_WHOLE
100
AcDbPolyline
 90
4
 70
1
 10
11566.4
 20
-2786.5
 10
11781.4
 20
-2786.5
 10
11781.4
 20
-2721.5
 10
11566.4
 20
-2721.5
  0
LWPOLYLINE
  5
4E6
330
17
100
AcDbEntity
  8
P6_T01_WHOLE
100
AcDbPolyline
 90
4
 70
1
 10
11566.4
 20
-2711.5
 10
11781.4
 20
-2711.5
 10
11781.4
 20
-2646.5
 10
11566.4
 20
-2646.5
  0
LWPOLYLINE
  5
4E7
330
17
100
AcDbEntity
  8
P6_T01_WHOLE
100
AcDbPolyline
 90
4
 70
1
 10
11566.4
 20
-2636.5
 10
11781.4
 20
-2636.5
 10
11781.4
 20
-2571.5
 10
11566.4
 20
-2571.5
  0
LWPOLYLINE
  5
4E8
330
17
100
AcDbEntity
  8
P6_T01_WHOLE
100
AcDbPolyline
 90
4
 70
1
 10
11791.4
 20
-2786.5
 10
11856.4
 20
-2786.5
 10
11856.4
 20
-2571.5
 10
11791.4
 20
-2571.5
  0
LWPOLYLINE
  5
4E9
330
17
100
AcDbEntity
  8
P6_T01_WHOLE
100
AcDbPolyline
 90
4
 70
1
 10
11866.4
 20
-2786.5
 10
11931.4
 20
-2786.5
 10
11931.4
 20
-2571.5
 10
11866.4
 20
-2571.5
  0
LWPOLYLINE
  5
4EA
330
17
100
AcDbEntity
  8
P6_T01_WHOLE
100
AcDbPolyline
 90
4
 70
1
 10
11941.4
 20
-2786.5
 10
12006.4
 20
-2786.5
 10
12006.4
 20
-2571.5
 10
11941.4
 20
-2571.5
  0
LWPOLYLINE
  5
4EB
330
17
100
AcDbEntity
  8
P6_T01_WHOLE
100
AcDbPolyline
 90
4
 70
1
 10
12016.4
 20
-2786.5
 10
12231.4
 20
-2786.5
 10
12231.4
 20
-2721.5
 10
12016.4
 20
-2721.5
  0
LWPOLYLINE
  5
4EC
330
17
100
AcDbEntity
  8
P6_T01_WHOLE
100
AcDbPolyline
 90
4
 70
1
 10
12016.4
 20
-2711.5
 10
12231.4
 20
-2711.5
 10
12231.4
 20
-2646.5
 10
12016.4
 20
-2646.5
  0
LWPOLYLINE
  5
4ED
330
17
100
AcDbEntity
  8
P6_T01_WHOLE
100
AcDbPolyline
 90
4
 70
1
 10
12016.4
 20
-2636.5
 10
12231.4
 20
-2636.5
 10
12231.4
 20
-2571.5
 10
12016.4
 20
-2571.5
  0
LWPOLYLINE
  5
4EE
330
17
100
AcDbEntity
  8
P6_T01_WHOLE
100
AcDbPolyline
 90
4
 70
1
 10
10666.4
 20
-2561.5
 10
10731.4
 20
-2561.5
 10
10731.4
 20
-2346.5
 10
10666.4
 20
-2346.5
  0
LWPOLYLINE
  5
4EF
330
17
100
AcDbEntity
  8
P6_T01_WHOLE
100
AcDbPolyline
 90
4
 70
1
 10
10741.4
 20
-2561.5
 10
10806.4
 20
-2561.5
 10
10806.4
 20
-2346.5
 10
10741.4
 20
-2346.5
  0
LWPOLYLINE
  5
4F0
330
17
100
AcDbEntity
  8
P6_T01_WHOLE
100
AcDbPolyline
 90
4
 70
1
 10
10816.4
 20
-2561.5
 10
10881.4
 20
-2561.5
 10
10881.4
 20
-2346.5
 10
10816.4
 20
-2346.5
  0
LWPOLYLINE
  5
4F1
330
17
100
AcDbEntity
  8
P6_T01_WHOLE
100
AcDbPolyline
 90
4
 70
1
 10
10891.4
 20
-2561.5
 10
11106.4
 20
-2561.5
 10
11106.4
 20
-2496.5
 10
10891.4
 20
-2496.5
  0
LWPOLYLINE
  5
4F2
330
17
100
AcDbEntity
  8
P6_T01_WHOLE
100
AcDbPolyline
 90
4
 70
1
 10
10891.4
 20
-2486.5
 10
11106.4
 20
-2486.5
 10
11106.4
 20
-2421.5
 10
10891.4
 20
-2421.5
  0
LWPOLYLINE
  5
4F3
330
17
100
AcDbEntity
  8
P6_T01_WHOLE
100
AcDbPolyline
 90
4
 70
1
 10
10891.4
 20
-2411.5
 10
11106.4
 20
-2411.5
 10
11106.4
 20
-2346.5
 10
10891.4
 20
-2346.5
  0
LWPOLYLINE
  5
4F4
330
17
100
AcDbEntity
  8
P6_T01_WHOLE
100
AcDbPolyline
 90
4
 70
1
 10
11116.4
 20
-2561.5
 10
11181.4
 20
-2561.5
 10
11181.4
 20
-2346.5
 10
11116.4
 20
-2346.5
  0
LWPOLYLINE
  5
4F5
330
17
100
AcDbEntity
  8
P6_T01_WHOLE
100
AcDbPolyline
 90
4
 70
1
 10
11191.4
 20
-2561.5
 10
11256.4
 20
-2561.5
 10
11256.4
 20
-2346.5
 10
11191.4
 20
-2346.5
  0
LWPOLYLINE
  5
4F6
330
17
100
AcDbEntity
  8
P6_T01_WHOLE
100
AcDbPolyline
 90
4
 70
1
 10
11266.4
 20
-2561.5
 10
11331.4
 20
-2561.5
 10
11331.4
 20
-2346.5
 10
11266.4
 20
-2346.5
  0
LWPOLYLINE
  5
4F7
330
17
100
AcDbEntity
  8
P6_T01_WHOLE
100
AcDbPolyline
 90
4
 70
1
 10
11341.4
 20
-2561.5
 10
11556.4
 20
-2561.5
 10
11556.4
 20
-2496.5
 10
11341.4
 20
-2496.5
  0
LWPOLYLINE
  5
4F8
330
17
100
AcDbEntity
  8
P6_T01_WHOLE
100
AcDbPolyline
 90
4
 70
1
 10
11341.4
 20
-2486.5
 10
11556.4
 20
-2486.5
 10
11556.4
 20
-2421.5
 10
11341.4
 20
-2421.5
  0
LWPOLYLINE
  5
4F9
330
17
100
AcDbEntity
  8
P6_T01_WHOLE
100
AcDbPolyline
 90
4
 70
1
 10
11341.4
 20
-2411.5
 10
11556.4
 20
-2411.5
 10
11556.4
 20
-2346.5
 10
11341.4
 20
-2346.5
  0
LWPOLYLINE
  5
4FA
330
17
100
AcDbEntity
  8
P6_T01_WHOLE
100
AcDbPolyline
 90
4
 70
1
 10
11566.4
 20
-2561.5
 10
11631.4
 20
-2561.5
 10
11631.4
 20
-2346.5
 10
11566.4
 20
-2346.5
  0
LWPOLYLINE
  5
4FB
330
17
100
AcDbEntity
  8
P6_T01_WHOLE
100
AcDbPolyline
 90
4
 70
1
 10
11641.4
 20
-2561.5
 10
11706.4
 20
-2561.5
 10
11706.4
 20
-2346.5
 10
11641.4
 20
-2346.5
  0
LWPOLYLINE
  5
4FC
330
17
100
AcDbEntity
  8
P6_T01_WHOLE
100
AcDbPolyline
 90
4
 70
1
 10
11716.4
 20
-2561.5
 10
11781.4
 20
-2561.5
 10
11781.4
 20
-2346.5
 10
11716.4
 20
-2346.5
  0
LWPOLYLINE
  5
4FD
330
17
100
AcDbEntity
  8
P6_T01_WHOLE
100
AcDbPolyline
 90
4
 70
1
 10
11791.4
 20
-2561.5
 10
12006.4
 20
-2561.5
 10
12006.4
 20
-2496.5
 10
11791.4
 20
-2496.5
  0
LWPOLYLINE
  5
4FE
330
17
100
AcDbEntity
  8
P6_T01_WHOLE
100
AcDbPolyline
 90
4
 70
1
 10
11791.4
 20
-2486.5
 10
12006.4
 20
-2486.5
 10
12006.4
 20
-2421.5
 10
11791.4
 20
-2421.5
  0
LWPOLYLINE
  5
4FF
330
17
100
AcDbEntity
  8
P6_T01_WHOLE
100
AcDbPolyline
 90
4
 70
1
 10
11791.4
 20
-2411.5
 10
12006.4
 20
-2411.5
 10
12006.4
 20
-2346.5
 10
11791.4
 20
-2346.5
  0
LWPOLYLINE
  5
500
330
17
100
AcDbEntity
  8
P6_T01_WHOLE
100
AcDbPolyline
 90
4
 70
1
 10
12016.4
 20
-2561.5
 10
12081.4
 20
-2561.5
 10
12081.4
 20
-2346.5
 10
12016.4
 20
-2346.5
  0
LWPOLYLINE
  5
501
330
17
100
AcDbEntity
  8
P6_T01_WHOLE
100
AcDbPolyline
 90
4
 70
1
 10
12091.4
 20
-2561.5
 10
12156.4
 20
-2561.5
 10
12156.4
 20
-2346.5
 10
12091.4
 20
-2346.5
  0
LWPOLYLINE
  5
502
330
17
100
AcDbEntity
  8
P6_T01_WHOLE
100
AcDbPolyline
 90
4
 70
1
 10
12166.4
 20
-2561.5
 10
12231.4
 20
-2561.5
 10
12231.4
 20
-2346.5
 10
12166.4
 20
-2346.5
  0
LWPOLYLINE
  5
503
330
17
100
AcDbEntity
  8
P6_T01_WHOLE
100
AcDbPolyline
 90
4
 70
1
 10
10666.4
 20
-2336.5
 10
10881.4
 20
-2336.5
 10
10881.4
 20
-2271.5
 10
10666.4
 20
-2271.5
  0
LWPOLYLINE
  5
504
330
17
100
AcDbEntity
  8
P6_T01_WHOLE
100
AcDbPolyline
 90
4
 70
1
 10
10666.4
 20
-2261.5
 10
10881.4
 20
-2261.5
 10
10881.4
 20
-2196.5
 10
10666.4
 20
-2196.5
  0
LWPOLYLINE
  5
505
330
17
100
AcDbEntity
  8
P6_T01_WHOLE
100
AcDbPolyline
 90
4
 70
1
 10
10666.4
 20
-2186.5
 10
10881.4
 20
-2186.5
 10
10881.4
 20
-2121.5
 10
10666.4
 20
-2121.5
  0
LWPOLYLINE
  5
506
330
17
100
AcDbEntity
  8
P6_T01_WHOLE
100
AcDbPolyline
 90
4
 70
1
 10
10891.4
 20
-2336.5
 10
10956.4
 20
-2336.5
 10
10956.4
 20
-2121.5
 10
10891.4
 20
-2121.5
  0
LWPOLYLINE
  5
507
330
17
100
AcDbEntity
  8
P6_T01_WHOLE
100
AcDbPolyline
 90
4
 70
1
 10
10966.4
 20
-2336.5
 10
11031.4
 20
-2336.5
 10
11031.4
 20
-2121.5
 10
10966.4
 20
-2121.5
  0
LWPOLYLINE
  5
508
330
17
100
AcDbEntity
  8
P6_T01_WHOLE
100
AcDbPolyline
 90
4
 70
1
 10
11041.4
 20
-2336.5
 10
11106.4
 20
-2336.5
 10
11106.4
 20
-2121.5
 10
11041.4
 20
-2121.5
  0
LWPOLYLINE
  5
509
330
17
100
AcDbEntity
  8
P6_T01_WHOLE
100
AcDbPolyline
 90
4
 70
1
 10
11116.4
 20
-2336.5
 10
11331.4
 20
-2336.5
 10
11331.4
 20
-2271.5
 10
11116.4
 20
-2271.5
  0
LWPOLYLINE
  5
50A
330
17
100
AcDbEntity
  8
P6_T01_WHOLE
100
AcDbPolyline
 90
4
 70
1
 10
11116.4
 20
-2261.5
 10
11331.4
 20
-2261.5
 10
11331.4
 20
-2196.5
 10
11116.4
 20
-2196.5
  0
LWPOLYLINE
  5
50B
330
17
100
AcDbEntity
  8
P6_T01_WHOLE
100
AcDbPolyline
 90
4
 70
1
 10
11116.4
 20
-2186.5
 10
11331.4
 20
-2186.5
 10
11331.4
 20
-2121.5
 10
11116.4
 20
-2121.5
  0
LWPOLYLINE
  5
50C
330
17
100
AcDbEntity
  8
P6_T01_WHOLE
100
AcDbPolyline
 90
4
 70
1
 10
11341.4
 20
-2336.5
 10
11406.4
 20
-2336.5
 10
11406.4
 20
-2121.5
 10
11341.4
 20
-2121.5
  0
LWPOLYLINE
  5
50D
330
17
100
AcDbEntity
  8
P6_T01_WHOLE
100
AcDbPolyline
 90
4
 70
1
 10
11416.4
 20
-2336.5
 10
11481.4
 20
-2336.5
 10
11481.4
 20
-2121.5
 10
11416.4
 20
-2121.5
  0
LWPOLYLINE
  5
50E
330
17
100
AcDbEntity
  8
P6_T01_WHOLE
100
AcDbPolyline
 90
4
 70
1
 10
11491.4
 20
-2336.5
 10
11556.4
 20
-2336.5
 10
11556.4
 20
-2121.5
 10
11491.4
 20
-2121.5
  0
LWPOLYLINE
  5
50F
330
17
100
AcDbEntity
  8
P6_T01_WHOLE
100
AcDbPolyline
 90
4
 70
1
 10
11566.4
 20
-2336.5
 10
11781.4
 20
-2336.5
 10
11781.4
 20
-2271.5
 10
11566.4
 20
-2271.5
  0
LWPOLYLINE
  5
510
330
17
100
AcDbEntity
  8
P6_T01_WHOLE
100
AcDbPolyline
 90
4
 70
1
 10
11566.4
 20
-2261.5
 10
11781.4
 20
-2261.5
 10
11781.4
 20
-2196.5
 10
11566.4
 20
-2196.5
  0
LWPOLYLINE
  5
511
330
17
100
AcDbEntity
  8
P6_T01_WHOLE
100
AcDbPolyline
 90
4
 70
1
 10
11566.4
 20
-2186.5
 10
11781.4
 20
-2186.5
 10
11781.4
 20
-2121.5
 10
11566.4
 20
-2121.5
  0
LWPOLYLINE
  5
512
330
17
100
AcDbEntity
  8
P6_T01_WHOLE
100
AcDbPolyline
 90
4
 70
1
 10
11791.4
 20
-2336.5
 10
11856.4
 20
-2336.5
 10
11856.4
 20
-2121.5
 10
11791.4
 20
-2121.5
  0
LWPOLYLINE
  5
513
330
17
100
AcDbEntity
  8
P6_T01_WHOLE
100
AcDbPolyline
 90
4
 70
1
 10
11866.4
 20
-2336.5
 10
11931.4
 20
-2336.5
 10
11931.4
 20
-2121.5
 10
11866.4
 20
-2121.5
  0
LWPOLYLINE
  5
514
330
17
100
AcDbEntity
  8
P6_T01_WHOLE
100
AcDbPolyline
 90
4
 70
1
 10
11941.4
 20
-2336.5
 10
12006.4
 20
-2336.5
 10
12006.4
 20
-2121.5
 10
11941.4
 20
-2121.5
  0
LWPOLYLINE
  5
515
330
17
100
AcDbEntity
  8
P6_T01_WHOLE
100
AcDbPolyline
 90
4
 70
1
 10
12016.4
 20
-2336.5
 10
12231.4
 20
-2336.5
 10
12231.4
 20
-2271.5
 10
12016.4
 20
-2271.5
  0
LWPOLYLINE
  5
516
330
17
100
AcDbEntity
  8
P6_T01_WHOLE
100
AcDbPolyline
 90
4
 70
1
 10
12016.4
 20
-2261.5
 10
12231.4
 20
-2261.5
 10
12231.4
 20
-2196.5
 10
12016.4
 20
-2196.5
  0
LWPOLYLINE
  5
517
330
17
100
AcDbEntity
  8
P6_T01_WHOLE
100
AcDbPolyline
 90
4
 70
1
 10
12016.4
 20
-2186.5
 10
12231.4
 20
-2186.5
 10
12231.4
 20
-2121.5
 10
12016.4
 20
-2121.5
  0
LWPOLYLINE
  5
518
330
17
100
AcDbEntity
  8
P6_T01_WHOLE
100
AcDbPolyline
 90
4
 70
1
 10
10666.4
 20
-2111.5
 10
10731.4
 20
-2111.5
 10
10731.4
 20
-1896.5
 10
10666.4
 20
-1896.5
  0
LWPOLYLINE
  5
519
330
17
100
AcDbEntity
  8
P6_T01_WHOLE
100
AcDbPolyline
 90
4
 70
1
 10
10741.4
 20
-2111.5
 10
10806.4
 20
-2111.5
 10
10806.4
 20
-1896.5
 10
10741.4
 20
-1896.5
  0
LWPOLYLINE
  5
51A
330
17
100
AcDbEntity
  8
P6_T01_WHOLE
100
AcDbPolyline
 90
4
 70
1
 10
10816.4
 20
-2111.5
 10
10881.4
 20
-2111.5
 10
10881.4
 20
-1896.5
 10
10816.4
 20
-1896.5
  0
LWPOLYLINE
  5
51B
330
17
100
AcDbEntity
  8
P6_T01_WHOLE
100
AcDbPolyline
 90
4
 70
1
 10
10891.4
 20
-2111.5
 10
11106.4
 20
-2111.5
 10
11106.4
 20
-2046.5
 10
10891.4
 20
-2046.5
  0
LWPOLYLINE
  5
51C
330
17
100
AcDbEntity
  8
P6_T01_WHOLE
100
AcDbPolyline
 90
4
 70
1
 10
10891.4
 20
-2036.5
 10
11106.4
 20
-2036.5
 10
11106.4
 20
-1971.5
 10
10891.4
 20
-1971.5
  0
LWPOLYLINE
  5
51D
330
17
100
AcDbEntity
  8
P6_T01_WHOLE
100
AcDbPolyline
 90
4
 70
1
 10
10891.4
 20
-1961.5
 10
11106.4
 20
-1961.5
 10
11106.4
 20
-1896.5
 10
10891.4
 20
-1896.5
  0
LWPOLYLINE
  5
51E
330
17
100
AcDbEntity
  8
P6_T01_WHOLE
100
AcDbPolyline
 90
4
 70
1
 10
11116.4
 20
-2111.5
 10
11181.4
 20
-2111.5
 10
11181.4
 20
-1896.5
 10
11116.4
 20
-1896.5
  0
LWPOLYLINE
  5
51F
330
17
100
AcDbEntity
  8
P6_T01_WHOLE
100
AcDbPolyline
 90
4
 70
1
 10
11191.4
 20
-2111.5
 10
11256.4
 20
-2111.5
 10
11256.4
 20
-1896.5
 10
11191.4
 20
-1896.5
  0
LWPOLYLINE
  5
520
330
17
100
AcDbEntity
  8
P6_T01_WHOLE
100
AcDbPolyline
 90
4
 70
1
 10
11266.4
 20
-2111.5
 10
11331.4
 20
-2111.5
 10
11331.4
 20
-1896.5
 10
11266.4
 20
-1896.5
  0
LWPOLYLINE
  5
521
330
17
100
AcDbEntity
  8
P6_T01_WHOLE
100
AcDbPolyline
 90
4
 70
1
 10
11341.4
 20
-2111.5
 10
11556.4
 20
-2111.5
 10
11556.4
 20
-2046.5
 10
11341.4
 20
-2046.5
  0
LWPOLYLINE
  5
522
330
17
100
AcDbEntity
  8
P6_T01_WHOLE
100
AcDbPolyline
 90
4
 70
1
 10
11341.4
 20
-2036.5
 10
11556.4
 20
-2036.5
 10
11556.4
 20
-1971.5
 10
11341.4
 20
-1971.5
  0
LWPOLYLINE
  5
523
330
17
100
AcDbEntity
  8
P6_T01_WHOLE
100
AcDbPolyline
 90
4
 70
1
 10
11341.4
 20
-1961.5
 10
11556.4
 20
-1961.5
 10
11556.4
 20
-1896.5
 10
11341.4
 20
-1896.5
  0
LWPOLYLINE
  5
524
330
17
100
AcDbEntity
  8
P6_T01_WHOLE
100
AcDbPolyline
 90
4
 70
1
 10
11566.4
 20
-2111.5
 10
11631.4
 20
-2111.5
 10
11631.4
 20
-1896.5
 10
11566.4
 20
-1896.5
  0
LWPOLYLINE
  5
525
330
17
100
AcDbEntity
  8
P6_T01_WHOLE
100
AcDbPolyline
 90
4
 70
1
 10
11641.4
 20
-2111.5
 10
11706.4
 20
-2111.5
 10
11706.4
 20
-1896.5
 10
11641.4
 20
-1896.5
  0
LWPOLYLINE
  5
526
330
17
100
AcDbEntity
  8
P6_T01_WHOLE
100
AcDbPolyline
 90
4
 70
1
 10
11716.4
 20
-2111.5
 10
11781.4
 20
-2111.5
 10
11781.4
 20
-1896.5
 10
11716.4
 20
-1896.5
  0
LWPOLYLINE
  5
527
330
17
100
AcDbEntity
  8
P6_T01_WHOLE
100
AcDbPolyline
 90
4
 70
1
 10
11791.4
 20
-2111.5
 10
12006.4
 20
-2111.5
 10
12006.4
 20
-2046.5
 10
11791.4
 20
-2046.5
  0
LWPOLYLINE
  5
528
330
17
100
AcDbEntity
  8
P6_T01_WHOLE
100
AcDbPolyline
 90
4
 70
1
 10
11791.4
 20
-2036.5
 10
12006.4
 20
-2036.5
 10
12006.4
 20
-1971.5
 10
11791.4
 20
-1971.5
  0
LWPOLYLINE
  5
529
330
17
100
AcDbEntity
  8
P6_T01_WHOLE
100
AcDbPolyline
 90
4
 70
1
 10
11791.4
 20
-1961.5
 10
12006.4
 20
-1961.5
 10
12006.4
 20
-1896.5
 10
11791.4
 20
-1896.5
  0
LWPOLYLINE
  5
52A
330
17
100
AcDbEntity
  8
P6_T01_WHOLE
100
AcDbPolyline
 90
4
 70
1
 10
12016.4
 20
-2111.5
 10
12081.4
 20
-2111.5
 10
12081.4
 20
-1896.5
 10
12016.4
 20
-1896.5
  0
LWPOLYLINE
  5
52B
330
17
100
AcDbEntity
  8
P6_T01_WHOLE
100
AcDbPolyline
 90
4
 70
1
 10
12091.4
 20
-2111.5
 10
12156.4
 20
-2111.5
 10
12156.4
 20
-1896.5
 10
12091.4
 20
-1896.5
  0
LWPOLYLINE
  5
52C
330
17
100
AcDbEntity
  8
P6_T01_WHOLE
100
AcDbPolyline
 90
4
 70
1
 10
12166.4
 20
-2111.5
 10
12231.4
 20
-2111.5
 10
12231.4
 20
-1896.5
 10
12166.4
 20
-1896.5
  0
LWPOLYLINE
  5
52D
330
17
100
AcDbEntity
  8
P6_T01_WHOLE
100
AcDbPolyline
 90
4
 70
1
 10
10666.4
 20
-1886.5
 10
10881.4
 20
-1886.5
 10
10881.4
 20
-1821.5
 10
10666.4
 20
-1821.5
  0
LWPOLYLINE
  5
52E
330
17
100
AcDbEntity
  8
P6_T01_WHOLE
100
AcDbPolyline
 90
4
 70
1
 10
10666.4
 20
-1811.5
 10
10881.4
 20
-1811.5
 10
10881.4
 20
-1746.5
 10
10666.4
 20
-1746.5
  0
LWPOLYLINE
  5
52F
330
17
100
AcDbEntity
  8
P6_T01_WHOLE
100
AcDbPolyline
 90
4
 70
1
 10
10666.4
 20
-1736.5
 10
10881.4
 20
-1736.5
 10
10881.4
 20
-1671.5
 10
10666.4
 20
-1671.5
  0
LWPOLYLINE
  5
530
330
17
100
AcDbEntity
  8
P6_T01_WHOLE
100
AcDbPolyline
 90
4
 70
1
 10
10891.4
 20
-1886.5
 10
10956.4
 20
-1886.5
 10
10956.4
 20
-1671.5
 10
10891.4
 20
-1671.5
  0
LWPOLYLINE
  5
531
330
17
100
AcDbEntity
  8
P6_T01_WHOLE
100
AcDbPolyline
 90
4
 70
1
 10
10966.4
 20
-1886.5
 10
11031.4
 20
-1886.5
 10
11031.4
 20
-1671.5
 10
10966.4
 20
-1671.5
  0
LWPOLYLINE
  5
532
330
17
100
AcDbEntity
  8
P6_T01_WHOLE
100
AcDbPolyline
 90
4
 70
1
 10
11041.4
 20
-1886.5
 10
11106.4
 20
-1886.5
 10
11106.4
 20
-1671.5
 10
11041.4
 20
-1671.5
  0
LWPOLYLINE
  5
533
330
17
100
AcDbEntity
  8
P6_T01_WHOLE
100
AcDbPolyline
 90
4
 70
1
 10
11116.4
 20
-1886.5
 10
11331.4
 20
-1886.5
 10
11331.4
 20
-1821.5
 10
11116.4
 20
-1821.5
  0
LWPOLYLINE
  5
534
330
17
100
AcDbEntity
  8
P6_T01_WHOLE
100
AcDbPolyline
 90
4
 70
1
 10
11116.4
 20
-1811.5
 10
11331.4
 20
-1811.5
 10
11331.4
 20
-1746.5
 10
11116.4
 20
-1746.5
  0
LWPOLYLINE
  5
535
330
17
100
AcDbEntity
  8
P6_T01_WHOLE
100
AcDbPolyline
 90
4
 70
1
 10
11116.4
 20
-1736.5
 10
11331.4
 20
-1736.5
 10
11331.4
 20
-1671.5
 10
11116.4
 20
-1671.5
  0
LWPOLYLINE
  5
536
330
17
100
AcDbEntity
  8
P6_T01_WHOLE
100
AcDbPolyline
 90
4
 70
1
 10
11341.4
 20
-1886.5
 10
11406.4
 20
-1886.5
 10
11406.4
 20
-1671.5
 10
11341.4
 20
-1671.5
  0
LWPOLYLINE
  5
537
330
17
100
AcDbEntity
  8
P6_T01_WHOLE
100
AcDbPolyline
 90
4
 70
1
 10
11416.4
 20
-1886.5
 10
11481.4
 20
-1886.5
 10
11481.4
 20
-1671.5
 10
11416.4
 20
-1671.5
  0
LWPOLYLINE
  5
538
330
17
100
AcDbEntity
  8
P6_T01_WHOLE
100
AcDbPolyline
 90
4
 70
1
 10
11491.4
 20
-1886.5
 10
11556.4
 20
-1886.5
 10
11556.4
 20
-1671.5
 10
11491.4
 20
-1671.5
  0
LWPOLYLINE
  5
539
330
17
100
AcDbEntity
  8
P6_T01_WHOLE
100
AcDbPolyline
 90
4
 70
1
 10
11566.4
 20
-1886.5
 10
11781.4
 20
-1886.5
 10
11781.4
 20
-1821.5
 10
11566.4
 20
-1821.5
  0
LWPOLYLINE
  5
53A
330
17
100
AcDbEntity
  8
P6_T01_WHOLE
100
AcDbPolyline
 90
4
 70
1
 10
11566.4
 20
-1811.5
 10
11781.4
 20
-1811.5
 10
11781.4
 20
-1746.5
 10
11566.4
 20
-1746.5
  0
LWPOLYLINE
  5
53B
330
17
100
AcDbEntity
  8
P6_T01_WHOLE
100
AcDbPolyline
 90
4
 70
1
 10
11566.4
 20
-1736.5
 10
11781.4
 20
-1736.5
 10
11781.4
 20
-1671.5
 10
11566.4
 20
-1671.5
  0
LWPOLYLINE
  5
53C
330
17
100
AcDbEntity
  8
P6_T01_WHOLE
100
AcDbPolyline
 90
4
 70
1
 10
11791.4
 20
-1886.5
 10
11856.4
 20
-1886.5
 10
11856.4
 20
-1671.5
 10
11791.4
 20
-1671.5
  0
LWPOLYLINE
  5
53D
330
17
100
AcDbEntity
  8
P6_T01_WHOLE
100
AcDbPolyline
 90
4
 70
1
 10
11866.4
 20
-1886.5
 10
11931.4
 20
-1886.5
 10
11931.4
 20
-1671.5
 10
11866.4
 20
-1671.5
  0
LWPOLYLINE
  5
53E
330
17
100
AcDbEntity
  8
P6_T01_WHOLE
100
AcDbPolyline
 90
4
 70
1
 10
11941.4
 20
-1886.5
 10
12006.4
 20
-1886.5
 10
12006.4
 20
-1671.5
 10
11941.4
 20
-1671.5
  0
LWPOLYLINE
  5
53F
330
17
100
AcDbEntity
  8
P6_T01_WHOLE
100
AcDbPolyline
 90
4
 70
1
 10
12016.4
 20
-1886.5
 10
12231.4
 20
-1886.5
 10
12231.4
 20
-1821.5
 10
12016.4
 20
-1821.5
  0
LWPOLYLINE
  5
540
330
17
100
AcDbEntity
  8
P6_T01_WHOLE
100
AcDbPolyline
 90
4
 70
1
 10
12016.4
 20
-1811.5
 10
12231.4
 20
-1811.5
 10
12231.4
 20
-1746.5
 10
12016.4
 20
-1746.5
  0
LWPOLYLINE
  5
541
330
17
100
AcDbEntity
  8
P6_T01_WHOLE
100
AcDbPolyline
 90
4
 70
1
 10
12016.4
 20
-1736.5
 10
12231.4
 20
-1736.5
 10
12231.4
 20
-1671.5
 10
12016.4
 20
-1671.5
  0
DIMENSION
  5
542
330
17
100
AcDbEntity
  8
DIM
100
AcDbDimension
280
0
  2
*D11
  3
MM
 10
10666.4
 20
-1431.5
 30
0.0
 11
11448.9
 21
-1401.5
 31
0.0
 70
32
 71
5
  1
<>
100
AcDbAlignedDimension
 13
10666.4
 23
-1671.5
 33
0.0
 14
12231.4
 24
-1671.5
 34
0.0
 50
0.0
100
AcDbRotatedDimension
  0
DIMENSION
  5
551
330
17
100
AcDbEntity
  8
DIM
100
AcDbDimension
280
0
  2
*D12
  3
MM
 10
12471.4
 20
-3236.5
 30
0.0
 11
12441.4
 21
-2454.0
 31
0.0
 70
32
 71
5
  1
<>
100
AcDbAlignedDimension
 13
12231.4
 23
-3236.5
 33
0.0
 14
12231.4
 24
-1671.5
 34
0.0
 50
90.0
100
AcDbRotatedDimension
  0
TEXT
  5
560
330
17
100
AcDbEntity
  8
TXT
100
AcDbText
 10
10666.4
 20
-771.5
 30
0.0
 40
64.0
  1
6   编织纹，每组三片   Basketweave, three slips per block
  7
CN
 11
10666.4
 21
-771.5
 31
0.0
100
AcDbText
  0
TEXT
  5
561
330
17
100
AcDbEntity
  8
TXT
100
AcDbText
 10
10666.4
 20
-901.5
 30
0.0
 40
40.0
  1
地面 Floor / 粗面 Raw
  7
CN
 11
10666.4
 21
-901.5
 31
0.0
100
AcDbText
  0
TEXT
  5
562
330
17
100
AcDbEntity
  8
TXT
100
AcDbText
 10
10666.4
 20
-971.5
 30
0.0
 40
40.0
  1
板面 board 1565 x 1565 mm     灰缝 joint 10 mm     砖片 slip 215 x 65 x 20
  7
CN
 11
10666.4
 21
-971.5
 31
0.0
100
AcDbText
  0
TEXT
  5
563
330
17
100
AcDbEntity
  8
TXT
100
AcDbText
 10
10666.4
 20
-1041.5
 30
0.0
 40
40.0
  1
共 147 片 pieces:  整砖 147 whole,  标准件 0 standard,  切割件 0 cut
  7
CN
 11
10666.4
 21
-1041.5
 31
0.0
100
AcDbText
  0
TEXT
  5
564
330
17
100
AcDbEntity
  8
TXT
100
AcDbText
 10
10666.4
 20
-1111.5
 30
0.0
 40
40.0
  1
砖型 1 种 brick types,  其中 0 种需切割 need cutting
  7
CN
 11
10666.4
 21
-1111.5
 31
0.0
100
AcDbText
  0
TEXT
  5
565
330
17
100
AcDbEntity
  8
TXT
100
AcDbText
 10
12851.4
 20
-1671.5
 30
0.0
 40
42.0
  1
编号
  7
CN
 11
12851.4
 21
-1671.5
 31
0.0
100
AcDbText
  0
TEXT
  5
566
330
17
100
AcDbEntity
  8
TXT
100
AcDbText
 10
13071.4
 20
-1671.5
 30
0.0
 40
42.0
  1
数量
  7
CN
 11
13071.4
 21
-1671.5
 31
0.0
100
AcDbText
  0
TEXT
  5
567
330
17
100
AcDbEntity
  8
TXT
100
AcDbText
 10
13281.4
 20
-1671.5
 30
0.0
 40
42.0
  1
说明  DESCRIPTION
  7
CN
 11
13281.4
 21
-1671.5
 31
0.0
100
AcDbText
  0
LINE
  5
568
330
17
100
AcDbEntity
  8
TXT
100
AcDbLine
 10
12691.4
 20
-1705.5
 30
0.0
 11
15092.099999999999
 21
-1705.5
 31
0.0
  0
LWPOLYLINE
  5
569
330
17
100
AcDbEntity
  8
P6_T01_WHOLE
100
AcDbPolyline
 90
4
 70
1
 10
12701.4
 20
-1811.5
 10
12811.4
 20
-1811.5
 10
12811.4
 20
-1749.5
 10
12701.4
 20
-1749.5
  0
TEXT
  5
56A
330
17
100
AcDbEntity
  8
TXT
100
AcDbText
 10
12851.4
 20
-1811.5
 30
0.0
 40
38.0
  1
T01
  7
CN
 11
12851.4
 21
-1811.5
 31
0.0
100
AcDbText
  0
TEXT
  5
56B
330
17
100
AcDbEntity
  8
TXT
100
AcDbText
 10
13071.4
 20
-1811.5
 30
0.0
 40
38.0
  1
147
  7
CN
 11
13071.4
 21
-1811.5
 31
0.0
100
AcDbText
  0
TEXT
  5
56C
330
17
100
AcDbEntity
  8
TXT
100
AcDbText
 10
13281.4
 20
-1811.5
 30
0.0
 40
38.0
  1
整砖片 whole slip  215 x 65
  7
CN
 11
13281.4
 21
-1811.5
 31
0.0
100
AcDbText
  0
LWPOLYLINE
  5
56D
330
17
100
AcDbEntity
  8
PANEL
370
50
100
AcDbPolyline
 90
4
 70
1
 10
0.0
 20
-6473.0
 10
1535.0
 20
-6473.0
 10
1535.0
 20
-5008.0
 10
0.0
 20
-5008.0
  0
LWPOLYLINE
  5
570
330
17
100
AcDbEntity
  8
P7_T01_WHOLE
100
AcDbPolyline
 90
4
 70
1
 10
0.0
 20
-6473.0
 10
215.0
 20
-6473.0
 10
215.0
 20
-6408.0
 10
0.0
 20
-6408.0
  0
LWPOLYLINE
  5
571
330
17
100
AcDbEntity
  8
P7_T01_WHOLE
100
AcDbPolyline
 90
4
 70
1
 10
220.0
 20
-6473.0
 10
435.0
 20
-6473.0
 10
435.0
 20
-6408.0
 10
220.0
 20
-6408.0
  0
LWPOLYLINE
  5
572
330
17
100
AcDbEntity
  8
P7_T01_WHOLE
100
AcDbPolyline
 90
4
 70
1
 10
440.0
 20
-6473.0
 10
655.0
 20
-6473.0
 10
655.0
 20
-6408.0
 10
440.0
 20
-6408.0
  0
LWPOLYLINE
  5
573
330
17
100
AcDbEntity
  8
P7_T01_WHOLE
100
AcDbPolyline
 90
4
 70
1
 10
660.0
 20
-6473.0
 10
875.0
 20
-6473.0
 10
875.0
 20
-6408.0
 10
660.0
 20
-6408.0
  0
LWPOLYLINE
  5
574
330
17
100
AcDbEntity
  8
P7_T01_WHOLE
100
AcDbPolyline
 90
4
 70
1
 10
880.0
 20
-6473.0
 10
1095.0
 20
-6473.0
 10
1095.0
 20
-6408.0
 10
880.0
 20
-6408.0
  0
LWPOLYLINE
  5
575
330
17
100
AcDbEntity
  8
P7_T01_WHOLE
100
AcDbPolyline
 90
4
 70
1
 10
1100.0
 20
-6473.0
 10
1315.0
 20
-6473.0
 10
1315.0
 20
-6408.0
 10
1100.0
 20
-6408.0
  0
LWPOLYLINE
  5
576
330
17
100
AcDbEntity
  8
P7_T01_WHOLE
100
AcDbPolyline
 90
4
 70
1
 10
1320.0
 20
-6473.0
 10
1535.0
 20
-6473.0
 10
1535.0
 20
-6408.0
 10
1320.0
 20
-6408.0
  0
LWPOLYLINE
  5
577
330
17
100
AcDbEntity
  8
P7_T02_STD
100
AcDbPolyline
 90
4
 70
1
 10
0.0
 20
-6403.0
 10
104.0
 20
-6403.0
 10
104.0
 20
-6338.0
 10
0.0
 20
-6338.0
  0
LWPOLYLINE
  5
578
330
17
100
AcDbEntity
  8
P7_T01_WHOLE
100
AcDbPolyline
 90
4
 70
1
 10
110.0
 20
-6403.0
 10
325.0
 20
-6403.0
 10
325.0
 20
-6338.0
 10
110.0
 20
-6338.0
  0
LWPOLYLINE
  5
579
330
17
100
AcDbEntity
  8
P7_T01_WHOLE
100
AcDbPolyline
 90
4
 70
1
 10
330.0
 20
-6403.0
 10
545.0
 20
-6403.0
 10
545.0
 20
-6338.0
 10
330.0
 20
-6338.0
  0
LWPOLYLINE
  5
57A
330
17
100
AcDbEntity
  8
P7_T01_WHOLE
100
AcDbPolyline
 90
4
 70
1
 10
550.0
 20
-6403.0
 10
765.0
 20
-6403.0
 10
765.0
 20
-6338.0
 10
550.0
 20
-6338.0
  0
LWPOLYLINE
  5
57B
330
17
100
AcDbEntity
  8
P7_T01_WHOLE
100
AcDbPolyline
 90
4
 70
1
 10
770.0
 20
-6403.0
 10
985.0
 20
-6403.0
 10
985.0
 20
-6338.0
 10
770.0
 20
-6338.0
  0
LWPOLYLINE
  5
57C
330
17
100
AcDbEntity
  8
P7_T01_WHOLE
100
AcDbPolyline
 90
4
 70
1
 10
990.0
 20
-6403.0
 10
1205.0
 20
-6403.0
 10
1205.0
 20
-6338.0
 10
990.0
 20
-6338.0
  0
LWPOLYLINE
  5
57D
330
17
100
AcDbEntity
  8
P7_T01_WHOLE
100
AcDbPolyline
 90
4
 70
1
 10
1210.0
 20
-6403.0
 10
1425.0
 20
-6403.0
 10
1425.0
 20
-6338.0
 10
1210.0
 20
-6338.0
  0
LWPOLYLINE
  5
57E
330
17
100
AcDbEntity
  8
P7_T02_STD
100
AcDbPolyline
 90
4
 70
1
 10
1431.0
 20
-6403.0
 10
1535.0
 20
-6403.0
 10
1535.0
 20
-6338.0
 10
1431.0
 20
-6338.0
  0
LWPOLYLINE
  5
57F
330
17
100
AcDbEntity
  8
P7_T01_WHOLE
100
AcDbPolyline
 90
4
 70
1
 10
0.0
 20
-6333.0
 10
215.0
 20
-6333.0
 10
215.0
 20
-6268.0
 10
0.0
 20
-6268.0
  0
LWPOLYLINE
  5
580
330
17
100
AcDbEntity
  8
P7_T01_WHOLE
100
AcDbPolyline
 90
4
 70
1
 10
220.0
 20
-6333.0
 10
435.0
 20
-6333.0
 10
435.0
 20
-6268.0
 10
220.0
 20
-6268.0
  0
LWPOLYLINE
  5
581
330
17
100
AcDbEntity
  8
P7_T01_WHOLE
100
AcDbPolyline
 90
4
 70
1
 10
440.0
 20
-6333.0
 10
655.0
 20
-6333.0
 10
655.0
 20
-6268.0
 10
440.0
 20
-6268.0
  0
LWPOLYLINE
  5
582
330
17
100
AcDbEntity
  8
P7_T01_WHOLE
100
AcDbPolyline
 90
4
 70
1
 10
660.0
 20
-6333.0
 10
875.0
 20
-6333.0
 10
875.0
 20
-6268.0
 10
660.0
 20
-6268.0
  0
LWPOLYLINE
  5
583
330
17
100
AcDbEntity
  8
P7_T01_WHOLE
100
AcDbPolyline
 90
4
 70
1
 10
880.0
 20
-6333.0
 10
1095.0
 20
-6333.0
 10
1095.0
 20
-6268.0
 10
880.0
 20
-6268.0
  0
LWPOLYLINE
  5
584
330
17
100
AcDbEntity
  8
P7_T01_WHOLE
100
AcDbPolyline
 90
4
 70
1
 10
1100.0
 20
-6333.0
 10
1315.0
 20
-6333.0
 10
1315.0
 20
-6268.0
 10
1100.0
 20
-6268.0
  0
LWPOLYLINE
  5
585
330
17
100
AcDbEntity
  8
P7_T01_WHOLE
100
AcDbPolyline
 90
4
 70
1
 10
1320.0
 20
-6333.0
 10
1535.0
 20
-6333.0
 10
1535.0
 20
-6268.0
 10
1320.0
 20
-6268.0
  0
LWPOLYLINE
  5
586
330
17
100
AcDbEntity
  8
P7_T02_STD
100
AcDbPolyline
 90
4
 70
1
 10
0.0
 20
-6263.0
 10
104.0
 20
-6263.0
 10
104.0
 20
-6198.0
 10
0.0
 20
-6198.0
  0
LWPOLYLINE
  5
587
330
17
100
AcDbEntity
  8
P7_T01_WHOLE
100
AcDbPolyline
 90
4
 70
1
 10
110.0
 20
-6263.0
 10
325.0
 20
-6263.0
 10
325.0
 20
-6198.0
 10
110.0
 20
-6198.0
  0
LWPOLYLINE
  5
588
330
17
100
AcDbEntity
  8
P7_T01_WHOLE
100
AcDbPolyline
 90
4
 70
1
 10
330.0
 20
-6263.0
 10
545.0
 20
-6263.0
 10
545.0
 20
-6198.0
 10
330.0
 20
-6198.0
  0
LWPOLYLINE
  5
589
330
17
100
AcDbEntity
  8
P7_T01_WHOLE
100
AcDbPolyline
 90
4
 70
1
 10
550.0
 20
-6263.0
 10
765.0
 20
-6263.0
 10
765.0
 20
-6198.0
 10
550.0
 20
-6198.0
  0
LWPOLYLINE
  5
58A
330
17
100
AcDbEntity
  8
P7_T01_WHOLE
100
AcDbPolyline
 90
4
 70
1
 10
770.0
 20
-6263.0
 10
985.0
 20
-6263.0
 10
985.0
 20
-6198.0
 10
770.0
 20
-6198.0
  0
LWPOLYLINE
  5
58B
330
17
100
AcDbEntity
  8
P7_T01_WHOLE
100
AcDbPolyline
 90
4
 70
1
 10
990.0
 20
-6263.0
 10
1205.0
 20
-6263.0
 10
1205.0
 20
-6198.0
 10
990.0
 20
-6198.0
  0
LWPOLYLINE
  5
58C
330
17
100
AcDbEntity
  8
P7_T01_WHOLE
100
AcDbPolyline
 90
4
 70
1
 10
1210.0
 20
-6263.0
 10
1425.0
 20
-6263.0
 10
1425.0
 20
-6198.0
 10
1210.0
 20
-6198.0
  0
LWPOLYLINE
  5
58D
330
17
100
AcDbEntity
  8
P7_T02_STD
100
AcDbPolyline
 90
4
 70
1
 10
1431.0
 20
-6263.0
 10
1535.0
 20
-6263.0
 10
1535.0
 20
-6198.0
 10
1431.0
 20
-6198.0
  0
LWPOLYLINE
  5
58E
330
17
100
AcDbEntity
  8
P7_T01_WHOLE
100
AcDbPolyline
 90
4
 70
1
 10
0.0
 20
-6193.0
 10
215.0
 20
-6193.0
 10
215.0
 20
-6128.0
 10
0.0
 20
-6128.0
  0
LWPOLYLINE
  5
58F
330
17
100
AcDbEntity
  8
P7_T01_WHOLE
100
AcDbPolyline
 90
4
 70
1
 10
220.0
 20
-6193.0
 10
435.0
 20
-6193.0
 10
435.0
 20
-6128.0
 10
220.0
 20
-6128.0
  0
LWPOLYLINE
  5
590
330
17
100
AcDbEntity
  8
P7_T01_WHOLE
100
AcDbPolyline
 90
4
 70
1
 10
440.0
 20
-6193.0
 10
655.0
 20
-6193.0
 10
655.0
 20
-6128.0
 10
440.0
 20
-6128.0
  0
LWPOLYLINE
  5
591
330
17
100
AcDbEntity
  8
P7_T01_WHOLE
100
AcDbPolyline
 90
4
 70
1
 10
660.0
 20
-6193.0
 10
875.0
 20
-6193.0
 10
875.0
 20
-6128.0
 10
660.0
 20
-6128.0
  0
LWPOLYLINE
  5
592
330
17
100
AcDbEntity
  8
P7_T01_WHOLE
100
AcDbPolyline
 90
4
 70
1
 10
880.0
 20
-6193.0
 10
1095.0
 20
-6193.0
 10
1095.0
 20
-6128.0
 10
880.0
 20
-6128.0
  0
LWPOLYLINE
  5
593
330
17
100
AcDbEntity
  8
P7_T01_WHOLE
100
AcDbPolyline
 90
4
 70
1
 10
1100.0
 20
-6193.0
 10
1315.0
 20
-6193.0
 10
1315.0
 20
-6128.0
 10
1100.0
 20
-6128.0
  0
LWPOLYLINE
  5
594
330
17
100
AcDbEntity
  8
P7_T01_WHOLE
100
AcDbPolyline
 90
4
 70
1
 10
1320.0
 20
-6193.0
 10
1535.0
 20
-6193.0
 10
1535.0
 20
-6128.0
 10
1320.0
 20
-6128.0
  0
LWPOLYLINE
  5
595
330
17
100
AcDbEntity
  8
P7_T02_STD
100
AcDbPolyline
 90
4
 70
1
 10
0.0
 20
-6123.0
 10
104.0
 20
-6123.0
 10
104.0
 20
-6058.0
 10
0.0
 20
-6058.0
  0
LWPOLYLINE
  5
596
330
17
100
AcDbEntity
  8
P7_T01_WHOLE
100
AcDbPolyline
 90
4
 70
1
 10
110.0
 20
-6123.0
 10
325.0
 20
-6123.0
 10
325.0
 20
-6058.0
 10
110.0
 20
-6058.0
  0
LWPOLYLINE
  5
597
330
17
100
AcDbEntity
  8
P7_T01_WHOLE
100
AcDbPolyline
 90
4
 70
1
 10
330.0
 20
-6123.0
 10
545.0
 20
-6123.0
 10
545.0
 20
-6058.0
 10
330.0
 20
-6058.0
  0
LWPOLYLINE
  5
598
330
17
100
AcDbEntity
  8
P7_T01_WHOLE
100
AcDbPolyline
 90
4
 70
1
 10
550.0
 20
-6123.0
 10
765.0
 20
-6123.0
 10
765.0
 20
-6058.0
 10
550.0
 20
-6058.0
  0
LWPOLYLINE
  5
599
330
17
100
AcDbEntity
  8
P7_T01_WHOLE
100
AcDbPolyline
 90
4
 70
1
 10
770.0
 20
-6123.0
 10
985.0
 20
-6123.0
 10
985.0
 20
-6058.0
 10
770.0
 20
-6058.0
  0
LWPOLYLINE
  5
59A
330
17
100
AcDbEntity
  8
P7_T01_WHOLE
100
AcDbPolyline
 90
4
 70
1
 10
990.0
 20
-6123.0
 10
1205.0
 20
-6123.0
 10
1205.0
 20
-6058.0
 10
990.0
 20
-6058.0
  0
LWPOLYLINE
  5
59B
330
17
100
AcDbEntity
  8
P7_T01_WHOLE
100
AcDbPolyline
 90
4
 70
1
 10
1210.0
 20
-6123.0
 10
1425.0
 20
-6123.0
 10
1425.0
 20
-6058.0
 10
1210.0
 20
-6058.0
  0
LWPOLYLINE
  5
59C
330
17
100
AcDbEntity
  8
P7_T02_STD
100
AcDbPolyline
 90
4
 70
1
 10
1431.0
 20
-6123.0
 10
1535.0
 20
-6123.0
 10
1535.0
 20
-6058.0
 10
1431.0
 20
-6058.0
  0
LWPOLYLINE
  5
59D
330
17
100
AcDbEntity
  8
P7_T01_WHOLE
100
AcDbPolyline
 90
4
 70
1
 10
0.0
 20
-6053.0
 10
215.0
 20
-6053.0
 10
215.0
 20
-5988.0
 10
0.0
 20
-5988.0
  0
LWPOLYLINE
  5
59E
330
17
100
AcDbEntity
  8
P7_T01_WHOLE
100
AcDbPolyline
 90
4
 70
1
 10
220.0
 20
-6053.0
 10
435.0
 20
-6053.0
 10
435.0
 20
-5988.0
 10
220.0
 20
-5988.0
  0
LWPOLYLINE
  5
59F
330
17
100
AcDbEntity
  8
P7_T01_WHOLE
100
AcDbPolyline
 90
4
 70
1
 10
440.0
 20
-6053.0
 10
655.0
 20
-6053.0
 10
655.0
 20
-5988.0
 10
440.0
 20
-5988.0
  0
LWPOLYLINE
  5
5A0
330
17
100
AcDbEntity
  8
P7_T01_WHOLE
100
AcDbPolyline
 90
4
 70
1
 10
660.0
 20
-6053.0
 10
875.0
 20
-6053.0
 10
875.0
 20
-5988.0
 10
660.0
 20
-5988.0
  0
LWPOLYLINE
  5
5A1
330
17
100
AcDbEntity
  8
P7_T01_WHOLE
100
AcDbPolyline
 90
4
 70
1
 10
880.0
 20
-6053.0
 10
1095.0
 20
-6053.0
 10
1095.0
 20
-5988.0
 10
880.0
 20
-5988.0
  0
LWPOLYLINE
  5
5A2
330
17
100
AcDbEntity
  8
P7_T01_WHOLE
100
AcDbPolyline
 90
4
 70
1
 10
1100.0
 20
-6053.0
 10
1315.0
 20
-6053.0
 10
1315.0
 20
-5988.0
 10
1100.0
 20
-5988.0
  0
LWPOLYLINE
  5
5A3
330
17
100
AcDbEntity
  8
P7_T01_WHOLE
100
AcDbPolyline
 90
4
 70
1
 10
1320.0
 20
-6053.0
 10
1535.0
 20
-6053.0
 10
1535.0
 20
-5988.0
 10
1320.0
 20
-5988.0
  0
LWPOLYLINE
  5
5A4
330
17
100
AcDbEntity
  8
P7_T02_STD
100
AcDbPolyline
 90
4
 70
1
 10
0.0
 20
-5983.0
 10
104.0
 20
-5983.0
 10
104.0
 20
-5918.0
 10
0.0
 20
-5918.0
  0
LWPOLYLINE
  5
5A5
330
17
100
AcDbEntity
  8
P7_T01_WHOLE
100
AcDbPolyline
 90
4
 70
1
 10
110.0
 20
-5983.0
 10
325.0
 20
-5983.0
 10
325.0
 20
-5918.0
 10
110.0
 20
-5918.0
  0
LWPOLYLINE
  5
5A6
330
17
100
AcDbEntity
  8
P7_T01_WHOLE
100
AcDbPolyline
 90
4
 70
1
 10
330.0
 20
-5983.0
 10
545.0
 20
-5983.0
 10
545.0
 20
-5918.0
 10
330.0
 20
-5918.0
  0
LWPOLYLINE
  5
5A7
330
17
100
AcDbEntity
  8
P7_T01_WHOLE
100
AcDbPolyline
 90
4
 70
1
 10
550.0
 20
-5983.0
 10
765.0
 20
-5983.0
 10
765.0
 20
-5918.0
 10
550.0
 20
-5918.0
  0
LWPOLYLINE
  5
5A8
330
17
100
AcDbEntity
  8
P7_T01_WHOLE
100
AcDbPolyline
 90
4
 70
1
 10
770.0
 20
-5983.0
 10
985.0
 20
-5983.0
 10
985.0
 20
-5918.0
 10
770.0
 20
-5918.0
  0
LWPOLYLINE
  5
5A9
330
17
100
AcDbEntity
  8
P7_T01_WHOLE
100
AcDbPolyline
 90
4
 70
1
 10
990.0
 20
-5983.0
 10
1205.0
 20
-5983.0
 10
1205.0
 20
-5918.0
 10
990.0
 20
-5918.0
  0
LWPOLYLINE
  5
5AA
330
17
100
AcDbEntity
  8
P7_T01_WHOLE
100
AcDbPolyline
 90
4
 70
1
 10
1210.0
 20
-5983.0
 10
1425.0
 20
-5983.0
 10
1425.0
 20
-5918.0
 10
1210.0
 20
-5918.0
  0
LWPOLYLINE
  5
5AB
330
17
100
AcDbEntity
  8
P7_T02_STD
100
AcDbPolyline
 90
4
 70
1
 10
1431.0
 20
-5983.0
 10
1535.0
 20
-5983.0
 10
1535.0
 20
-5918.0
 10
1431.0
 20
-5918.0
  0
LWPOLYLINE
  5
5AC
330
17
100
AcDbEntity
  8
P7_T01_WHOLE
100
AcDbPolyline
 90
4
 70
1
 10
0.0
 20
-5913.0
 10
215.0
 20
-5913.0
 10
215.0
 20
-5848.0
 10
0.0
 20
-5848.0
  0
LWPOLYLINE
  5
5AD
330
17
100
AcDbEntity
  8
P7_T01_WHOLE
100
AcDbPolyline
 90
4
 70
1
 10
220.0
 20
-5913.0
 10
435.0
 20
-5913.0
 10
435.0
 20
-5848.0
 10
220.0
 20
-5848.0
  0
LWPOLYLINE
  5
5AE
330
17
100
AcDbEntity
  8
P7_T01_WHOLE
100
AcDbPolyline
 90
4
 70
1
 10
440.0
 20
-5913.0
 10
655.0
 20
-5913.0
 10
655.0
 20
-5848.0
 10
440.0
 20
-5848.0
  0
LWPOLYLINE
  5
5AF
330
17
100
AcDbEntity
  8
P7_T01_WHOLE
100
AcDbPolyline
 90
4
 70
1
 10
660.0
 20
-5913.0
 10
875.0
 20
-5913.0
 10
875.0
 20
-5848.0
 10
660.0
 20
-5848.0
  0
LWPOLYLINE
  5
5B0
330
17
100
AcDbEntity
  8
P7_T01_WHOLE
100
AcDbPolyline
 90
4
 70
1
 10
880.0
 20
-5913.0
 10
1095.0
 20
-5913.0
 10
1095.0
 20
-5848.0
 10
880.0
 20
-5848.0
  0
LWPOLYLINE
  5
5B1
330
17
100
AcDbEntity
  8
P7_T01_WHOLE
100
AcDbPolyline
 90
4
 70
1
 10
1100.0
 20
-5913.0
 10
1315.0
 20
-5913.0
 10
1315.0
 20
-5848.0
 10
1100.0
 20
-5848.0
  0
LWPOLYLINE
  5
5B2
330
17
100
AcDbEntity
  8
P7_T01_WHOLE
100
AcDbPolyline
 90
4
 70
1
 10
1320.0
 20
-5913.0
 10
1535.0
 20
-5913.0
 10
1535.0
 20
-5848.0
 10
1320.0
 20
-5848.0
  0
LWPOLYLINE
  5
5B3
330
17
100
AcDbEntity
  8
P7_T02_STD
100
AcDbPolyline
 90
4
 70
1
 10
0.0
 20
-5843.0
 10
104.0
 20
-5843.0
 10
104.0
 20
-5778.0
 10
0.0
 20
-5778.0
  0
LWPOLYLINE
  5
5B4
330
17
100
AcDbEntity
  8
P7_T01_WHOLE
100
AcDbPolyline
 90
4
 70
1
 10
110.0
 20
-5843.0
 10
325.0
 20
-5843.0
 10
325.0
 20
-5778.0
 10
110.0
 20
-5778.0
  0
LWPOLYLINE
  5
5B5
330
17
100
AcDbEntity
  8
P7_T01_WHOLE
100
AcDbPolyline
 90
4
 70
1
 10
330.0
 20
-5843.0
 10
545.0
 20
-5843.0
 10
545.0
 20
-5778.0
 10
330.0
 20
-5778.0
  0
LWPOLYLINE
  5
5B6
330
17
100
AcDbEntity
  8
P7_T01_WHOLE
100
AcDbPolyline
 90
4
 70
1
 10
550.0
 20
-5843.0
 10
765.0
 20
-5843.0
 10
765.0
 20
-5778.0
 10
550.0
 20
-5778.0
  0
LWPOLYLINE
  5
5B7
330
17
100
AcDbEntity
  8
P7_T01_WHOLE
100
AcDbPolyline
 90
4
 70
1
 10
770.0
 20
-5843.0
 10
985.0
 20
-5843.0
 10
985.0
 20
-5778.0
 10
770.0
 20
-5778.0
  0
LWPOLYLINE
  5
5B8
330
17
100
AcDbEntity
  8
P7_T01_WHOLE
100
AcDbPolyline
 90
4
 70
1
 10
990.0
 20
-5843.0
 10
1205.0
 20
-5843.0
 10
1205.0
 20
-5778.0
 10
990.0
 20
-5778.0
  0
LWPOLYLINE
  5
5B9
330
17
100
AcDbEntity
  8
P7_T01_WHOLE
100
AcDbPolyline
 90
4
 70
1
 10
1210.0
 20
-5843.0
 10
1425.0
 20
-5843.0
 10
1425.0
 20
-5778.0
 10
1210.0
 20
-5778.0
  0
LWPOLYLINE
  5
5BA
330
17
100
AcDbEntity
  8
P7_T02_STD
100
AcDbPolyline
 90
4
 70
1
 10
1431.0
 20
-5843.0
 10
1535.0
 20
-5843.0
 10
1535.0
 20
-5778.0
 10
1431.0
 20
-5778.0
  0
LWPOLYLINE
  5
5BB
330
17
100
AcDbEntity
  8
P7_T01_WHOLE
100
AcDbPolyline
 90
4
 70
1
 10
0.0
 20
-5773.0
 10
215.0
 20
-5773.0
 10
215.0
 20
-5708.0
 10
0.0
 20
-5708.0
  0
LWPOLYLINE
  5
5BC
330
17
100
AcDbEntity
  8
P7_T01_WHOLE
100
AcDbPolyline
 90
4
 70
1
 10
220.0
 20
-5773.0
 10
435.0
 20
-5773.0
 10
435.0
 20
-5708.0
 10
220.0
 20
-5708.0
  0
LWPOLYLINE
  5
5BD
330
17
100
AcDbEntity
  8
P7_T01_WHOLE
100
AcDbPolyline
 90
4
 70
1
 10
440.0
 20
-5773.0
 10
655.0
 20
-5773.0
 10
655.0
 20
-5708.0
 10
440.0
 20
-5708.0
  0
LWPOLYLINE
  5
5BE
330
17
100
AcDbEntity
  8
P7_T01_WHOLE
100
AcDbPolyline
 90
4
 70
1
 10
660.0
 20
-5773.0
 10
875.0
 20
-5773.0
 10
875.0
 20
-5708.0
 10
660.0
 20
-5708.0
  0
LWPOLYLINE
  5
5BF
330
17
100
AcDbEntity
  8
P7_T01_WHOLE
100
AcDbPolyline
 90
4
 70
1
 10
880.0
 20
-5773.0
 10
1095.0
 20
-5773.0
 10
1095.0
 20
-5708.0
 10
880.0
 20
-5708.0
  0
LWPOLYLINE
  5
5C0
330
17
100
AcDbEntity
  8
P7_T01_WHOLE
100
AcDbPolyline
 90
4
 70
1
 10
1100.0
 20
-5773.0
 10
1315.0
 20
-5773.0
 10
1315.0
 20
-5708.0
 10
1100.0
 20
-5708.0
  0
LWPOLYLINE
  5
5C1
330
17
100
AcDbEntity
  8
P7_T01_WHOLE
100
AcDbPolyline
 90
4
 70
1
 10
1320.0
 20
-5773.0
 10
1535.0
 20
-5773.0
 10
1535.0
 20
-5708.0
 10
1320.0
 20
-5708.0
  0
LWPOLYLINE
  5
5C2
330
17
100
AcDbEntity
  8
P7_T02_STD
100
AcDbPolyline
 90
4
 70
1
 10
0.0
 20
-5703.0
 10
104.0
 20
-5703.0
 10
104.0
 20
-5638.0
 10
0.0
 20
-5638.0
  0
LWPOLYLINE
  5
5C3
330
17
100
AcDbEntity
  8
P7_T01_WHOLE
100
AcDbPolyline
 90
4
 70
1
 10
110.0
 20
-5703.0
 10
325.0
 20
-5703.0
 10
325.0
 20
-5638.0
 10
110.0
 20
-5638.0
  0
LWPOLYLINE
  5
5C4
330
17
100
AcDbEntity
  8
P7_T01_WHOLE
100
AcDbPolyline
 90
4
 70
1
 10
330.0
 20
-5703.0
 10
545.0
 20
-5703.0
 10
545.0
 20
-5638.0
 10
330.0
 20
-5638.0
  0
LWPOLYLINE
  5
5C5
330
17
100
AcDbEntity
  8
P7_T01_WHOLE
100
AcDbPolyline
 90
4
 70
1
 10
550.0
 20
-5703.0
 10
765.0
 20
-5703.0
 10
765.0
 20
-5638.0
 10
550.0
 20
-5638.0
  0
LWPOLYLINE
  5
5C6
330
17
100
AcDbEntity
  8
P7_T01_WHOLE
100
AcDbPolyline
 90
4
 70
1
 10
770.0
 20
-5703.0
 10
985.0
 20
-5703.0
 10
985.0
 20
-5638.0
 10
770.0
 20
-5638.0
  0
LWPOLYLINE
  5
5C7
330
17
100
AcDbEntity
  8
P7_T01_WHOLE
100
AcDbPolyline
 90
4
 70
1
 10
990.0
 20
-5703.0
 10
1205.0
 20
-5703.0
 10
1205.0
 20
-5638.0
 10
990.0
 20
-5638.0
  0
LWPOLYLINE
  5
5C8
330
17
100
AcDbEntity
  8
P7_T01_WHOLE
100
AcDbPolyline
 90
4
 70
1
 10
1210.0
 20
-5703.0
 10
1425.0
 20
-5703.0
 10
1425.0
 20
-5638.0
 10
1210.0
 20
-5638.0
  0
LWPOLYLINE
  5
5C9
330
17
100
AcDbEntity
  8
P7_T02_STD
100
AcDbPolyline
 90
4
 70
1
 10
1431.0
 20
-5703.0
 10
1535.0
 20
-5703.0
 10
1535.0
 20
-5638.0
 10
1431.0
 20
-5638.0
  0
LWPOLYLINE
  5
5CA
330
17
100
AcDbEntity
  8
P7_T01_WHOLE
100
AcDbPolyline
 90
4
 70
1
 10
0.0
 20
-5633.0
 10
215.0
 20
-5633.0
 10
215.0
 20
-5568.0
 10
0.0
 20
-5568.0
  0
LWPOLYLINE
  5
5CB
330
17
100
AcDbEntity
  8
P7_T01_WHOLE
100
AcDbPolyline
 90
4
 70
1
 10
220.0
 20
-5633.0
 10
435.0
 20
-5633.0
 10
435.0
 20
-5568.0
 10
220.0
 20
-5568.0
  0
LWPOLYLINE
  5
5CC
330
17
100
AcDbEntity
  8
P7_T01_WHOLE
100
AcDbPolyline
 90
4
 70
1
 10
440.0
 20
-5633.0
 10
655.0
 20
-5633.0
 10
655.0
 20
-5568.0
 10
440.0
 20
-5568.0
  0
LWPOLYLINE
  5
5CD
330
17
100
AcDbEntity
  8
P7_T01_WHOLE
100
AcDbPolyline
 90
4
 70
1
 10
660.0
 20
-5633.0
 10
875.0
 20
-5633.0
 10
875.0
 20
-5568.0
 10
660.0
 20
-5568.0
  0
LWPOLYLINE
  5
5CE
330
17
100
AcDbEntity
  8
P7_T01_WHOLE
100
AcDbPolyline
 90
4
 70
1
 10
880.0
 20
-5633.0
 10
1095.0
 20
-5633.0
 10
1095.0
 20
-5568.0
 10
880.0
 20
-5568.0
  0
LWPOLYLINE
  5
5CF
330
17
100
AcDbEntity
  8
P7_T01_WHOLE
100
AcDbPolyline
 90
4
 70
1
 10
1100.0
 20
-5633.0
 10
1315.0
 20
-5633.0
 10
1315.0
 20
-5568.0
 10
1100.0
 20
-5568.0
  0
LWPOLYLINE
  5
5D0
330
17
100
AcDbEntity
  8
P7_T01_WHOLE
100
AcDbPolyline
 90
4
 70
1
 10
1320.0
 20
-5633.0
 10
1535.0
 20
-5633.0
 10
1535.0
 20
-5568.0
 10
1320.0
 20
-5568.0
  0
LWPOLYLINE
  5
5D1
330
17
100
AcDbEntity
  8
P7_T02_STD
100
AcDbPolyline
 90
4
 70
1
 10
0.0
 20
-5563.0
 10
104.0
 20
-5563.0
 10
104.0
 20
-5498.0
 10
0.0
 20
-5498.0
  0
LWPOLYLINE
  5
5D2
330
17
100
AcDbEntity
  8
P7_T01_WHOLE
100
AcDbPolyline
 90
4
 70
1
 10
110.0
 20
-5563.0
 10
325.0
 20
-5563.0
 10
325.0
 20
-5498.0
 10
110.0
 20
-5498.0
  0
LWPOLYLINE
  5
5D3
330
17
100
AcDbEntity
  8
P7_T01_WHOLE
100
AcDbPolyline
 90
4
 70
1
 10
330.0
 20
-5563.0
 10
545.0
 20
-5563.0
 10
545.0
 20
-5498.0
 10
330.0
 20
-5498.0
  0
LWPOLYLINE
  5
5D4
330
17
100
AcDbEntity
  8
P7_T01_WHOLE
100
AcDbPolyline
 90
4
 70
1
 10
550.0
 20
-5563.0
 10
765.0
 20
-5563.0
 10
765.0
 20
-5498.0
 10
550.0
 20
-5498.0
  0
LWPOLYLINE
  5
5D5
330
17
100
AcDbEntity
  8
P7_T01_WHOLE
100
AcDbPolyline
 90
4
 70
1
 10
770.0
 20
-5563.0
 10
985.0
 20
-5563.0
 10
985.0
 20
-5498.0
 10
770.0
 20
-5498.0
  0
LWPOLYLINE
  5
5D6
330
17
100
AcDbEntity
  8
P7_T01_WHOLE
100
AcDbPolyline
 90
4
 70
1
 10
990.0
 20
-5563.0
 10
1205.0
 20
-5563.0
 10
1205.0
 20
-5498.0
 10
990.0
 20
-5498.0
  0
LWPOLYLINE
  5
5D7
330
17
100
AcDbEntity
  8
P7_T01_WHOLE
100
AcDbPolyline
 90
4
 70
1
 10
1210.0
 20
-5563.0
 10
1425.0
 20
-5563.0
 10
1425.0
 20
-5498.0
 10
1210.0
 20
-5498.0
  0
LWPOLYLINE
  5
5D8
330
17
100
AcDbEntity
  8
P7_T02_STD
100
AcDbPolyline
 90
4
 70
1
 10
1431.0
 20
-5563.0
 10
1535.0
 20
-5563.0
 10
1535.0
 20
-5498.0
 10
1431.0
 20
-5498.0
  0
LWPOLYLINE
  5
5D9
330
17
100
AcDbEntity
  8
P7_T01_WHOLE
100
AcDbPolyline
 90
4
 70
1
 10
0.0
 20
-5493.0
 10
215.0
 20
-5493.0
 10
215.0
 20
-5428.0
 10
0.0
 20
-5428.0
  0
LWPOLYLINE
  5
5DA
330
17
100
AcDbEntity
  8
P7_T01_WHOLE
100
AcDbPolyline
 90
4
 70
1
 10
220.0
 20
-5493.0
 10
435.0
 20
-5493.0
 10
435.0
 20
-5428.0
 10
220.0
 20
-5428.0
  0
LWPOLYLINE
  5
5DB
330
17
100
AcDbEntity
  8
P7_T01_WHOLE
100
AcDbPolyline
 90
4
 70
1
 10
440.0
 20
-5493.0
 10
655.0
 20
-5493.0
 10
655.0
 20
-5428.0
 10
440.0
 20
-5428.0
  0
LWPOLYLINE
  5
5DC
330
17
100
AcDbEntity
  8
P7_T01_WHOLE
100
AcDbPolyline
 90
4
 70
1
 10
660.0
 20
-5493.0
 10
875.0
 20
-5493.0
 10
875.0
 20
-5428.0
 10
660.0
 20
-5428.0
  0
LWPOLYLINE
  5
5DD
330
17
100
AcDbEntity
  8
P7_T01_WHOLE
100
AcDbPolyline
 90
4
 70
1
 10
880.0
 20
-5493.0
 10
1095.0
 20
-5493.0
 10
1095.0
 20
-5428.0
 10
880.0
 20
-5428.0
  0
LWPOLYLINE
  5
5DE
330
17
100
AcDbEntity
  8
P7_T01_WHOLE
100
AcDbPolyline
 90
4
 70
1
 10
1100.0
 20
-5493.0
 10
1315.0
 20
-5493.0
 10
1315.0
 20
-5428.0
 10
1100.0
 20
-5428.0
  0
LWPOLYLINE
  5
5DF
330
17
100
AcDbEntity
  8
P7_T01_WHOLE
100
AcDbPolyline
 90
4
 70
1
 10
1320.0
 20
-5493.0
 10
1535.0
 20
-5493.0
 10
1535.0
 20
-5428.0
 10
1320.0
 20
-5428.0
  0
LWPOLYLINE
  5
5E0
330
17
100
AcDbEntity
  8
P7_T02_STD
100
AcDbPolyline
 90
4
 70
1
 10
0.0
 20
-5423.0
 10
104.0
 20
-5423.0
 10
104.0
 20
-5358.0
 10
0.0
 20
-5358.0
  0
LWPOLYLINE
  5
5E1
330
17
100
AcDbEntity
  8
P7_T01_WHOLE
100
AcDbPolyline
 90
4
 70
1
 10
110.0
 20
-5423.0
 10
325.0
 20
-5423.0
 10
325.0
 20
-5358.0
 10
110.0
 20
-5358.0
  0
LWPOLYLINE
  5
5E2
330
17
100
AcDbEntity
  8
P7_T01_WHOLE
100
AcDbPolyline
 90
4
 70
1
 10
330.0
 20
-5423.0
 10
545.0
 20
-5423.0
 10
545.0
 20
-5358.0
 10
330.0
 20
-5358.0
  0
LWPOLYLINE
  5
5E3
330
17
100
AcDbEntity
  8
P7_T01_WHOLE
100
AcDbPolyline
 90
4
 70
1
 10
550.0
 20
-5423.0
 10
765.0
 20
-5423.0
 10
765.0
 20
-5358.0
 10
550.0
 20
-5358.0
  0
LWPOLYLINE
  5
5E4
330
17
100
AcDbEntity
  8
P7_T01_WHOLE
100
AcDbPolyline
 90
4
 70
1
 10
770.0
 20
-5423.0
 10
985.0
 20
-5423.0
 10
985.0
 20
-5358.0
 10
770.0
 20
-5358.0
  0
LWPOLYLINE
  5
5E5
330
17
100
AcDbEntity
  8
P7_T01_WHOLE
100
AcDbPolyline
 90
4
 70
1
 10
990.0
 20
-5423.0
 10
1205.0
 20
-5423.0
 10
1205.0
 20
-5358.0
 10
990.0
 20
-5358.0
  0
LWPOLYLINE
  5
5E6
330
17
100
AcDbEntity
  8
P7_T01_WHOLE
100
AcDbPolyline
 90
4
 70
1
 10
1210.0
 20
-5423.0
 10
1425.0
 20
-5423.0
 10
1425.0
 20
-5358.0
 10
1210.0
 20
-5358.0
  0
LWPOLYLINE
  5
5E7
330
17
100
AcDbEntity
  8
P7_T02_STD
100
AcDbPolyline
 90
4
 70
1
 10
1431.0
 20
-5423.0
 10
1535.0
 20
-5423.0
 10
1535.0
 20
-5358.0
 10
1431.0
 20
-5358.0
  0
LWPOLYLINE
  5
5E8
330
17
100
AcDbEntity
  8
P7_T01_WHOLE
100
AcDbPolyline
 90
4
 70
1
 10
0.0
 20
-5353.0
 10
215.0
 20
-5353.0
 10
215.0
 20
-5288.0
 10
0.0
 20
-5288.0
  0
LWPOLYLINE
  5
5E9
330
17
100
AcDbEntity
  8
P7_T01_WHOLE
100
AcDbPolyline
 90
4
 70
1
 10
220.0
 20
-5353.0
 10
435.0
 20
-5353.0
 10
435.0
 20
-5288.0
 10
220.0
 20
-5288.0
  0
LWPOLYLINE
  5
5EA
330
17
100
AcDbEntity
  8
P7_T01_WHOLE
100
AcDbPolyline
 90
4
 70
1
 10
440.0
 20
-5353.0
 10
655.0
 20
-5353.0
 10
655.0
 20
-5288.0
 10
440.0
 20
-5288.0
  0
LWPOLYLINE
  5
5EB
330
17
100
AcDbEntity
  8
P7_T01_WHOLE
100
AcDbPolyline
 90
4
 70
1
 10
660.0
 20
-5353.0
 10
875.0
 20
-5353.0
 10
875.0
 20
-5288.0
 10
660.0
 20
-5288.0
  0
LWPOLYLINE
  5
5EC
330
17
100
AcDbEntity
  8
P7_T01_WHOLE
100
AcDbPolyline
 90
4
 70
1
 10
880.0
 20
-5353.0
 10
1095.0
 20
-5353.0
 10
1095.0
 20
-5288.0
 10
880.0
 20
-5288.0
  0
LWPOLYLINE
  5
5ED
330
17
100
AcDbEntity
  8
P7_T01_WHOLE
100
AcDbPolyline
 90
4
 70
1
 10
1100.0
 20
-5353.0
 10
1315.0
 20
-5353.0
 10
1315.0
 20
-5288.0
 10
1100.0
 20
-5288.0
  0
LWPOLYLINE
  5
5EE
330
17
100
AcDbEntity
  8
P7_T01_WHOLE
100
AcDbPolyline
 90
4
 70
1
 10
1320.0
 20
-5353.0
 10
1535.0
 20
-5353.0
 10
1535.0
 20
-5288.0
 10
1320.0
 20
-5288.0
  0
LWPOLYLINE
  5
5EF
330
17
100
AcDbEntity
  8
P7_T02_STD
100
AcDbPolyline
 90
4
 70
1
 10
0.0
 20
-5283.0
 10
104.0
 20
-5283.0
 10
104.0
 20
-5218.0
 10
0.0
 20
-5218.0
  0
LWPOLYLINE
  5
5F0
330
17
100
AcDbEntity
  8
P7_T01_WHOLE
100
AcDbPolyline
 90
4
 70
1
 10
110.0
 20
-5283.0
 10
325.0
 20
-5283.0
 10
325.0
 20
-5218.0
 10
110.0
 20
-5218.0
  0
LWPOLYLINE
  5
5F1
330
17
100
AcDbEntity
  8
P7_T01_WHOLE
100
AcDbPolyline
 90
4
 70
1
 10
330.0
 20
-5283.0
 10
545.0
 20
-5283.0
 10
545.0
 20
-5218.0
 10
330.0
 20
-5218.0
  0
LWPOLYLINE
  5
5F2
330
17
100
AcDbEntity
  8
P7_T01_WHOLE
100
AcDbPolyline
 90
4
 70
1
 10
550.0
 20
-5283.0
 10
765.0
 20
-5283.0
 10
765.0
 20
-5218.0
 10
550.0
 20
-5218.0
  0
LWPOLYLINE
  5
5F3
330
17
100
AcDbEntity
  8
P7_T01_WHOLE
100
AcDbPolyline
 90
4
 70
1
 10
770.0
 20
-5283.0
 10
985.0
 20
-5283.0
 10
985.0
 20
-5218.0
 10
770.0
 20
-5218.0
  0
LWPOLYLINE
  5
5F4
330
17
100
AcDbEntity
  8
P7_T01_WHOLE
100
AcDbPolyline
 90
4
 70
1
 10
990.0
 20
-5283.0
 10
1205.0
 20
-5283.0
 10
1205.0
 20
-5218.0
 10
990.0
 20
-5218.0
  0
LWPOLYLINE
  5
5F5
330
17
100
AcDbEntity
  8
P7_T01_WHOLE
100
AcDbPolyline
 90
4
 70
1
 10
1210.0
 20
-5283.0
 10
1425.0
 20
-5283.0
 10
1425.0
 20
-5218.0
 10
1210.0
 20
-5218.0
  0
LWPOLYLINE
  5
5F6
330
17
100
AcDbEntity
  8
P7_T02_STD
100
AcDbPolyline
 90
4
 70
1
 10
1431.0
 20
-5283.0
 10
1535.0
 20
-5283.0
 10
1535.0
 20
-5218.0
 10
1431.0
 20
-5218.0
  0
LWPOLYLINE
  5
5F7
330
17
100
AcDbEntity
  8
P7_T01_WHOLE
100
AcDbPolyline
 90
4
 70
1
 10
0.0
 20
-5213.0
 10
215.0
 20
-5213.0
 10
215.0
 20
-5148.0
 10
0.0
 20
-5148.0
  0
LWPOLYLINE
  5
5F8
330
17
100
AcDbEntity
  8
P7_T01_WHOLE
100
AcDbPolyline
 90
4
 70
1
 10
220.0
 20
-5213.0
 10
435.0
 20
-5213.0
 10
435.0
 20
-5148.0
 10
220.0
 20
-5148.0
  0
LWPOLYLINE
  5
5F9
330
17
100
AcDbEntity
  8
P7_T01_WHOLE
100
AcDbPolyline
 90
4
 70
1
 10
440.0
 20
-5213.0
 10
655.0
 20
-5213.0
 10
655.0
 20
-5148.0
 10
440.0
 20
-5148.0
  0
LWPOLYLINE
  5
5FA
330
17
100
AcDbEntity
  8
P7_T01_WHOLE
100
AcDbPolyline
 90
4
 70
1
 10
660.0
 20
-5213.0
 10
875.0
 20
-5213.0
 10
875.0
 20
-5148.0
 10
660.0
 20
-5148.0
  0
LWPOLYLINE
  5
5FB
330
17
100
AcDbEntity
  8
P7_T01_WHOLE
100
AcDbPolyline
 90
4
 70
1
 10
880.0
 20
-5213.0
 10
1095.0
 20
-5213.0
 10
1095.0
 20
-5148.0
 10
880.0
 20
-5148.0
  0
LWPOLYLINE
  5
5FC
330
17
100
AcDbEntity
  8
P7_T01_WHOLE
100
AcDbPolyline
 90
4
 70
1
 10
1100.0
 20
-5213.0
 10
1315.0
 20
-5213.0
 10
1315.0
 20
-5148.0
 10
1100.0
 20
-5148.0
  0
LWPOLYLINE
  5
5FD
330
17
100
AcDbEntity
  8
P7_T01_WHOLE
100
AcDbPolyline
 90
4
 70
1
 10
1320.0
 20
-5213.0
 10
1535.0
 20
-5213.0
 10
1535.0
 20
-5148.0
 10
1320.0
 20
-5148.0
  0
LWPOLYLINE
  5
5FE
330
17
100
AcDbEntity
  8
P7_T02_STD
100
AcDbPolyline
 90
4
 70
1
 10
0.0
 20
-5143.0
 10
104.0
 20
-5143.0
 10
104.0
 20
-5078.0
 10
0.0
 20
-5078.0
  0
LWPOLYLINE
  5
5FF
330
17
100
AcDbEntity
  8
P7_T01_WHOLE
100
AcDbPolyline
 90
4
 70
1
 10
110.0
 20
-5143.0
 10
325.0
 20
-5143.0
 10
325.0
 20
-5078.0
 10
110.0
 20
-5078.0
  0
LWPOLYLINE
  5
600
330
17
100
AcDbEntity
  8
P7_T01_WHOLE
100
AcDbPolyline
 90
4
 70
1
 10
330.0
 20
-5143.0
 10
545.0
 20
-5143.0
 10
545.0
 20
-5078.0
 10
330.0
 20
-5078.0
  0
LWPOLYLINE
  5
601
330
17
100
AcDbEntity
  8
P7_T01_WHOLE
100
AcDbPolyline
 90
4
 70
1
 10
550.0
 20
-5143.0
 10
765.0
 20
-5143.0
 10
765.0
 20
-5078.0
 10
550.0
 20
-5078.0
  0
LWPOLYLINE
  5
602
330
17
100
AcDbEntity
  8
P7_T01_WHOLE
100
AcDbPolyline
 90
4
 70
1
 10
770.0
 20
-5143.0
 10
985.0
 20
-5143.0
 10
985.0
 20
-5078.0
 10
770.0
 20
-5078.0
  0
LWPOLYLINE
  5
603
330
17
100
AcDbEntity
  8
P7_T01_WHOLE
100
AcDbPolyline
 90
4
 70
1
 10
990.0
 20
-5143.0
 10
1205.0
 20
-5143.0
 10
1205.0
 20
-5078.0
 10
990.0
 20
-5078.0
  0
LWPOLYLINE
  5
604
330
17
100
AcDbEntity
  8
P7_T01_WHOLE
100
AcDbPolyline
 90
4
 70
1
 10
1210.0
 20
-5143.0
 10
1425.0
 20
-5143.0
 10
1425.0
 20
-5078.0
 10
1210.0
 20
-5078.0
  0
LWPOLYLINE
  5
605
330
17
100
AcDbEntity
  8
P7_T02_STD
100
AcDbPolyline
 90
4
 70
1
 10
1431.0
 20
-5143.0
 10
1535.0
 20
-5143.0
 10
1535.0
 20
-5078.0
 10
1431.0
 20
-5078.0
  0
LWPOLYLINE
  5
606
330
17
100
AcDbEntity
  8
P7_T01_WHOLE
100
AcDbPolyline
 90
4
 70
1
 10
0.0
 20
-5073.0
 10
215.0
 20
-5073.0
 10
215.0
 20
-5008.0
 10
0.0
 20
-5008.0
  0
LWPOLYLINE
  5
607
330
17
100
AcDbEntity
  8
P7_T01_WHOLE
100
AcDbPolyline
 90
4
 70
1
 10
220.0
 20
-5073.0
 10
435.0
 20
-5073.0
 10
435.0
 20
-5008.0
 10
220.0
 20
-5008.0
  0
LWPOLYLINE
  5
608
330
17
100
AcDbEntity
  8
P7_T01_WHOLE
100
AcDbPolyline
 90
4
 70
1
 10
440.0
 20
-5073.0
 10
655.0
 20
-5073.0
 10
655.0
 20
-5008.0
 10
440.0
 20
-5008.0
  0
LWPOLYLINE
  5
609
330
17
100
AcDbEntity
  8
P7_T01_WHOLE
100
AcDbPolyline
 90
4
 70
1
 10
660.0
 20
-5073.0
 10
875.0
 20
-5073.0
 10
875.0
 20
-5008.0
 10
660.0
 20
-5008.0
  0
LWPOLYLINE
  5
60A
330
17
100
AcDbEntity
  8
P7_T01_WHOLE
100
AcDbPolyline
 90
4
 70
1
 10
880.0
 20
-5073.0
 10
1095.0
 20
-5073.0
 10
1095.0
 20
-5008.0
 10
880.0
 20
-5008.0
  0
LWPOLYLINE
  5
60B
330
17
100
AcDbEntity
  8
P7_T01_WHOLE
100
AcDbPolyline
 90
4
 70
1
 10
1100.0
 20
-5073.0
 10
1315.0
 20
-5073.0
 10
1315.0
 20
-5008.0
 10
1100.0
 20
-5008.0
  0
LWPOLYLINE
  5
60C
330
17
100
AcDbEntity
  8
P7_T01_WHOLE
100
AcDbPolyline
 90
4
 70
1
 10
1320.0
 20
-5073.0
 10
1535.0
 20
-5073.0
 10
1535.0
 20
-5008.0
 10
1320.0
 20
-5008.0
  0
DIMENSION
  5
60D
330
17
100
AcDbEntity
  8
DIM
100
AcDbDimension
280
0
  2
*D13
  3
MM
 10
0.0
 20
-4768.0
 30
0.0
 11
767.5
 21
-4738.0
 31
0.0
 70
32
 71
5
  1
<>
100
AcDbAlignedDimension
 13
0.0
 23
-5008.0
 33
0.0
 14
1535.0
 24
-5008.0
 34
0.0
 50
0.0
100
AcDbRotatedDimension
  0
DIMENSION
  5
61C
330
17
100
AcDbEntity
  8
DIM
100
AcDbDimension
280
0
  2
*D14
  3
MM
 10
1775.0
 20
-6473.0
 30
0.0
 11
1745.0
 21
-5740.5
 31
0.0
 70
32
 71
5
  1
<>
100
AcDbAlignedDimension
 13
1535.0
 23
-6473.0
 33
0.0
 14
1535.0
 24
-5008.0
 34
0.0
 50
90.0
100
AcDbRotatedDimension
  0
TEXT
  5
62B
330
17
100
AcDbEntity
  8
TXT
100
AcDbText
 10
0.0
 20
-4108.0
 30
0.0
 40
64.0
  1
7   顺砖错缝   Running bond
  7
CN
 11
0.0
 21
-4108.0
 31
0.0
100
AcDbText
  0
TEXT
  5
62C
330
17
100
AcDbEntity
  8
TXT
100
AcDbText
 10
0.0
 20
-4238.0
 30
0.0
 40
40.0
  1
墙面 Wall / 细面 Sleek
  7
CN
 11
0.0
 21
-4238.0
 31
0.0
100
AcDbText
  0
TEXT
  5
62D
330
17
100
AcDbEntity
  8
TXT
100
AcDbText
 10
0.0
 20
-4308.0
 30
0.0
 40
40.0
  1
板面 board 1535 x 1465 mm     灰缝 joint 5 mm     砖片 slip 215 x 65 x 20
  7
CN
 11
0.0
 21
-4308.0
 31
0.0
100
AcDbText
  0
TEXT
  5
62E
330
17
100
AcDbEntity
  8
TXT
100
AcDbText
 10
0.0
 20
-4378.0
 30
0.0
 40
40.0
  1
共 157 片 pieces:  整砖 137 whole,  标准件 20 standard,  切割件 0 cut
  7
CN
 11
0.0
 21
-4378.0
 31
0.0
100
AcDbText
  0
TEXT
  5
62F
330
17
100
AcDbEntity
  8
TXT
100
AcDbText
 10
0.0
 20
-4448.0
 30
0.0
 40
40.0
  1
砖型 2 种 brick types,  其中 0 种需切割 need cutting
  7
CN
 11
0.0
 21
-4448.0
 31
0.0
100
AcDbText
  0
TEXT
  5
630
330
17
100
AcDbEntity
  8
TXT
100
AcDbText
 10
2155.0
 20
-5008.0
 30
0.0
 40
42.0
  1
编号
  7
CN
 11
2155.0
 21
-5008.0
 31
0.0
100
AcDbText
  0
TEXT
  5
631
330
17
100
AcDbEntity
  8
TXT
100
AcDbText
 10
2375.0
 20
-5008.0
 30
0.0
 40
42.0
  1
数量
  7
CN
 11
2375.0
 21
-5008.0
 31
0.0
100
AcDbText
  0
TEXT
  5
632
330
17
100
AcDbEntity
  8
TXT
100
AcDbText
 10
2585.0
 20
-5008.0
 30
0.0
 40
42.0
  1
说明  DESCRIPTION
  7
CN
 11
2585.0
 21
-5008.0
 31
0.0
100
AcDbText
  0
LINE
  5
633
330
17
100
AcDbEntity
  8
TXT
100
AcDbLine
 10
1995.0
 20
-5042.0
 30
0.0
 11
4395.7
 21
-5042.0
 31
0.0
  0
LWPOLYLINE
  5
634
330
17
100
AcDbEntity
  8
P7_T01_WHOLE
100
AcDbPolyline
 90
4
 70
1
 10
2005.0
 20
-5148.0
 10
2115.0
 20
-5148.0
 10
2115.0
 20
-5086.0
 10
2005.0
 20
-5086.0
  0
TEXT
  5
635
330
17
100
AcDbEntity
  8
TXT
100
AcDbText
 10
2155.0
 20
-5148.0
 30
0.0
 40
38.0
  1
T01
  7
CN
 11
2155.0
 21
-5148.0
 31
0.0
100
AcDbText
  0
TEXT
  5
636
330
17
100
AcDbEntity
  8
TXT
100
AcDbText
 10
2375.0
 20
-5148.0
 30
0.0
 40
38.0
  1
137
  7
CN
 11
2375.0
 21
-5148.0
 31
0.0
100
AcDbText
  0
TEXT
  5
637
330
17
100
AcDbEntity
  8
TXT
100
AcDbText
 10
2585.0
 20
-5148.0
 30
0.0
 40
38.0
  1
整砖片 whole slip  215 x 65
  7
CN
 11
2585.0
 21
-5148.0
 31
0.0
100
AcDbText
  0
LWPOLYLINE
  5
638
330
17
100
AcDbEntity
  8
P7_T02_STD
100
AcDbPolyline
 90
4
 70
1
 10
2005.0
 20
-5243.0
 10
2115.0
 20
-5243.0
 10
2115.0
 20
-5181.0
 10
2005.0
 20
-5181.0
  0
TEXT
  5
639
330
17
100
AcDbEntity
  8
TXT
100
AcDbText
 10
2155.0
 20
-5243.0
 30
0.0
 40
38.0
  1
T02
  7
CN
 11
2155.0
 21
-5243.0
 31
0.0
100
AcDbText
  0
TEXT
  5
63A
330
17
100
AcDbEntity
  8
TXT
100
AcDbText
 10
2375.0
 20
-5243.0
 30
0.0
 40
38.0
  1
20
  7
CN
 11
2375.0
 21
-5243.0
 31
0.0
100
AcDbText
  0
TEXT
  5
63B
330
17
100
AcDbEntity
  8
TXT
100
AcDbText
 10
2585.0
 20
-5243.0
 30
0.0
 40
38.0
  1
标准件 standard  104 x 65
  7
CN
 11
2585.0
 21
-5243.0
 31
0.0
100
AcDbText
  0
LWPOLYLINE
  5
63C
330
17
100
AcDbEntity
  8
PANEL
370
50
100
AcDbPolyline
 90
4
 70
1
 10
5333.2
 20
-6473.0
 10
6905.7
 20
-6473.0
 10
6905.7
 20
-4900.5
 10
5333.2
 20
-4900.5
  0
LWPOLYLINE
  5
642
330
17
100
AcDbEntity
  8
P8_T01_WHOLE
100
AcDbPolyline
 90
4
 70
1
 10
5333.2
 20
-6473.0
 10
5548.2
 20
-6473.0
 10
5548.2
 20
-6408.0
 10
5333.2
 20
-6408.0
  0
LWPOLYLINE
  5
643
330
17
100
AcDbEntity
  8
P8_T01_WHOLE
100
AcDbPolyline
 90
4
 70
1
 10
5333.2
 20
-4965.5
 10
5548.2
 20
-4965.5
 10
5548.2
 20
-4900.5
 10
5333.2
 20
-4900.5
  0
LWPOLYLINE
  5
644
330
17
100
AcDbEntity
  8
P8_T01_WHOLE
100
AcDbPolyline
 90
4
 70
1
 10
5558.2
 20
-6473.0
 10
5773.2
 20
-6473.0
 10
5773.2
 20
-6408.0
 10
5558.2
 20
-6408.0
  0
LWPOLYLINE
  5
645
330
17
100
AcDbEntity
  8
P8_T01_WHOLE
100
AcDbPolyline
 90
4
 70
1
 10
5558.2
 20
-4965.5
 10
5773.2
 20
-4965.5
 10
5773.2
 20
-4900.5
 10
5558.2
 20
-4900.5
  0
LWPOLYLINE
  5
646
330
17
100
AcDbEntity
  8
P8_T01_WHOLE
100
AcDbPolyline
 90
4
 70
1
 10
5783.2
 20
-6473.0
 10
5998.2
 20
-6473.0
 10
5998.2
 20
-6408.0
 10
5783.2
 20
-6408.0
  0
LWPOLYLINE
  5
647
330
17
100
AcDbEntity
  8
P8_T01_WHOLE
100
AcDbPolyline
 90
4
 70
1
 10
5783.2
 20
-4965.5
 10
5998.2
 20
-4965.5
 10
5998.2
 20
-4900.5
 10
5783.2
 20
-4900.5
  0
LWPOLYLINE
  5
648
330
17
100
AcDbEntity
  8
P8_T01_WHOLE
100
AcDbPolyline
 90
4
 70
1
 10
6008.2
 20
-6473.0
 10
6223.2
 20
-6473.0
 10
6223.2
 20
-6408.0
 10
6008.2
 20
-6408.0
  0
LWPOLYLINE
  5
649
330
17
100
AcDbEntity
  8
P8_T01_WHOLE
100
AcDbPolyline
 90
4
 70
1
 10
6008.2
 20
-4965.5
 10
6223.2
 20
-4965.5
 10
6223.2
 20
-4900.5
 10
6008.2
 20
-4900.5
  0
LWPOLYLINE
  5
64A
330
17
100
AcDbEntity
  8
P8_T01_WHOLE
100
AcDbPolyline
 90
4
 70
1
 10
6233.2
 20
-6473.0
 10
6448.2
 20
-6473.0
 10
6448.2
 20
-6408.0
 10
6233.2
 20
-6408.0
  0
LWPOLYLINE
  5
64B
330
17
100
AcDbEntity
  8
P8_T01_WHOLE
100
AcDbPolyline
 90
4
 70
1
 10
6233.2
 20
-4965.5
 10
6448.2
 20
-4965.5
 10
6448.2
 20
-4900.5
 10
6233.2
 20
-4900.5
  0
LWPOLYLINE
  5
64C
330
17
100
AcDbEntity
  8
P8_T01_WHOLE
100
AcDbPolyline
 90
4
 70
1
 10
6458.2
 20
-6473.0
 10
6673.2
 20
-6473.0
 10
6673.2
 20
-6408.0
 10
6458.2
 20
-6408.0
  0
LWPOLYLINE
  5
64D
330
17
100
AcDbEntity
  8
P8_T01_WHOLE
100
AcDbPolyline
 90
4
 70
1
 10
6458.2
 20
-4965.5
 10
6673.2
 20
-4965.5
 10
6673.2
 20
-4900.5
 10
6458.2
 20
-4900.5
  0
LWPOLYLINE
  5
64E
330
17
100
AcDbEntity
  8
P8_T01_WHOLE
100
AcDbPolyline
 90
4
 70
1
 10
6683.2
 20
-6473.0
 10
6898.2
 20
-6473.0
 10
6898.2
 20
-6408.0
 10
6683.2
 20
-6408.0
  0
LWPOLYLINE
  5
64F
330
17
100
AcDbEntity
  8
P8_T01_WHOLE
100
AcDbPolyline
 90
4
 70
1
 10
6683.2
 20
-4965.5
 10
6898.2
 20
-4965.5
 10
6898.2
 20
-4900.5
 10
6683.2
 20
-4900.5
  0
LWPOLYLINE
  5
650
330
17
100
AcDbEntity
  8
P8_T01_WHOLE
100
AcDbPolyline
 90
4
 70
1
 10
5333.2
 20
-6323.0
 10
5398.2
 20
-6323.0
 10
5398.2
 20
-6108.0
 10
5333.2
 20
-6108.0
  0
LWPOLYLINE
  5
651
330
17
100
AcDbEntity
  8
P8_T01_WHOLE
100
AcDbPolyline
 90
4
 70
1
 10
6840.7
 20
-6323.0
 10
6905.7
 20
-6323.0
 10
6905.7
 20
-6108.0
 10
6840.7
 20
-6108.0
  0
LWPOLYLINE
  5
652
330
17
100
AcDbEntity
  8
P8_T01_WHOLE
100
AcDbPolyline
 90
4
 70
1
 10
5333.2
 20
-6098.0
 10
5398.2
 20
-6098.0
 10
5398.2
 20
-5883.0
 10
5333.2
 20
-5883.0
  0
LWPOLYLINE
  5
653
330
17
100
AcDbEntity
  8
P8_T01_WHOLE
100
AcDbPolyline
 90
4
 70
1
 10
6840.7
 20
-6098.0
 10
6905.7
 20
-6098.0
 10
6905.7
 20
-5883.0
 10
6840.7
 20
-5883.0
  0
LWPOLYLINE
  5
654
330
17
100
AcDbEntity
  8
P8_T01_WHOLE
100
AcDbPolyline
 90
4
 70
1
 10
5333.2
 20
-5873.0
 10
5398.2
 20
-5873.0
 10
5398.2
 20
-5658.0
 10
5333.2
 20
-5658.0
  0
LWPOLYLINE
  5
655
330
17
100
AcDbEntity
  8
P8_T01_WHOLE
100
AcDbPolyline
 90
4
 70
1
 10
6840.7
 20
-5873.0
 10
6905.7
 20
-5873.0
 10
6905.7
 20
-5658.0
 10
6840.7
 20
-5658.0
  0
LWPOLYLINE
  5
656
330
17
100
AcDbEntity
  8
P8_T01_WHOLE
100
AcDbPolyline
 90
4
 70
1
 10
5333.2
 20
-5648.0
 10
5398.2
 20
-5648.0
 10
5398.2
 20
-5433.0
 10
5333.2
 20
-5433.0
  0
LWPOLYLINE
  5
657
330
17
100
AcDbEntity
  8
P8_T01_WHOLE
100
AcDbPolyline
 90
4
 70
1
 10
6840.7
 20
-5648.0
 10
6905.7
 20
-5648.0
 10
6905.7
 20
-5433.0
 10
6840.7
 20
-5433.0
  0
LWPOLYLINE
  5
658
330
17
100
AcDbEntity
  8
P8_T01_WHOLE
100
AcDbPolyline
 90
4
 70
1
 10
5333.2
 20
-5423.0
 10
5398.2
 20
-5423.0
 10
5398.2
 20
-5208.0
 10
5333.2
 20
-5208.0
  0
LWPOLYLINE
  5
659
330
17
100
AcDbEntity
  8
P8_T01_WHOLE
100
AcDbPolyline
 90
4
 70
1
 10
6840.7
 20
-5423.0
 10
6905.7
 20
-5423.0
 10
6905.7
 20
-5208.0
 10
6840.7
 20
-5208.0
  0
LWPOLYLINE
  5
65A
330
17
100
AcDbEntity
  8
P8_T05_CUT
100
AcDbPolyline
 90
4
 70
1
 10
5333.2
 20
-5198.0
 10
5398.2
 20
-5198.0
 10
5398.2
 20
-5050.5
 10
5333.2
 20
-5050.5
  0
LWPOLYLINE
  5
65B
330
17
100
AcDbEntity
  8
P8_T05_CUT
100
AcDbPolyline
 90
4
 70
1
 10
6840.7
 20
-5198.0
 10
6905.7
 20
-5198.0
 10
6905.7
 20
-5050.5
 10
6840.7
 20
-5050.5
  0
LWPOLYLINE
  5
65C
330
17
100
AcDbEntity
  8
P8_T01_WHOLE
100
AcDbPolyline
 90
4
 70
1
 10
5333.2
 20
-6398.0
 10
5548.2
 20
-6398.0
 10
5548.2
 20
-6333.0
 10
5333.2
 20
-6333.0
  0
LWPOLYLINE
  5
65D
330
17
100
AcDbEntity
  8
P8_T01_WHOLE
100
AcDbPolyline
 90
4
 70
1
 10
5333.2
 20
-5040.5
 10
5548.2
 20
-5040.5
 10
5548.2
 20
-4975.5
 10
5333.2
 20
-4975.5
  0
LWPOLYLINE
  5
65E
330
17
100
AcDbEntity
  8
P8_T01_WHOLE
100
AcDbPolyline
 90
4
 70
1
 10
5558.2
 20
-6398.0
 10
5773.2
 20
-6398.0
 10
5773.2
 20
-6333.0
 10
5558.2
 20
-6333.0
  0
LWPOLYLINE
  5
65F
330
17
100
AcDbEntity
  8
P8_T01_WHOLE
100
AcDbPolyline
 90
4
 70
1
 10
5558.2
 20
-5040.5
 10
5773.2
 20
-5040.5
 10
5773.2
 20
-4975.5
 10
5558.2
 20
-4975.5
  0
LWPOLYLINE
  5
660
330
17
100
AcDbEntity
  8
P8_T01_WHOLE
100
AcDbPolyline
 90
4
 70
1
 10
5783.2
 20
-6398.0
 10
5998.2
 20
-6398.0
 10
5998.2
 20
-6333.0
 10
5783.2
 20
-6333.0
  0
LWPOLYLINE
  5
661
330
17
100
AcDbEntity
  8
P8_T01_WHOLE
100
AcDbPolyline
 90
4
 70
1
 10
5783.2
 20
-5040.5
 10
5998.2
 20
-5040.5
 10
5998.2
 20
-4975.5
 10
5783.2
 20
-4975.5
  0
LWPOLYLINE
  5
662
330
17
100
AcDbEntity
  8
P8_T01_WHOLE
100
AcDbPolyline
 90
4
 70
1
 10
6008.2
 20
-6398.0
 10
6223.2
 20
-6398.0
 10
6223.2
 20
-6333.0
 10
6008.2
 20
-6333.0
  0
LWPOLYLINE
  5
663
330
17
100
AcDbEntity
  8
P8_T01_WHOLE
100
AcDbPolyline
 90
4
 70
1
 10
6008.2
 20
-5040.5
 10
6223.2
 20
-5040.5
 10
6223.2
 20
-4975.5
 10
6008.2
 20
-4975.5
  0
LWPOLYLINE
  5
664
330
17
100
AcDbEntity
  8
P8_T01_WHOLE
100
AcDbPolyline
 90
4
 70
1
 10
6233.2
 20
-6398.0
 10
6448.2
 20
-6398.0
 10
6448.2
 20
-6333.0
 10
6233.2
 20
-6333.0
  0
LWPOLYLINE
  5
665
330
17
100
AcDbEntity
  8
P8_T01_WHOLE
100
AcDbPolyline
 90
4
 70
1
 10
6233.2
 20
-5040.5
 10
6448.2
 20
-5040.5
 10
6448.2
 20
-4975.5
 10
6233.2
 20
-4975.5
  0
LWPOLYLINE
  5
666
330
17
100
AcDbEntity
  8
P8_T01_WHOLE
100
AcDbPolyline
 90
4
 70
1
 10
6458.2
 20
-6398.0
 10
6673.2
 20
-6398.0
 10
6673.2
 20
-6333.0
 10
6458.2
 20
-6333.0
  0
LWPOLYLINE
  5
667
330
17
100
AcDbEntity
  8
P8_T01_WHOLE
100
AcDbPolyline
 90
4
 70
1
 10
6458.2
 20
-5040.5
 10
6673.2
 20
-5040.5
 10
6673.2
 20
-4975.5
 10
6458.2
 20
-4975.5
  0
LWPOLYLINE
  5
668
330
17
100
AcDbEntity
  8
P8_T01_WHOLE
100
AcDbPolyline
 90
4
 70
1
 10
6683.2
 20
-6398.0
 10
6898.2
 20
-6398.0
 10
6898.2
 20
-6333.0
 10
6683.2
 20
-6333.0
  0
LWPOLYLINE
  5
669
330
17
100
AcDbEntity
  8
P8_T01_WHOLE
100
AcDbPolyline
 90
4
 70
1
 10
6683.2
 20
-5040.5
 10
6898.2
 20
-5040.5
 10
6898.2
 20
-4975.5
 10
6683.2
 20
-4975.5
  0
LWPOLYLINE
  5
66A
330
17
100
AcDbEntity
  8
P8_T01_WHOLE
100
AcDbPolyline
 90
4
 70
1
 10
5408.2
 20
-6323.0
 10
5473.2
 20
-6323.0
 10
5473.2
 20
-6108.0
 10
5408.2
 20
-6108.0
  0
LWPOLYLINE
  5
66B
330
17
100
AcDbEntity
  8
P8_T01_WHOLE
100
AcDbPolyline
 90
4
 70
1
 10
6765.7
 20
-6323.0
 10
6830.7
 20
-6323.0
 10
6830.7
 20
-6108.0
 10
6765.7
 20
-6108.0
  0
LWPOLYLINE
  5
66C
330
17
100
AcDbEntity
  8
P8_T01_WHOLE
100
AcDbPolyline
 90
4
 70
1
 10
5408.2
 20
-6098.0
 10
5473.2
 20
-6098.0
 10
5473.2
 20
-5883.0
 10
5408.2
 20
-5883.0
  0
LWPOLYLINE
  5
66D
330
17
100
AcDbEntity
  8
P8_T01_WHOLE
100
AcDbPolyline
 90
4
 70
1
 10
6765.7
 20
-6098.0
 10
6830.7
 20
-6098.0
 10
6830.7
 20
-5883.0
 10
6765.7
 20
-5883.0
  0
LWPOLYLINE
  5
66E
330
17
100
AcDbEntity
  8
P8_T01_WHOLE
100
AcDbPolyline
 90
4
 70
1
 10
5408.2
 20
-5873.0
 10
5473.2
 20
-5873.0
 10
5473.2
 20
-5658.0
 10
5408.2
 20
-5658.0
  0
LWPOLYLINE
  5
66F
330
17
100
AcDbEntity
  8
P8_T01_WHOLE
100
AcDbPolyline
 90
4
 70
1
 10
6765.7
 20
-5873.0
 10
6830.7
 20
-5873.0
 10
6830.7
 20
-5658.0
 10
6765.7
 20
-5658.0
  0
LWPOLYLINE
  5
670
330
17
100
AcDbEntity
  8
P8_T01_WHOLE
100
AcDbPolyline
 90
4
 70
1
 10
5408.2
 20
-5648.0
 10
5473.2
 20
-5648.0
 10
5473.2
 20
-5433.0
 10
5408.2
 20
-5433.0
  0
LWPOLYLINE
  5
671
330
17
100
AcDbEntity
  8
P8_T01_WHOLE
100
AcDbPolyline
 90
4
 70
1
 10
6765.7
 20
-5648.0
 10
6830.7
 20
-5648.0
 10
6830.7
 20
-5433.0
 10
6765.7
 20
-5433.0
  0
LWPOLYLINE
  5
672
330
17
100
AcDbEntity
  8
P8_T01_WHOLE
100
AcDbPolyline
 90
4
 70
1
 10
5408.2
 20
-5423.0
 10
5473.2
 20
-5423.0
 10
5473.2
 20
-5208.0
 10
5408.2
 20
-5208.0
  0
LWPOLYLINE
  5
673
330
17
100
AcDbEntity
  8
P8_T01_WHOLE
100
AcDbPolyline
 90
4
 70
1
 10
6765.7
 20
-5423.0
 10
6830.7
 20
-5423.0
 10
6830.7
 20
-5208.0
 10
6765.7
 20
-5208.0
  0
LWPOLYLINE
  5
674
330
17
100
AcDbEntity
  8
P8_T05_CUT
100
AcDbPolyline
 90
4
 70
1
 10
5408.2
 20
-5198.0
 10
5473.2
 20
-5198.0
 10
5473.2
 20
-5050.5
 10
5408.2
 20
-5050.5
  0
LWPOLYLINE
  5
675
330
17
100
AcDbEntity
  8
P8_T05_CUT
100
AcDbPolyline
 90
4
 70
1
 10
6765.7
 20
-5198.0
 10
6830.7
 20
-5198.0
 10
6830.7
 20
-5050.5
 10
6765.7
 20
-5050.5
  0
LWPOLYLINE
  5
676
330
17
100
AcDbEntity
  8
P8_T02_CUT
100
AcDbPolyline
 90
3
 70
1
 10
6536.5
 20
-6323.0
 10
6490.68
 20
-6277.18
 10
6444.87
 20
-6323.0
  0
LWPOLYLINE
  5
677
330
17
100
AcDbEntity
  8
P8_T03_CUT
100
AcDbPolyline
 90
4
 70
1
 10
6550.639999999999
 20
-6323.0
 10
6642.5599999999995
 20
-6323.0
 10
6543.71
 20
-6224.15
 10
6497.75
 20
-6270.11
  0
LWPOLYLINE
  5
678
330
17
100
AcDbEntity
  8
P8_T04_CUT
100
AcDbPolyline
 90
4
 70
1
 10
6656.71
 20
-6323.0
 10
6748.63
 20
-6323.0
 10
6596.75
 20
-6171.12
 10
6550.79
 20
-6217.08
  0
LWPOLYLINE
  5
679
330
17
100
AcDbEntity
  8
P8_T02_CUT
100
AcDbPolyline
 90
3
 70
1
 10
6755.7
 20
-6315.93
 10
6755.7
 20
-6224.3
 10
6709.88
 20
-6270.11
  0
LWPOLYLINE
  5
67A
330
17
100
AcDbEntity
  8
P8_T03_CUT
100
AcDbPolyline
 90
4
 70
1
 10
6702.8099999999995
 20
-6263.04
 10
6755.7
 20
-6210.16
 10
6755.7
 20
-6118.23
 10
6656.85
 20
-6217.08
  0
LWPOLYLINE
  5
67B
330
17
100
AcDbEntity
  8
P8_T04_CUT
100
AcDbPolyline
 90
4
 70
1
 10
6649.78
 20
-6210.01
 10
6755.7
 20
-6104.09
 10
6755.7
 20
-6012.17
 10
6603.82
 20
-6164.05
  0
LWPOLYLINE
  5
67C
330
17
100
AcDbEntity
  8
P8_T02_CUT
100
AcDbPolyline
 90
3
 70
1
 10
6218.3
 20
-6323.0
 10
6172.48
 20
-6277.18
 10
6126.67
 20
-6323.0
  0
LWPOLYLINE
  5
67D
330
17
100
AcDbEntity
  8
P8_T03_CUT
100
AcDbPolyline
 90
4
 70
1
 10
6232.44
 20
-6323.0
 10
6324.36
 20
-6323.0
 10
6225.5199999999995
 20
-6224.15
 10
6179.55
 20
-6270.11
  0
LWPOLYLINE
  5
67E
330
17
100
AcDbEntity
  8
P8_T04_CUT
100
AcDbPolyline
 90
4
 70
1
 10
6338.51
 20
-6323.0
 10
6430.43
 20
-6323.0
 10
6278.55
 20
-6171.12
 10
6232.59
 20
-6217.08
  0
LWPOLYLINE
  5
67F
330
17
100
AcDbEntity
  8
P8_T01_WHOLE
100
AcDbPolyline
 90
4
 70
1
 10
6437.65
 20
-6316.08
 10
6589.68
 20
-6164.05
 10
6543.71
 20
-6118.09
 10
6391.69
 20
-6270.11
  0
LWPOLYLINE
  5
680
330
17
100
AcDbEntity
  8
P8_T01_WHOLE
100
AcDbPolyline
 90
4
 70
1
 10
6384.62
 20
-6263.04
 10
6536.639999999999
 20
-6111.01
 10
6490.68
 20
-6065.05
 10
6338.65
 20
-6217.08
  0
LWPOLYLINE
  5
681
330
17
100
AcDbEntity
  8
P8_T01_WHOLE
100
AcDbPolyline
 90
4
 70
1
 10
6331.58
 20
-6210.01
 10
6483.61
 20
-6057.98
 10
6437.65
 20
-6012.02
 10
6285.62
 20
-6164.05
  0
LWPOLYLINE
  5
682
330
17
100
AcDbEntity
  8
P8_T01_WHOLE
100
AcDbPolyline
 90
4
 70
1
 10
6596.75
 20
-6156.98
 10
6642.71
 20
-6111.01
 10
6490.68
 20
-5958.99
 10
6444.719999999999
 20
-6004.95
  0
LWPOLYLINE
  5
683
330
17
100
AcDbEntity
  8
P8_T01_WHOLE
100
AcDbPolyline
 90
4
 70
1
 10
6649.78
 20
-6103.94
 10
6695.74
 20
-6057.98
 10
6543.71
 20
-5905.95
 10
6497.75
 20
-5951.92
  0
LWPOLYLINE
  5
684
330
17
100
AcDbEntity
  8
P8_T01_WHOLE
100
AcDbPolyline
 90
4
 70
1
 10
6702.8099999999995
 20
-6050.91
 10
6748.78
 20
-6004.95
 10
6596.75
 20
-5852.92
 10
6550.79
 20
-5898.88
  0
LWPOLYLINE
  5
685
330
17
100
AcDbEntity
  8
P8_T02_CUT
100
AcDbPolyline
 90
3
 70
1
 10
6755.7
 20
-5997.73
 10
6755.7
 20
-5906.1
 10
6709.88
 20
-5951.92
  0
LWPOLYLINE
  5
686
330
17
100
AcDbEntity
  8
P8_T03_CUT
100
AcDbPolyline
 90
4
 70
1
 10
6702.8099999999995
 20
-5944.84
 10
6755.7
 20
-5891.96
 10
6755.7
 20
-5800.03
 10
6656.85
 20
-5898.88
  0
LWPOLYLINE
  5
687
330
17
100
AcDbEntity
  8
P8_T04_CUT
100
AcDbPolyline
 90
4
 70
1
 10
6649.78
 20
-5891.8099999999995
 10
6755.7
 20
-5785.89
 10
6755.7
 20
-5693.97
 10
6603.82
 20
-5845.85
  0
LWPOLYLINE
  5
688
330
17
100
AcDbEntity
  8
P8_T02_CUT
100
AcDbPolyline
 90
3
 70
1
 10
5900.099999999999
 20
-6323.0
 10
5854.28
 20
-6277.18
 10
5808.469999999999
 20
-6323.0
  0
LWPOLYLINE
  5
689
330
17
100
AcDbEntity
  8
P8_T03_CUT
100
AcDbPolyline
 90
4
 70
1
 10
5914.24
 20
-6323.0
 10
6006.17
 20
-6323.0
 10
5907.32
 20
-6224.15
 10
5861.36
 20
-6270.11
  0
LWPOLYLINE
  5
68A
330
17
100
AcDbEntity
  8
P8_T04_CUT
100
AcDbPolyline
 90
4
 70
1
 10
6020.3099999999995
 20
-6323.0
 10
6112.23
 20
-6323.0
 10
5960.349999999999
 20
-6171.12
 10
5914.389999999999
 20
-6217.08
  0
LWPOLYLINE
  5
68B
330
17
100
AcDbEntity
  8
P8_T01_WHOLE
100
AcDbPolyline
 90
4
 70
1
 10
6119.45
 20
-6316.08
 10
6271.48
 20
-6164.05
 10
6225.5199999999995
 20
-6118.09
 10
6073.49
 20
-6270.11
  0
LWPOLYLINE
  5
68C
330
17
100
AcDbEntity
  8
P8_T01_WHOLE
100
AcDbPolyline
 90
4
 70
1
 10
6066.42
 20
-6263.04
 10
6218.44
 20
-6111.01
 10
6172.48
 20
-6065.05
 10
6020.46
 20
-6217.08
  0
LWPOLYLINE
  5
68D
330
17
100
AcDbEntity
  8
P8_T01_WHOLE
100
AcDbPolyline
 90
4
 70
1
 10
6013.38
 20
-6210.01
 10
6165.41
 20
-6057.98
 10
6119.45
 20
-6012.02
 10
5967.42
 20
-6164.05
  0
LWPOLYLINE
  5
68E
330
17
100
AcDbEntity
  8
P8_T01_WHOLE
100
AcDbPolyline
 90
4
 70
1
 10
6278.55
 20
-6156.98
 10
6324.51
 20
-6111.01
 10
6172.48
 20
-5958.99
 10
6126.5199999999995
 20
-6004.95
  0
LWPOLYLINE
  5
68F
330
17
100
AcDbEntity
  8
P8_T01_WHOLE
100
AcDbPolyline
 90
4
 70
1
 10
6331.58
 20
-6103.94
 10
6377.54
 20
-6057.98
 10
6225.5199999999995
 20
-5905.95
 10
6179.55
 20
-5951.92
  0
LWPOLYLINE
  5
690
330
17
100
AcDbEntity
  8
P8_T01_WHOLE
100
AcDbPolyline
 90
4
 70
1
 10
6384.62
 20
-6050.91
 10
6430.58
 20
-6004.95
 10
6278.55
 20
-5852.92
 10
6232.59
 20
-5898.88
  0
LWPOLYLINE
  5
691
330
17
100
AcDbEntity
  8
P8_T01_WHOLE
100
AcDbPolyline
 90
4
 70
1
 10
6437.65
 20
-5997.88
 10
6589.68
 20
-5845.85
 10
6543.71
 20
-5799.89
 10
6391.69
 20
-5951.92
  0
LWPOLYLINE
  5
692
330
17
100
AcDbEntity
  8
P8_T01_WHOLE
100
AcDbPolyline
 90
4
 70
1
 10
6384.62
 20
-5944.84
 10
6536.639999999999
 20
-5792.82
 10
6490.68
 20
-5746.85
 10
6338.65
 20
-5898.88
  0
LWPOLYLINE
  5
693
330
17
100
AcDbEntity
  8
P8_T01_WHOLE
100
AcDbPolyline
 90
4
 70
1
 10
6331.58
 20
-5891.8099999999995
 10
6483.61
 20
-5739.78
 10
6437.65
 20
-5693.82
 10
6285.62
 20
-5845.85
  0
LWPOLYLINE
  5
694
330
17
100
AcDbEntity
  8
P8_T01_WHOLE
100
AcDbPolyline
 90
4
 70
1
 10
6596.75
 20
-5838.78
 10
6642.71
 20
-5792.82
 10
6490.68
 20
-5640.79
 10
6444.719999999999
 20
-5686.75
  0
LWPOLYLINE
  5
695
330
17
100
AcDbEntity
  8
P8_T01_WHOLE
100
AcDbPolyline
 90
4
 70
1
 10
6649.78
 20
-5785.74
 10
6695.74
 20
-5739.78
 10
6543.71
 20
-5587.76
 10
6497.75
 20
-5633.72
  0
LWPOLYLINE
  5
696
330
17
100
AcDbEntity
  8
P8_T01_WHOLE
100
AcDbPolyline
 90
4
 70
1
 10
6702.8099999999995
 20
-5732.71
 10
6748.78
 20
-5686.75
 10
6596.75
 20
-5534.72
 10
6550.79
 20
-5580.68
  0
LWPOLYLINE
  5
697
330
17
100
AcDbEntity
  8
P8_T02_CUT
100
AcDbPolyline
 90
3
 70
1
 10
6755.7
 20
-5679.53
 10
6755.7
 20
-5587.9
 10
6709.88
 20
-5633.72
  0
LWPOLYLINE
  5
698
330
17
100
AcDbEntity
  8
P8_T03_CUT
100
AcDbPolyline
 90
4
 70
1
 10
6702.8099999999995
 20
-5626.65
 10
6755.7
 20
-5573.76
 10
6755.7
 20
-5481.84
 10
6656.85
 20
-5580.68
  0
LWPOLYLINE
  5
699
330
17
100
AcDbEntity
  8
P8_T04_CUT
100
AcDbPolyline
 90
4
 70
1
 10
6649.78
 20
-5573.61
 10
6755.7
 20
-5467.6900000000005
 10
6755.7
 20
-5375.77
 10
6603.82
 20
-5527.65
  0
LWPOLYLINE
  5
69A
330
17
100
AcDbEntity
  8
P8_T02_CUT
100
AcDbPolyline
 90
3
 70
1
 10
5581.9
 20
-6323.0
 10
5536.09
 20
-6277.18
 10
5490.2699999999995
 20
-6323.0
  0
LWPOLYLINE
  5
69B
330
17
100
AcDbEntity
  8
P8_T03_CUT
100
AcDbPolyline
 90
4
 70
1
 10
5596.04
 20
-6323.0
 10
5687.969999999999
 20
-6323.0
 10
5589.12
 20
-6224.15
 10
5543.16
 20
-6270.11
  0
LWPOLYLINE
  5
69C
330
17
100
AcDbEntity
  8
P8_T04_CUT
100
AcDbPolyline
 90
4
 70
1
 10
5702.11
 20
-6323.0
 10
5794.03
 20
-6323.0
 10
5642.15
 20
-6171.12
 10
5596.19
 20
-6217.08
  0
LWPOLYLINE
  5
69D
330
17
100
AcDbEntity
  8
P8_T01_WHOLE
100
AcDbPolyline
 90
4
 70
1
 10
5801.25
 20
-6316.08
 10
5953.28
 20
-6164.05
 10
5907.32
 20
-6118.09
 10
5755.29
 20
-6270.11
  0
LWPOLYLINE
  5
69E
330
17
100
AcDbEntity
  8
P8_T01_WHOLE
100
AcDbPolyline
 90
4
 70
1
 10
5748.219999999999
 20
-6263.04
 10
5900.25
 20
-6111.01
 10
5854.28
 20
-6065.05
 10
5702.26
 20
-6217.08
  0
LWPOLYLINE
  5
69F
330
17
100
AcDbEntity
  8
P8_T01_WHOLE
100
AcDbPolyline
 90
4
 70
1
 10
5695.19
 20
-6210.01
 10
5847.21
 20
-6057.98
 10
5801.25
 20
-6012.02
 10
5649.219999999999
 20
-6164.05
  0
LWPOLYLINE
  5
6A0
330
17
100
AcDbEntity
  8
P8_T01_WHOLE
100
AcDbPolyline
 90
4
 70
1
 10
5960.349999999999
 20
-6156.98
 10
6006.3099999999995
 20
-6111.01
 10
5854.28
 20
-5958.99
 10
5808.32
 20
-6004.95
  0
LWPOLYLINE
  5
6A1
330
17
100
AcDbEntity
  8
P8_T01_WHOLE
100
AcDbPolyline
 90
4
 70
1
 10
6013.38
 20
-6103.94
 10
6059.349999999999
 20
-6057.98
 10
5907.32
 20
-5905.95
 10
5861.36
 20
-5951.92
  0
LWPOLYLINE
  5
6A2
330
17
100
AcDbEntity
  8
P8_T01_WHOLE
100
AcDbPolyline
 90
4
 70
1
 10
6066.42
 20
-6050.91
 10
6112.38
 20
-6004.95
 10
5960.349999999999
 20
-5852.92
 10
5914.389999999999
 20
-5898.88
  0
LWPOLYLINE
  5
6A3
330
17
100
AcDbEntity
  8
P8_T01_WHOLE
100
AcDbPolyline
 90
4
 70
1
 10
6119.45
 20
-5997.88
 10
6271.48
 20
-5845.85
 10
6225.5199999999995
 20
-5799.89
 10
6073.49
 20
-5951.92
  0
LWPOLYLINE
  5
6A4
330
17
100
AcDbEntity
  8
P8_T01_WHOLE
100
AcDbPolyline
 90
4
 70
1
 10
6066.42
 20
-5944.84
 10
6218.44
 20
-5792.82
 10
6172.48
 20
-5746.85
 10
6020.46
 20
-5898.88
  0
LWPOLYLINE
  5
6A5
330
17
100
AcDbEntity
  8
P8_T01_WHOLE
100
AcDbPolyline
 90
4
 70
1
 10
6013.38
 20
-5891.8099999999995
 10
6165.41
 20
-5739.78
 10
6119.45
 20
-5693.82
 10
5967.42
 20
-5845.85
  0
LWPOLYLINE
  5
6A6
330
17
100
AcDbEntity
  8
P8_T01_WHOLE
100
AcDbPolyline
 90
4
 70
1
 10
6278.55
 20
-5838.78
 10
6324.51
 20
-5792.82
 10
6172.48
 20
-5640.79
 10
6126.5199999999995
 20
-5686.75
  0
LWPOLYLINE
  5
6A7
330
17
100
AcDbEntity
  8
P8_T01_WHOLE
100
AcDbPolyline
 90
4
 70
1
 10
6331.58
 20
-5785.74
 10
6377.54
 20
-5739.78
 10
6225.5199999999995
 20
-5587.76
 10
6179.55
 20
-5633.72
  0
LWPOLYLINE
  5
6A8
330
17
100
AcDbEntity
  8
P8_T01_WHOLE
100
AcDbPolyline
 90
4
 70
1
 10
6384.62
 20
-5732.71
 10
6430.58
 20
-5686.75
 10
6278.55
 20
-5534.72
 10
6232.59
 20
-5580.68
  0
LWPOLYLINE
  5
6A9
330
17
100
AcDbEntity
  8
P8_T01_WHOLE
100
AcDbPolyline
 90
4
 70
1
 10
6437.65
 20
-5679.68
 10
6589.68
 20
-5527.65
 10
6543.71
 20
-5481.6900000000005
 10
6391.69
 20
-5633.72
  0
LWPOLYLINE
  5
6AA
330
17
100
AcDbEntity
  8
P8_T01_WHOLE
100
AcDbPolyline
 90
4
 70
1
 10
6384.62
 20
-5626.65
 10
6536.639999999999
 20
-5474.62
 10
6490.68
 20
-5428.66
 10
6338.65
 20
-5580.68
  0
LWPOLYLINE
  5
6AB
330
17
100
AcDbEntity
  8
P8_T01_WHOLE
100
AcDbPolyline
 90
4
 70
1
 10
6331.58
 20
-5573.61
 10
6483.61
 20
-5421.58
 10
6437.65
 20
-5375.62
 10
6285.62
 20
-5527.65
  0
LWPOLYLINE
  5
6AC
330
17
100
AcDbEntity
  8
P8_T01_WHOLE
100
AcDbPolyline
 90
4
 70
1
 10
6596.75
 20
-5520.58
 10
6642.71
 20
-5474.62
 10
6490.68
 20
-5322.59
 10
6444.719999999999
 20
-5368.55
  0
LWPOLYLINE
  5
6AD
330
17
100
AcDbEntity
  8
P8_T01_WHOLE
100
AcDbPolyline
 90
4
 70
1
 10
6649.78
 20
-5467.55
 10
6695.74
 20
-5421.58
 10
6543.71
 20
-5269.5599999999995
 10
6497.75
 20
-5315.52
  0
LWPOLYLINE
  5
6AE
330
17
100
AcDbEntity
  8
P8_T01_WHOLE
100
AcDbPolyline
 90
4
 70
1
 10
6702.8099999999995
 20
-5414.51
 10
6748.78
 20
-5368.55
 10
6596.75
 20
-5216.52
 10
6550.79
 20
-5262.49
  0
LWPOLYLINE
  5
6AF
330
17
100
AcDbEntity
  8
P8_T02_CUT
100
AcDbPolyline
 90
3
 70
1
 10
6755.7
 20
-5361.33
 10
6755.7
 20
-5269.7
 10
6709.88
 20
-5315.52
  0
LWPOLYLINE
  5
6B0
330
17
100
AcDbEntity
  8
P8_T03_CUT
100
AcDbPolyline
 90
4
 70
1
 10
6702.8099999999995
 20
-5308.45
 10
6755.7
 20
-5255.5599999999995
 10
6755.7
 20
-5163.64
 10
6656.85
 20
-5262.49
  0
LWPOLYLINE
  5
6B1
330
17
100
AcDbEntity
  8
P8_T04_CUT
100
AcDbPolyline
 90
4
 70
1
 10
6649.78
 20
-5255.41
 10
6755.7
 20
-5149.49
 10
6755.7
 20
-5057.57
 10
6603.82
 20
-5209.45
  0
LWPOLYLINE
  5
6B2
330
17
100
AcDbEntity
  8
P8_T04_CUT
100
AcDbPolyline
 90
4
 70
1
 10
5483.2
 20
-6315.93
 10
5635.08
 20
-6164.05
 10
5589.12
 20
-6118.09
 10
5483.2
 20
-6224.01
  0
LWPOLYLINE
  5
6B3
330
17
100
AcDbEntity
  8
P8_T03_CUT
100
AcDbPolyline
 90
4
 70
1
 10
5483.2
 20
-6209.86
 10
5582.05
 20
-6111.01
 10
5536.09
 20
-6065.05
 10
5483.2
 20
-6117.94
  0
LWPOLYLINE
  5
6B4
330
17
100
AcDbEntity
  8
P8_T02_CUT
100
AcDbPolyline
 90
3
 70
1
 10
5483.2
 20
-6103.8
 10
5529.0199999999995
 20
-6057.98
 10
5483.2
 20
-6012.17
  0
LWPOLYLINE
  5
6B5
330
17
100
AcDbEntity
  8
P8_T01_WHOLE
100
AcDbPolyline
 90
4
 70
1
 10
5642.15
 20
-6156.98
 10
5688.11
 20
-6111.01
 10
5536.09
 20
-5958.99
 10
5490.12
 20
-6004.95
  0
LWPOLYLINE
  5
6B6
330
17
100
AcDbEntity
  8
P8_T01_WHOLE
100
AcDbPolyline
 90
4
 70
1
 10
5695.19
 20
-6103.94
 10
5741.15
 20
-6057.98
 10
5589.12
 20
-5905.95
 10
5543.16
 20
-5951.92
  0
LWPOLYLINE
  5
6B7
330
17
100
AcDbEntity
  8
P8_T01_WHOLE
100
AcDbPolyline
 90
4
 70
1
 10
5748.219999999999
 20
-6050.91
 10
5794.18
 20
-6004.95
 10
5642.15
 20
-5852.92
 10
5596.19
 20
-5898.88
  0
LWPOLYLINE
  5
6B8
330
17
100
AcDbEntity
  8
P8_T01_WHOLE
100
AcDbPolyline
 90
4
 70
1
 10
5801.25
 20
-5997.88
 10
5953.28
 20
-5845.85
 10
5907.32
 20
-5799.89
 10
5755.29
 20
-5951.92
  0
LWPOLYLINE
  5
6B9
330
17
100
AcDbEntity
  8
P8_T01_WHOLE
100
AcDbPolyline
 90
4
 70
1
 10
5748.219999999999
 20
-5944.84
 10
5900.25
 20
-5792.82
 10
5854.28
 20
-5746.85
 10
5702.26
 20
-5898.88
  0
LWPOLYLINE
  5
6BA
330
17
100
AcDbEntity
  8
P8_T01_WHOLE
100
AcDbPolyline
 90
4
 70
1
 10
5695.19
 20
-5891.8099999999995
 10
5847.21
 20
-5739.78
 10
5801.25
 20
-5693.82
 10
5649.219999999999
 20
-5845.85
  0
LWPOLYLINE
  5
6BB
330
17
100
AcDbEntity
  8
P8_T01_WHOLE
100
AcDbPolyline
 90
4
 70
1
 10
5960.349999999999
 20
-5838.78
 10
6006.3099999999995
 20
-5792.82
 10
5854.28
 20
-5640.79
 10
5808.32
 20
-5686.75
  0
LWPOLYLINE
  5
6BC
330
17
100
AcDbEntity
  8
P8_T01_WHOLE
100
AcDbPolyline
 90
4
 70
1
 10
6013.38
 20
-5785.74
 10
6059.349999999999
 20
-5739.78
 10
5907.32
 20
-5587.76
 10
5861.36
 20
-5633.72
  0
LWPOLYLINE
  5
6BD
330
17
100
AcDbEntity
  8
P8_T01_WHOLE
100
AcDbPolyline
 90
4
 70
1
 10
6066.42
 20
-5732.71
 10
6112.38
 20
-5686.75
 10
5960.349999999999
 20
-5534.72
 10
5914.389999999999
 20
-5580.68
  0
LWPOLYLINE
  5
6BE
330
17
100
AcDbEntity
  8
P8_T01_WHOLE
100
AcDbPolyline
 90
4
 70
1
 10
6119.45
 20
-5679.68
 10
6271.48
 20
-5527.65
 10
6225.5199999999995
 20
-5481.6900000000005
 10
6073.49
 20
-5633.72
  0
LWPOLYLINE
  5
6BF
330
17
100
AcDbEntity
  8
P8_T01_WHOLE
100
AcDbPolyline
 90
4
 70
1
 10
6066.42
 20
-5626.65
 10
6218.44
 20
-5474.62
 10
6172.48
 20
-5428.66
 10
6020.46
 20
-5580.68
  0
LWPOLYLINE
  5
6C0
330
17
100
AcDbEntity
  8
P8_T01_WHOLE
100
AcDbPolyline
 90
4
 70
1
 10
6013.38
 20
-5573.61
 10
6165.41
 20
-5421.58
 10
6119.45
 20
-5375.62
 10
5967.42
 20
-5527.65
  0
LWPOLYLINE
  5
6C1
330
17
100
AcDbEntity
  8
P8_T01_WHOLE
100
AcDbPolyline
 90
4
 70
1
 10
6278.55
 20
-5520.58
 10
6324.51
 20
-5474.62
 10
6172.48
 20
-5322.59
 10
6126.5199999999995
 20
-5368.55
  0
LWPOLYLINE
  5
6C2
330
17
100
AcDbEntity
  8
P8_T01_WHOLE
100
AcDbPolyline
 90
4
 70
1
 10
6331.58
 20
-5467.55
 10
6377.54
 20
-5421.58
 10
6225.5199999999995
 20
-5269.5599999999995
 10
6179.55
 20
-5315.52
  0
LWPOLYLINE
  5
6C3
330
17
100
AcDbEntity
  8
P8_T01_WHOLE
100
AcDbPolyline
 90
4
 70
1
 10
6384.62
 20
-5414.51
 10
6430.58
 20
-5368.55
 10
6278.55
 20
-5216.52
 10
6232.59
 20
-5262.49
  0
LWPOLYLINE
  5
6C4
330
17
100
AcDbEntity
  8
P8_T01_WHOLE
100
AcDbPolyline
 90
4
 70
1
 10
6437.65
 20
-5361.48
 10
6589.68
 20
-5209.45
 10
6543.71
 20
-5163.49
 10
6391.69
 20
-5315.52
  0
LWPOLYLINE
  5
6C5
330
17
100
AcDbEntity
  8
P8_T01_WHOLE
100
AcDbPolyline
 90
4
 70
1
 10
6384.62
 20
-5308.45
 10
6536.639999999999
 20
-5156.42
 10
6490.68
 20
-5110.46
 10
6338.65
 20
-5262.49
  0
LWPOLYLINE
  5
6C6
330
17
100
AcDbEntity
  8
P8_T01_WHOLE
100
AcDbPolyline
 90
4
 70
1
 10
6331.58
 20
-5255.41
 10
6483.61
 20
-5103.39
 10
6437.65
 20
-5057.42
 10
6285.62
 20
-5209.45
  0
LWPOLYLINE
  5
6C7
330
17
100
AcDbEntity
  8
P8_T04_CUT
100
AcDbPolyline
 90
4
 70
1
 10
6444.87
 20
-5050.5
 10
6596.75
 20
-5202.38
 10
6642.71
 20
-5156.42
 10
6536.79
 20
-5050.5
  0
LWPOLYLINE
  5
6C8
330
17
100
AcDbEntity
  8
P8_T03_CUT
100
AcDbPolyline
 90
4
 70
1
 10
6550.93
 20
-5050.5
 10
6649.78
 20
-5149.35
 10
6695.74
 20
-5103.39
 10
6642.86
 20
-5050.5
  0
LWPOLYLINE
  5
6C9
330
17
100
AcDbEntity
  8
P8_T02_CUT
100
AcDbPolyline
 90
3
 70
1
 10
6657.0
 20
-5050.5
 10
6702.8099999999995
 20
-5096.32
 10
6748.63
 20
-5050.5
  0
LWPOLYLINE
  5
6CA
330
17
100
AcDbEntity
  8
P8_T04_CUT
100
AcDbPolyline
 90
4
 70
1
 10
5483.2
 20
-5997.73
 10
5635.08
 20
-5845.85
 10
5589.12
 20
-5799.89
 10
5483.2
 20
-5905.8099999999995
  0
LWPOLYLINE
  5
6CB
330
17
100
AcDbEntity
  8
P8_T03_CUT
100
AcDbPolyline
 90
4
 70
1
 10
5483.2
 20
-5891.66
 10
5582.05
 20
-5792.82
 10
5536.09
 20
-5746.85
 10
5483.2
 20
-5799.74
  0
LWPOLYLINE
  5
6CC
330
17
100
AcDbEntity
  8
P8_T02_CUT
100
AcDbPolyline
 90
3
 70
1
 10
5483.2
 20
-5785.6
 10
5529.0199999999995
 20
-5739.78
 10
5483.2
 20
-5693.97
  0
LWPOLYLINE
  5
6CD
330
17
100
AcDbEntity
  8
P8_T01_WHOLE
100
AcDbPolyline
 90
4
 70
1
 10
5642.15
 20
-5838.78
 10
5688.11
 20
-5792.82
 10
5536.09
 20
-5640.79
 10
5490.12
 20
-5686.75
  0
LWPOLYLINE
  5
6CE
330
17
100
AcDbEntity
  8
P8_T01_WHOLE
100
AcDbPolyline
 90
4
 70
1
 10
5695.19
 20
-5785.74
 10
5741.15
 20
-5739.78
 10
5589.12
 20
-5587.76
 10
5543.16
 20
-5633.72
  0
LWPOLYLINE
  5
6CF
330
17
100
AcDbEntity
  8
P8_T01_WHOLE
100
AcDbPolyline
 90
4
 70
1
 10
5748.219999999999
 20
-5732.71
 10
5794.18
 20
-5686.75
 10
5642.15
 20
-5534.72
 10
5596.19
 20
-5580.68
  0
LWPOLYLINE
  5
6D0
330
17
100
AcDbEntity
  8
P8_T01_WHOLE
100
AcDbPolyline
 90
4
 70
1
 10
5801.25
 20
-5679.68
 10
5953.28
 20
-5527.65
 10
5907.32
 20
-5481.6900000000005
 10
5755.29
 20
-5633.72
  0
LWPOLYLINE
  5
6D1
330
17
100
AcDbEntity
  8
P8_T01_WHOLE
100
AcDbPolyline
 90
4
 70
1
 10
5748.219999999999
 20
-5626.65
 10
5900.25
 20
-5474.62
 10
5854.28
 20
-5428.66
 10
5702.26
 20
-5580.68
  0
LWPOLYLINE
  5
6D2
330
17
100
AcDbEntity
  8
P8_T01_WHOLE
100
AcDbPolyline
 90
4
 70
1
 10
5695.19
 20
-5573.61
 10
5847.21
 20
-5421.58
 10
5801.25
 20
-5375.62
 10
5649.219999999999
 20
-5527.65
  0
LWPOLYLINE
  5
6D3
330
17
100
AcDbEntity
  8
P8_T01_WHOLE
100
AcDbPolyline
 90
4
 70
1
 10
5960.349999999999
 20
-5520.58
 10
6006.3099999999995
 20
-5474.62
 10
5854.28
 20
-5322.59
 10
5808.32
 20
-5368.55
  0
LWPOLYLINE
  5
6D4
330
17
100
AcDbEntity
  8
P8_T01_WHOLE
100
AcDbPolyline
 90
4
 70
1
 10
6013.38
 20
-5467.55
 10
6059.349999999999
 20
-5421.58
 10
5907.32
 20
-5269.5599999999995
 10
5861.36
 20
-5315.52
  0
LWPOLYLINE
  5
6D5
330
17
100
AcDbEntity
  8
P8_T01_WHOLE
100
AcDbPolyline
 90
4
 70
1
 10
6066.42
 20
-5414.51
 10
6112.38
 20
-5368.55
 10
5960.349999999999
 20
-5216.52
 10
5914.389999999999
 20
-5262.49
  0
LWPOLYLINE
  5
6D6
330
17
100
AcDbEntity
  8
P8_T01_WHOLE
100
AcDbPolyline
 90
4
 70
1
 10
6119.45
 20
-5361.48
 10
6271.48
 20
-5209.45
 10
6225.5199999999995
 20
-5163.49
 10
6073.49
 20
-5315.52
  0
LWPOLYLINE
  5
6D7
330
17
100
AcDbEntity
  8
P8_T01_WHOLE
100
AcDbPolyline
 90
4
 70
1
 10
6066.42
 20
-5308.45
 10
6218.44
 20
-5156.42
 10
6172.48
 20
-5110.46
 10
6020.46
 20
-5262.49
  0
LWPOLYLINE
  5
6D8
330
17
100
AcDbEntity
  8
P8_T01_WHOLE
100
AcDbPolyline
 90
4
 70
1
 10
6013.38
 20
-5255.41
 10
6165.41
 20
-5103.39
 10
6119.45
 20
-5057.42
 10
5967.42
 20
-5209.45
  0
LWPOLYLINE
  5
6D9
330
17
100
AcDbEntity
  8
P8_T04_CUT
100
AcDbPolyline
 90
4
 70
1
 10
6126.67
 20
-5050.5
 10
6278.55
 20
-5202.38
 10
6324.51
 20
-5156.42
 10
6218.59
 20
-5050.5
  0
LWPOLYLINE
  5
6DA
330
17
100
AcDbEntity
  8
P8_T03_CUT
100
AcDbPolyline
 90
4
 70
1
 10
6232.73
 20
-5050.5
 10
6331.58
 20
-5149.35
 10
6377.54
 20
-5103.39
 10
6324.66
 20
-5050.5
  0
LWPOLYLINE
  5
6DB
330
17
100
AcDbEntity
  8
P8_T02_CUT
100
AcDbPolyline
 90
3
 70
1
 10
6338.8
 20
-5050.5
 10
6384.62
 20
-5096.32
 10
6430.43
 20
-5050.5
  0
LWPOLYLINE
  5
6DC
330
17
100
AcDbEntity
  8
P8_T04_CUT
100
AcDbPolyline
 90
4
 70
1
 10
5483.2
 20
-5679.53
 10
5635.08
 20
-5527.65
 10
5589.12
 20
-5481.6900000000005
 10
5483.2
 20
-5587.61
  0
LWPOLYLINE
  5
6DD
330
17
100
AcDbEntity
  8
P8_T03_CUT
100
AcDbPolyline
 90
4
 70
1
 10
5483.2
 20
-5573.47
 10
5582.05
 20
-5474.62
 10
5536.09
 20
-5428.66
 10
5483.2
 20
-5481.54
  0
LWPOLYLINE
  5
6DE
330
17
100
AcDbEntity
  8
P8_T02_CUT
100
AcDbPolyline
 90
3
 70
1
 10
5483.2
 20
-5467.4
 10
5529.0199999999995
 20
-5421.58
 10
5483.2
 20
-5375.77
  0
LWPOLYLINE
  5
6DF
330
17
100
AcDbEntity
  8
P8_T01_WHOLE
100
AcDbPolyline
 90
4
 70
1
 10
5642.15
 20
-5520.58
 10
5688.11
 20
-5474.62
 10
5536.09
 20
-5322.59
 10
5490.12
 20
-5368.55
  0
LWPOLYLINE
  5
6E0
330
17
100
AcDbEntity
  8
P8_T01_WHOLE
100
AcDbPolyline
 90
4
 70
1
 10
5695.19
 20
-5467.55
 10
5741.15
 20
-5421.58
 10
5589.12
 20
-5269.5599999999995
 10
5543.16
 20
-5315.52
  0
LWPOLYLINE
  5
6E1
330
17
100
AcDbEntity
  8
P8_T01_WHOLE
100
AcDbPolyline
 90
4
 70
1
 10
5748.219999999999
 20
-5414.51
 10
5794.18
 20
-5368.55
 10
5642.15
 20
-5216.52
 10
5596.19
 20
-5262.49
  0
LWPOLYLINE
  5
6E2
330
17
100
AcDbEntity
  8
P8_T01_WHOLE
100
AcDbPolyline
 90
4
 70
1
 10
5801.25
 20
-5361.48
 10
5953.28
 20
-5209.45
 10
5907.32
 20
-5163.49
 10
5755.29
 20
-5315.52
  0
LWPOLYLINE
  5
6E3
330
17
100
AcDbEntity
  8
P8_T01_WHOLE
100
AcDbPolyline
 90
4
 70
1
 10
5748.219999999999
 20
-5308.45
 10
5900.25
 20
-5156.42
 10
5854.28
 20
-5110.46
 10
5702.26
 20
-5262.49
  0
LWPOLYLINE
  5
6E4
330
17
100
AcDbEntity
  8
P8_T01_WHOLE
100
AcDbPolyline
 90
4
 70
1
 10
5695.19
 20
-5255.41
 10
5847.21
 20
-5103.39
 10
5801.25
 20
-5057.42
 10
5649.219999999999
 20
-5209.45
  0
LWPOLYLINE
  5
6E5
330
17
100
AcDbEntity
  8
P8_T04_CUT
100
AcDbPolyline
 90
4
 70
1
 10
5808.469999999999
 20
-5050.5
 10
5960.349999999999
 20
-5202.38
 10
6006.3099999999995
 20
-5156.42
 10
5900.389999999999
 20
-5050.5
  0
LWPOLYLINE
  5
6E6
330
17
100
AcDbEntity
  8
P8_T03_CUT
100
AcDbPolyline
 90
4
 70
1
 10
5914.54
 20
-5050.5
 10
6013.38
 20
-5149.35
 10
6059.349999999999
 20
-5103.39
 10
6006.46
 20
-5050.5
  0
LWPOLYLINE
  5
6E7
330
17
100
AcDbEntity
  8
P8_T02_CUT
100
AcDbPolyline
 90
3
 70
1
 10
6020.599999999999
 20
-5050.5
 10
6066.42
 20
-5096.32
 10
6112.23
 20
-5050.5
  0
LWPOLYLINE
  5
6E8
330
17
100
AcDbEntity
  8
P8_T04_CUT
100
AcDbPolyline
 90
4
 70
1
 10
5483.2
 20
-5361.33
 10
5635.08
 20
-5209.45
 10
5589.12
 20
-5163.49
 10
5483.2
 20
-5269.41
  0
LWPOLYLINE
  5
6E9
330
17
100
AcDbEntity
  8
P8_T03_CUT
100
AcDbPolyline
 90
4
 70
1
 10
5483.2
 20
-5255.27
 10
5582.05
 20
-5156.42
 10
5536.09
 20
-5110.46
 10
5483.2
 20
-5163.34
  0
LWPOLYLINE
  5
6EA
330
17
100
AcDbEntity
  8
P8_T02_CUT
100
AcDbPolyline
 90
3
 70
1
 10
5483.2
 20
-5149.2
 10
5529.0199999999995
 20
-5103.39
 10
5483.2
 20
-5057.57
  0
LWPOLYLINE
  5
6EB
330
17
100
AcDbEntity
  8
P8_T04_CUT
100
AcDbPolyline
 90
4
 70
1
 10
5490.2699999999995
 20
-5050.5
 10
5642.15
 20
-5202.38
 10
5688.11
 20
-5156.42
 10
5582.19
 20
-5050.5
  0
LWPOLYLINE
  5
6EC
330
17
100
AcDbEntity
  8
P8_T03_CUT
100
AcDbPolyline
 90
4
 70
1
 10
5596.34
 20
-5050.5
 10
5695.19
 20
-5149.35
 10
5741.15
 20
-5103.39
 10
5688.26
 20
-5050.5
  0
LWPOLYLINE
  5
6ED
330
17
100
AcDbEntity
  8
P8_T02_CUT
100
AcDbPolyline
 90
3
 70
1
 10
5702.4
 20
-5050.5
 10
5748.219999999999
 20
-5096.32
 10
5794.03
 20
-5050.5
  0
DIMENSION
  5
6EE
330
17
100
AcDbEntity
  8
DIM
100
AcDbDimension
280
0
  2
*D15
  3
MM
 10
5333.2
 20
-4660.5
 30
0.0
 11
6119.45
 21
-4630.5
 31
0.0
 70
32
 71
5
  1
<>
100
AcDbAlignedDimension
 13
5333.2
 23
-4900.5
 33
0.0
 14
6905.7
 24
-4900.5
 34
0.0
 50
0.0
100
AcDbRotatedDimension
  0
DIMENSION
  5
6FD
330
17
100
AcDbEntity
  8
DIM
100
AcDbDimension
280
0
  2
*D16
  3
MM
 10
7145.7
 20
-6473.0
 30
0.0
 11
7115.7
 21
-5686.75
 31
0.0
 70
32
 71
5
  1
<>
100
AcDbAlignedDimension
 13
6905.7
 23
-6473.0
 33
0.0
 14
6905.7
 24
-4900.5
 34
0.0
 50
90.0
100
AcDbRotatedDimension
  0
TEXT
  5
70C
330
17
100
AcDbEntity
  8
TXT
100
AcDbText
 10
5333.2
 20
-4000.5
 30
0.0
 40
64.0
  1
8   45 度编织纹，外圈双层边框   Basketweave at 45 deg inside a two-slip border
  7
CN
 11
5333.2
 21
-4000.5
 31
0.0
100
AcDbText
  0
TEXT
  5
70D
330
17
100
AcDbEntity
  8
TXT
100
AcDbText
 10
5333.2
 20
-4130.5
 30
0.0
 40
40.0
  1
地面 Floor / 细面 Sleek
  7
CN
 11
5333.2
 21
-4130.5
 31
0.0
100
AcDbText
  0
TEXT
  5
70E
330
17
100
AcDbEntity
  8
TXT
100
AcDbText
 10
5333.2
 20
-4200.5
 30
0.0
 40
40.0
  1
板面 board 1572.5 x 1572.5 mm     灰缝 joint 10 mm     砖片 slip 215 x 65 x 20
  7
CN
 11
5333.2
 21
-4200.5
 31
0.0
100
AcDbText
  0
TEXT
  5
70F
330
17
100
AcDbEntity
  8
TXT
100
AcDbText
 10
5333.2
 20
-4270.5
 30
0.0
 40
40.0
  1
共 172 片 pieces:  整砖 120 whole,  标准件 0 standard,  切割件 52 cut
  7
CN
 11
5333.2
 21
-4270.5
 31
0.0
100
AcDbText
  0
TEXT
  5
710
330
17
100
AcDbEntity
  8
TXT
100
AcDbText
 10
5333.2
 20
-4340.5
 30
0.0
 40
40.0
  1
砖型 5 种 brick types,  其中 4 种需切割 need cutting
  7
CN
 11
5333.2
 21
-4340.5
 31
0.0
100
AcDbText
  0
TEXT
  5
711
330
17
100
AcDbEntity
  8
TXT
100
AcDbText
 10
7525.7
 20
-4900.5
 30
0.0
 40
42.0
  1
编号
  7
CN
 11
7525.7
 21
-4900.5
 31
0.0
100
AcDbText
  0
TEXT
  5
712
330
17
100
AcDbEntity
  8
TXT
100
AcDbText
 10
7745.7
 20
-4900.5
 30
0.0
 40
42.0
  1
数量
  7
CN
 11
7745.7
 21
-4900.5
 31
0.0
100
AcDbText
  0
TEXT
  5
713
330
17
100
AcDbEntity
  8
TXT
100
AcDbText
 10
7955.7
 20
-4900.5
 30
0.0
 40
42.0
  1
说明  DESCRIPTION
  7
CN
 11
7955.7
 21
-4900.5
 31
0.0
100
AcDbText
  0
LINE
  5
714
330
17
100
AcDbEntity
  8
TXT
100
AcDbLine
 10
7365.7
 20
-4934.5
 30
0.0
 11
9766.4
 21
-4934.5
 31
0.0
  0
LWPOLYLINE
  5
715
330
17
100
AcDbEntity
  8
P8_T01_WHOLE
100
AcDbPolyline
 90
4
 70
1
 10
7375.7
 20
-5040.5
 10
7485.7
 20
-5040.5
 10
7485.7
 20
-4978.5
 10
7375.7
 20
-4978.5
  0
TEXT
  5
716
330
17
100
AcDbEntity
  8
TXT
100
AcDbText
 10
7525.7
 20
-5040.5
 30
0.0
 40
38.0
  1
T01
  7
CN
 11
7525.7
 21
-5040.5
 31
0.0
100
AcDbText
  0
TEXT
  5
717
330
17
100
AcDbEntity
  8
TXT
100
AcDbText
 10
7745.7
 20
-5040.5
 30
0.0
 40
38.0
  1
120
  7
CN
 11
7745.7
 21
-5040.5
 31
0.0
100
AcDbText
  0
TEXT
  5
718
330
17
100
AcDbEntity
  8
TXT
100
AcDbText
 10
7955.7
 20
-5040.5
 30
0.0
 40
38.0
  1
整砖片 whole slip  215 x 65
  7
CN
 11
7955.7
 21
-5040.5
 31
0.0
100
AcDbText
  0
LWPOLYLINE
  5
719
330
17
100
AcDbEntity
  8
P8_T02_CUT
100
AcDbPolyline
 90
4
 70
1
 10
7375.7
 20
-5135.5
 10
7485.7
 20
-5135.5
 10
7485.7
 20
-5073.5
 10
7375.7
 20
-5073.5
  0
TEXT
  5
71A
330
17
100
AcDbEntity
  8
TXT
100
AcDbText
 10
7525.7
 20
-5135.5
 30
0.0
 40
38.0
  1
T02
  7
CN
 11
7525.7
 21
-5135.5
 31
0.0
100
AcDbText
  0
TEXT
  5
71B
330
17
100
AcDbEntity
  8
TXT
100
AcDbText
 10
7745.7
 20
-5135.5
 30
0.0
 40
38.0
  1
16
  7
CN
 11
7745.7
 21
-5135.5
 31
0.0
100
AcDbText
  0
TEXT
  5
71C
330
17
100
AcDbEntity
  8
TXT
100
AcDbText
 10
7955.7
 20
-5135.5
 30
0.0
 40
38.0
  1
切割件 cut, 3 边 sides  65/65/92 mm  (外接框 bbox 92 x 46, 2099 mm2)
  7
CN
 11
7955.7
 21
-5135.5
 31
0.0
100
AcDbText
  0
LWPOLYLINE
  5
71D
330
17
100
AcDbEntity
  8
P8_T03_CUT
100
AcDbPolyline
 90
4
 70
1
 10
7375.7
 20
-5230.5
 10
7485.7
 20
-5230.5
 10
7485.7
 20
-5168.5
 10
7375.7
 20
-5168.5
  0
TEXT
  5
71E
330
17
100
AcDbEntity
  8
TXT
100
AcDbText
 10
7525.7
 20
-5230.5
 30
0.0
 40
38.0
  1
T03
  7
CN
 11
7525.7
 21
-5230.5
 31
0.0
100
AcDbText
  0
TEXT
  5
71F
330
17
100
AcDbEntity
  8
TXT
100
AcDbText
 10
7745.7
 20
-5230.5
 30
0.0
 40
38.0
  1
16
  7
CN
 11
7745.7
 21
-5230.5
 31
0.0
100
AcDbText
  0
TEXT
  5
720
330
17
100
AcDbEntity
  8
TXT
100
AcDbText
 10
7955.7
 20
-5230.5
 30
0.0
 40
38.0
  1
切割件 cut, 4 边 sides  65/75/92/140 mm  (外接框 bbox 145 x 99, 6974 mm2)
  7
CN
 11
7955.7
 21
-5230.5
 31
0.0
100
AcDbText
  0
LWPOLYLINE
  5
721
330
17
100
AcDbEntity
  8
P8_T04_CUT
100
AcDbPolyline
 90
4
 70
1
 10
7375.7
 20
-5325.5
 10
7485.7
 20
-5325.5
 10
7485.7
 20
-5263.5
 10
7375.7
 20
-5263.5
  0
TEXT
  5
722
330
17
100
AcDbEntity
  8
TXT
100
AcDbText
 10
7525.7
 20
-5325.5
 30
0.0
 40
38.0
  1
T04
  7
CN
 11
7525.7
 21
-5325.5
 31
0.0
100
AcDbText
  0
TEXT
  5
723
330
17
100
AcDbEntity
  8
TXT
100
AcDbText
 10
7745.7
 20
-5325.5
 30
0.0
 40
38.0
  1
16
  7
CN
 11
7745.7
 21
-5325.5
 31
0.0
100
AcDbText
  0
TEXT
  5
724
330
17
100
AcDbEntity
  8
TXT
100
AcDbText
 10
7955.7
 20
-5325.5
 30
0.0
 40
38.0
  1
切割件 cut, 4 边 sides  65/92/150/215 mm  (外接框 bbox 198 x 152, 11848 mm2)
  7
CN
 11
7955.7
 21
-5325.5
 31
0.0
100
AcDbText
  0
LWPOLYLINE
  5
725
330
17
100
AcDbEntity
  8
P8_T05_CUT
100
AcDbPolyline
 90
4
 70
1
 10
7375.7
 20
-5420.5
 10
7485.7
 20
-5420.5
 10
7485.7
 20
-5358.5
 10
7375.7
 20
-5358.5
  0
TEXT
  5
726
330
17
100
AcDbEntity
  8
TXT
100
AcDbText
 10
7525.7
 20
-5420.5
 30
0.0
 40
38.0
  1
T05
  7
CN
 11
7525.7
 21
-5420.5
 31
0.0
100
AcDbText
  0
TEXT
  5
727
330
17
100
AcDbEntity
  8
TXT
100
AcDbText
 10
7745.7
 20
-5420.5
 30
0.0
 40
38.0
  1
4
  7
CN
 11
7745.7
 21
-5420.5
 31
0.0
100
AcDbText
  0
TEXT
  5
728
330
17
100
AcDbEntity
  8
TXT
100
AcDbText
 10
7955.7
 20
-5420.5
 30
0.0
 40
38.0
  1
切割件 cut, 4 边 sides  147.5 x 65 mm  (外接框 bbox 148 x 65, 9588 mm2)
  7
CN
 11
7955.7
 21
-5420.5
 31
0.0
100
AcDbText
  0
LWPOLYLINE
  5
729
330
17
100
AcDbEntity
  8
PANEL
370
50
100
AcDbPolyline
 90
4
 70
1
 10
10666.4
 20
-6473.0
 10
12189.4
 20
-6473.0
 10
12189.4
 20
-4980.0
 10
10666.4
 20
-4980.0
  0
LWPOLYLINE
  5
72B
330
17
100
AcDbEntity
  8
P9_T01_WHOLE
100
AcDbPolyline
 90
4
 70
1
 10
10666.4
 20
-6473.0
 10
10881.4
 20
-6473.0
 10
10881.4
 20
-6408.0
 10
10666.4
 20
-6408.0
  0
LWPOLYLINE
  5
72C
330
17
100
AcDbEntity
  8
P9_T01_WHOLE
100
AcDbPolyline
 90
4
 70
1
 10
10884.4
 20
-6473.0
 10
11099.4
 20
-6473.0
 10
11099.4
 20
-6408.0
 10
10884.4
 20
-6408.0
  0
LWPOLYLINE
  5
72D
330
17
100
AcDbEntity
  8
P9_T01_WHOLE
100
AcDbPolyline
 90
4
 70
1
 10
11102.4
 20
-6473.0
 10
11317.4
 20
-6473.0
 10
11317.4
 20
-6408.0
 10
11102.4
 20
-6408.0
  0
LWPOLYLINE
  5
72E
330
17
100
AcDbEntity
  8
P9_T01_WHOLE
100
AcDbPolyline
 90
4
 70
1
 10
11320.4
 20
-6473.0
 10
11535.4
 20
-6473.0
 10
11535.4
 20
-6408.0
 10
11320.4
 20
-6408.0
  0
LWPOLYLINE
  5
72F
330
17
100
AcDbEntity
  8
P9_T01_WHOLE
100
AcDbPolyline
 90
4
 70
1
 10
11538.4
 20
-6473.0
 10
11753.4
 20
-6473.0
 10
11753.4
 20
-6408.0
 10
11538.4
 20
-6408.0
  0
LWPOLYLINE
  5
730
330
17
100
AcDbEntity
  8
P9_T01_WHOLE
100
AcDbPolyline
 90
4
 70
1
 10
11756.4
 20
-6473.0
 10
11971.4
 20
-6473.0
 10
11971.4
 20
-6408.0
 10
11756.4
 20
-6408.0
  0
LWPOLYLINE
  5
731
330
17
100
AcDbEntity
  8
P9_T01_WHOLE
100
AcDbPolyline
 90
4
 70
1
 10
11974.4
 20
-6473.0
 10
12189.4
 20
-6473.0
 10
12189.4
 20
-6408.0
 10
11974.4
 20
-6408.0
  0
LWPOLYLINE
  5
732
330
17
100
AcDbEntity
  8
P9_T01_WHOLE
100
AcDbPolyline
 90
4
 70
1
 10
10666.4
 20
-6405.0
 10
10881.4
 20
-6405.0
 10
10881.4
 20
-6340.0
 10
10666.4
 20
-6340.0
  0
LWPOLYLINE
  5
733
330
17
100
AcDbEntity
  8
P9_T01_WHOLE
100
AcDbPolyline
 90
4
 70
1
 10
10884.4
 20
-6405.0
 10
11099.4
 20
-6405.0
 10
11099.4
 20
-6340.0
 10
10884.4
 20
-6340.0
  0
LWPOLYLINE
  5
734
330
17
100
AcDbEntity
  8
P9_T01_WHOLE
100
AcDbPolyline
 90
4
 70
1
 10
11102.4
 20
-6405.0
 10
11317.4
 20
-6405.0
 10
11317.4
 20
-6340.0
 10
11102.4
 20
-6340.0
  0
LWPOLYLINE
  5
735
330
17
100
AcDbEntity
  8
P9_T01_WHOLE
100
AcDbPolyline
 90
4
 70
1
 10
11320.4
 20
-6405.0
 10
11535.4
 20
-6405.0
 10
11535.4
 20
-6340.0
 10
11320.4
 20
-6340.0
  0
LWPOLYLINE
  5
736
330
17
100
AcDbEntity
  8
P9_T01_WHOLE
100
AcDbPolyline
 90
4
 70
1
 10
11538.4
 20
-6405.0
 10
11753.4
 20
-6405.0
 10
11753.4
 20
-6340.0
 10
11538.4
 20
-6340.0
  0
LWPOLYLINE
  5
737
330
17
100
AcDbEntity
  8
P9_T01_WHOLE
100
AcDbPolyline
 90
4
 70
1
 10
11756.4
 20
-6405.0
 10
11971.4
 20
-6405.0
 10
11971.4
 20
-6340.0
 10
11756.4
 20
-6340.0
  0
LWPOLYLINE
  5
738
330
17
100
AcDbEntity
  8
P9_T01_WHOLE
100
AcDbPolyline
 90
4
 70
1
 10
11974.4
 20
-6405.0
 10
12189.4
 20
-6405.0
 10
12189.4
 20
-6340.0
 10
11974.4
 20
-6340.0
  0
LWPOLYLINE
  5
739
330
17
100
AcDbEntity
  8
P9_T01_WHOLE
100
AcDbPolyline
 90
4
 70
1
 10
10666.4
 20
-6337.0
 10
10881.4
 20
-6337.0
 10
10881.4
 20
-6272.0
 10
10666.4
 20
-6272.0
  0
LWPOLYLINE
  5
73A
330
17
100
AcDbEntity
  8
P9_T01_WHOLE
100
AcDbPolyline
 90
4
 70
1
 10
10884.4
 20
-6337.0
 10
11099.4
 20
-6337.0
 10
11099.4
 20
-6272.0
 10
10884.4
 20
-6272.0
  0
LWPOLYLINE
  5
73B
330
17
100
AcDbEntity
  8
P9_T01_WHOLE
100
AcDbPolyline
 90
4
 70
1
 10
11102.4
 20
-6337.0
 10
11317.4
 20
-6337.0
 10
11317.4
 20
-6272.0
 10
11102.4
 20
-6272.0
  0
LWPOLYLINE
  5
73C
330
17
100
AcDbEntity
  8
P9_T01_WHOLE
100
AcDbPolyline
 90
4
 70
1
 10
11320.4
 20
-6337.0
 10
11535.4
 20
-6337.0
 10
11535.4
 20
-6272.0
 10
11320.4
 20
-6272.0
  0
LWPOLYLINE
  5
73D
330
17
100
AcDbEntity
  8
P9_T01_WHOLE
100
AcDbPolyline
 90
4
 70
1
 10
11538.4
 20
-6337.0
 10
11753.4
 20
-6337.0
 10
11753.4
 20
-6272.0
 10
11538.4
 20
-6272.0
  0
LWPOLYLINE
  5
73E
330
17
100
AcDbEntity
  8
P9_T01_WHOLE
100
AcDbPolyline
 90
4
 70
1
 10
11756.4
 20
-6337.0
 10
11971.4
 20
-6337.0
 10
11971.4
 20
-6272.0
 10
11756.4
 20
-6272.0
  0
LWPOLYLINE
  5
73F
330
17
100
AcDbEntity
  8
P9_T01_WHOLE
100
AcDbPolyline
 90
4
 70
1
 10
11974.4
 20
-6337.0
 10
12189.4
 20
-6337.0
 10
12189.4
 20
-6272.0
 10
11974.4
 20
-6272.0
  0
LWPOLYLINE
  5
740
330
17
100
AcDbEntity
  8
P9_T01_WHOLE
100
AcDbPolyline
 90
4
 70
1
 10
10666.4
 20
-6269.0
 10
10881.4
 20
-6269.0
 10
10881.4
 20
-6204.0
 10
10666.4
 20
-6204.0
  0
LWPOLYLINE
  5
741
330
17
100
AcDbEntity
  8
P9_T01_WHOLE
100
AcDbPolyline
 90
4
 70
1
 10
10884.4
 20
-6269.0
 10
11099.4
 20
-6269.0
 10
11099.4
 20
-6204.0
 10
10884.4
 20
-6204.0
  0
LWPOLYLINE
  5
742
330
17
100
AcDbEntity
  8
P9_T01_WHOLE
100
AcDbPolyline
 90
4
 70
1
 10
11102.4
 20
-6269.0
 10
11317.4
 20
-6269.0
 10
11317.4
 20
-6204.0
 10
11102.4
 20
-6204.0
  0
LWPOLYLINE
  5
743
330
17
100
AcDbEntity
  8
P9_T01_WHOLE
100
AcDbPolyline
 90
4
 70
1
 10
11320.4
 20
-6269.0
 10
11535.4
 20
-6269.0
 10
11535.4
 20
-6204.0
 10
11320.4
 20
-6204.0
  0
LWPOLYLINE
  5
744
330
17
100
AcDbEntity
  8
P9_T01_WHOLE
100
AcDbPolyline
 90
4
 70
1
 10
11538.4
 20
-6269.0
 10
11753.4
 20
-6269.0
 10
11753.4
 20
-6204.0
 10
11538.4
 20
-6204.0
  0
LWPOLYLINE
  5
745
330
17
100
AcDbEntity
  8
P9_T01_WHOLE
100
AcDbPolyline
 90
4
 70
1
 10
11756.4
 20
-6269.0
 10
11971.4
 20
-6269.0
 10
11971.4
 20
-6204.0
 10
11756.4
 20
-6204.0
  0
LWPOLYLINE
  5
746
330
17
100
AcDbEntity
  8
P9_T01_WHOLE
100
AcDbPolyline
 90
4
 70
1
 10
11974.4
 20
-6269.0
 10
12189.4
 20
-6269.0
 10
12189.4
 20
-6204.0
 10
11974.4
 20
-6204.0
  0
LWPOLYLINE
  5
747
330
17
100
AcDbEntity
  8
P9_T01_WHOLE
100
AcDbPolyline
 90
4
 70
1
 10
10666.4
 20
-6201.0
 10
10881.4
 20
-6201.0
 10
10881.4
 20
-6136.0
 10
10666.4
 20
-6136.0
  0
LWPOLYLINE
  5
748
330
17
100
AcDbEntity
  8
P9_T01_WHOLE
100
AcDbPolyline
 90
4
 70
1
 10
10884.4
 20
-6201.0
 10
11099.4
 20
-6201.0
 10
11099.4
 20
-6136.0
 10
10884.4
 20
-6136.0
  0
LWPOLYLINE
  5
749
330
17
100
AcDbEntity
  8
P9_T01_WHOLE
100
AcDbPolyline
 90
4
 70
1
 10
11102.4
 20
-6201.0
 10
11317.4
 20
-6201.0
 10
11317.4
 20
-6136.0
 10
11102.4
 20
-6136.0
  0
LWPOLYLINE
  5
74A
330
17
100
AcDbEntity
  8
P9_T01_WHOLE
100
AcDbPolyline
 90
4
 70
1
 10
11320.4
 20
-6201.0
 10
11535.4
 20
-6201.0
 10
11535.4
 20
-6136.0
 10
11320.4
 20
-6136.0
  0
LWPOLYLINE
  5
74B
330
17
100
AcDbEntity
  8
P9_T01_WHOLE
100
AcDbPolyline
 90
4
 70
1
 10
11538.4
 20
-6201.0
 10
11753.4
 20
-6201.0
 10
11753.4
 20
-6136.0
 10
11538.4
 20
-6136.0
  0
LWPOLYLINE
  5
74C
330
17
100
AcDbEntity
  8
P9_T01_WHOLE
100
AcDbPolyline
 90
4
 70
1
 10
11756.4
 20
-6201.0
 10
11971.4
 20
-6201.0
 10
11971.4
 20
-6136.0
 10
11756.4
 20
-6136.0
  0
LWPOLYLINE
  5
74D
330
17
100
AcDbEntity
  8
P9_T01_WHOLE
100
AcDbPolyline
 90
4
 70
1
 10
11974.4
 20
-6201.0
 10
12189.4
 20
-6201.0
 10
12189.4
 20
-6136.0
 10
11974.4
 20
-6136.0
  0
LWPOLYLINE
  5
74E
330
17
100
AcDbEntity
  8
P9_T01_WHOLE
100
AcDbPolyline
 90
4
 70
1
 10
10666.4
 20
-6133.0
 10
10881.4
 20
-6133.0
 10
10881.4
 20
-6068.0
 10
10666.4
 20
-6068.0
  0
LWPOLYLINE
  5
74F
330
17
100
AcDbEntity
  8
P9_T01_WHOLE
100
AcDbPolyline
 90
4
 70
1
 10
10884.4
 20
-6133.0
 10
11099.4
 20
-6133.0
 10
11099.4
 20
-6068.0
 10
10884.4
 20
-6068.0
  0
LWPOLYLINE
  5
750
330
17
100
AcDbEntity
  8
P9_T01_WHOLE
100
AcDbPolyline
 90
4
 70
1
 10
11102.4
 20
-6133.0
 10
11317.4
 20
-6133.0
 10
11317.4
 20
-6068.0
 10
11102.4
 20
-6068.0
  0
LWPOLYLINE
  5
751
330
17
100
AcDbEntity
  8
P9_T01_WHOLE
100
AcDbPolyline
 90
4
 70
1
 10
11320.4
 20
-6133.0
 10
11535.4
 20
-6133.0
 10
11535.4
 20
-6068.0
 10
11320.4
 20
-6068.0
  0
LWPOLYLINE
  5
752
330
17
100
AcDbEntity
  8
P9_T01_WHOLE
100
AcDbPolyline
 90
4
 70
1
 10
11538.4
 20
-6133.0
 10
11753.4
 20
-6133.0
 10
11753.4
 20
-6068.0
 10
11538.4
 20
-6068.0
  0
LWPOLYLINE
  5
753
330
17
100
AcDbEntity
  8
P9_T01_WHOLE
100
AcDbPolyline
 90
4
 70
1
 10
11756.4
 20
-6133.0
 10
11971.4
 20
-6133.0
 10
11971.4
 20
-6068.0
 10
11756.4
 20
-6068.0
  0
LWPOLYLINE
  5
754
330
17
100
AcDbEntity
  8
P9_T01_WHOLE
100
AcDbPolyline
 90
4
 70
1
 10
11974.4
 20
-6133.0
 10
12189.4
 20
-6133.0
 10
12189.4
 20
-6068.0
 10
11974.4
 20
-6068.0
  0
LWPOLYLINE
  5
755
330
17
100
AcDbEntity
  8
P9_T01_WHOLE
100
AcDbPolyline
 90
4
 70
1
 10
10666.4
 20
-6065.0
 10
10881.4
 20
-6065.0
 10
10881.4
 20
-6000.0
 10
10666.4
 20
-6000.0
  0
LWPOLYLINE
  5
756
330
17
100
AcDbEntity
  8
P9_T01_WHOLE
100
AcDbPolyline
 90
4
 70
1
 10
10884.4
 20
-6065.0
 10
11099.4
 20
-6065.0
 10
11099.4
 20
-6000.0
 10
10884.4
 20
-6000.0
  0
LWPOLYLINE
  5
757
330
17
100
AcDbEntity
  8
P9_T01_WHOLE
100
AcDbPolyline
 90
4
 70
1
 10
11102.4
 20
-6065.0
 10
11317.4
 20
-6065.0
 10
11317.4
 20
-6000.0
 10
11102.4
 20
-6000.0
  0
LWPOLYLINE
  5
758
330
17
100
AcDbEntity
  8
P9_T01_WHOLE
100
AcDbPolyline
 90
4
 70
1
 10
11320.4
 20
-6065.0
 10
11535.4
 20
-6065.0
 10
11535.4
 20
-6000.0
 10
11320.4
 20
-6000.0
  0
LWPOLYLINE
  5
759
330
17
100
AcDbEntity
  8
P9_T01_WHOLE
100
AcDbPolyline
 90
4
 70
1
 10
11538.4
 20
-6065.0
 10
11753.4
 20
-6065.0
 10
11753.4
 20
-6000.0
 10
11538.4
 20
-6000.0
  0
LWPOLYLINE
  5
75A
330
17
100
AcDbEntity
  8
P9_T01_WHOLE
100
AcDbPolyline
 90
4
 70
1
 10
11756.4
 20
-6065.0
 10
11971.4
 20
-6065.0
 10
11971.4
 20
-6000.0
 10
11756.4
 20
-6000.0
  0
LWPOLYLINE
  5
75B
330
17
100
AcDbEntity
  8
P9_T01_WHOLE
100
AcDbPolyline
 90
4
 70
1
 10
11974.4
 20
-6065.0
 10
12189.4
 20
-6065.0
 10
12189.4
 20
-6000.0
 10
11974.4
 20
-6000.0
  0
LWPOLYLINE
  5
75C
330
17
100
AcDbEntity
  8
P9_T01_WHOLE
100
AcDbPolyline
 90
4
 70
1
 10
10666.4
 20
-5997.0
 10
10881.4
 20
-5997.0
 10
10881.4
 20
-5932.0
 10
10666.4
 20
-5932.0
  0
LWPOLYLINE
  5
75D
330
17
100
AcDbEntity
  8
P9_T01_WHOLE
100
AcDbPolyline
 90
4
 70
1
 10
10884.4
 20
-5997.0
 10
11099.4
 20
-5997.0
 10
11099.4
 20
-5932.0
 10
10884.4
 20
-5932.0
  0
LWPOLYLINE
  5
75E
330
17
100
AcDbEntity
  8
P9_T01_WHOLE
100
AcDbPolyline
 90
4
 70
1
 10
11102.4
 20
-5997.0
 10
11317.4
 20
-5997.0
 10
11317.4
 20
-5932.0
 10
11102.4
 20
-5932.0
  0
LWPOLYLINE
  5
75F
330
17
100
AcDbEntity
  8
P9_T01_WHOLE
100
AcDbPolyline
 90
4
 70
1
 10
11320.4
 20
-5997.0
 10
11535.4
 20
-5997.0
 10
11535.4
 20
-5932.0
 10
11320.4
 20
-5932.0
  0
LWPOLYLINE
  5
760
330
17
100
AcDbEntity
  8
P9_T01_WHOLE
100
AcDbPolyline
 90
4
 70
1
 10
11538.4
 20
-5997.0
 10
11753.4
 20
-5997.0
 10
11753.4
 20
-5932.0
 10
11538.4
 20
-5932.0
  0
LWPOLYLINE
  5
761
330
17
100
AcDbEntity
  8
P9_T01_WHOLE
100
AcDbPolyline
 90
4
 70
1
 10
11756.4
 20
-5997.0
 10
11971.4
 20
-5997.0
 10
11971.4
 20
-5932.0
 10
11756.4
 20
-5932.0
  0
LWPOLYLINE
  5
762
330
17
100
AcDbEntity
  8
P9_T01_WHOLE
100
AcDbPolyline
 90
4
 70
1
 10
11974.4
 20
-5997.0
 10
12189.4
 20
-5997.0
 10
12189.4
 20
-5932.0
 10
11974.4
 20
-5932.0
  0
LWPOLYLINE
  5
763
330
17
100
AcDbEntity
  8
P9_T01_WHOLE
100
AcDbPolyline
 90
4
 70
1
 10
10666.4
 20
-5929.0
 10
10881.4
 20
-5929.0
 10
10881.4
 20
-5864.0
 10
10666.4
 20
-5864.0
  0
LWPOLYLINE
  5
764
330
17
100
AcDbEntity
  8
P9_T01_WHOLE
100
AcDbPolyline
 90
4
 70
1
 10
10884.4
 20
-5929.0
 10
11099.4
 20
-5929.0
 10
11099.4
 20
-5864.0
 10
10884.4
 20
-5864.0
  0
LWPOLYLINE
  5
765
330
17
100
AcDbEntity
  8
P9_T01_WHOLE
100
AcDbPolyline
 90
4
 70
1
 10
11102.4
 20
-5929.0
 10
11317.4
 20
-5929.0
 10
11317.4
 20
-5864.0
 10
11102.4
 20
-5864.0
  0
LWPOLYLINE
  5
766
330
17
100
AcDbEntity
  8
P9_T01_WHOLE
100
AcDbPolyline
 90
4
 70
1
 10
11320.4
 20
-5929.0
 10
11535.4
 20
-5929.0
 10
11535.4
 20
-5864.0
 10
11320.4
 20
-5864.0
  0
LWPOLYLINE
  5
767
330
17
100
AcDbEntity
  8
P9_T01_WHOLE
100
AcDbPolyline
 90
4
 70
1
 10
11538.4
 20
-5929.0
 10
11753.4
 20
-5929.0
 10
11753.4
 20
-5864.0
 10
11538.4
 20
-5864.0
  0
LWPOLYLINE
  5
768
330
17
100
AcDbEntity
  8
P9_T01_WHOLE
100
AcDbPolyline
 90
4
 70
1
 10
11756.4
 20
-5929.0
 10
11971.4
 20
-5929.0
 10
11971.4
 20
-5864.0
 10
11756.4
 20
-5864.0
  0
LWPOLYLINE
  5
769
330
17
100
AcDbEntity
  8
P9_T01_WHOLE
100
AcDbPolyline
 90
4
 70
1
 10
11974.4
 20
-5929.0
 10
12189.4
 20
-5929.0
 10
12189.4
 20
-5864.0
 10
11974.4
 20
-5864.0
  0
LWPOLYLINE
  5
76A
330
17
100
AcDbEntity
  8
P9_T01_WHOLE
100
AcDbPolyline
 90
4
 70
1
 10
10666.4
 20
-5861.0
 10
10881.4
 20
-5861.0
 10
10881.4
 20
-5796.0
 10
10666.4
 20
-5796.0
  0
LWPOLYLINE
  5
76B
330
17
100
AcDbEntity
  8
P9_T01_WHOLE
100
AcDbPolyline
 90
4
 70
1
 10
10884.4
 20
-5861.0
 10
11099.4
 20
-5861.0
 10
11099.4
 20
-5796.0
 10
10884.4
 20
-5796.0
  0
LWPOLYLINE
  5
76C
330
17
100
AcDbEntity
  8
P9_T01_WHOLE
100
AcDbPolyline
 90
4
 70
1
 10
11102.4
 20
-5861.0
 10
11317.4
 20
-5861.0
 10
11317.4
 20
-5796.0
 10
11102.4
 20
-5796.0
  0
LWPOLYLINE
  5
76D
330
17
100
AcDbEntity
  8
P9_T01_WHOLE
100
AcDbPolyline
 90
4
 70
1
 10
11320.4
 20
-5861.0
 10
11535.4
 20
-5861.0
 10
11535.4
 20
-5796.0
 10
11320.4
 20
-5796.0
  0
LWPOLYLINE
  5
76E
330
17
100
AcDbEntity
  8
P9_T01_WHOLE
100
AcDbPolyline
 90
4
 70
1
 10
11538.4
 20
-5861.0
 10
11753.4
 20
-5861.0
 10
11753.4
 20
-5796.0
 10
11538.4
 20
-5796.0
  0
LWPOLYLINE
  5
76F
330
17
100
AcDbEntity
  8
P9_T01_WHOLE
100
AcDbPolyline
 90
4
 70
1
 10
11756.4
 20
-5861.0
 10
11971.4
 20
-5861.0
 10
11971.4
 20
-5796.0
 10
11756.4
 20
-5796.0
  0
LWPOLYLINE
  5
770
330
17
100
AcDbEntity
  8
P9_T01_WHOLE
100
AcDbPolyline
 90
4
 70
1
 10
11974.4
 20
-5861.0
 10
12189.4
 20
-5861.0
 10
12189.4
 20
-5796.0
 10
11974.4
 20
-5796.0
  0
LWPOLYLINE
  5
771
330
17
100
AcDbEntity
  8
P9_T01_WHOLE
100
AcDbPolyline
 90
4
 70
1
 10
10666.4
 20
-5793.0
 10
10881.4
 20
-5793.0
 10
10881.4
 20
-5728.0
 10
10666.4
 20
-5728.0
  0
LWPOLYLINE
  5
772
330
17
100
AcDbEntity
  8
P9_T01_WHOLE
100
AcDbPolyline
 90
4
 70
1
 10
10884.4
 20
-5793.0
 10
11099.4
 20
-5793.0
 10
11099.4
 20
-5728.0
 10
10884.4
 20
-5728.0
  0
LWPOLYLINE
  5
773
330
17
100
AcDbEntity
  8
P9_T01_WHOLE
100
AcDbPolyline
 90
4
 70
1
 10
11102.4
 20
-5793.0
 10
11317.4
 20
-5793.0
 10
11317.4
 20
-5728.0
 10
11102.4
 20
-5728.0
  0
LWPOLYLINE
  5
774
330
17
100
AcDbEntity
  8
P9_T01_WHOLE
100
AcDbPolyline
 90
4
 70
1
 10
11320.4
 20
-5793.0
 10
11535.4
 20
-5793.0
 10
11535.4
 20
-5728.0
 10
11320.4
 20
-5728.0
  0
LWPOLYLINE
  5
775
330
17
100
AcDbEntity
  8
P9_T01_WHOLE
100
AcDbPolyline
 90
4
 70
1
 10
11538.4
 20
-5793.0
 10
11753.4
 20
-5793.0
 10
11753.4
 20
-5728.0
 10
11538.4
 20
-5728.0
  0
LWPOLYLINE
  5
776
330
17
100
AcDbEntity
  8
P9_T01_WHOLE
100
AcDbPolyline
 90
4
 70
1
 10
11756.4
 20
-5793.0
 10
11971.4
 20
-5793.0
 10
11971.4
 20
-5728.0
 10
11756.4
 20
-5728.0
  0
LWPOLYLINE
  5
777
330
17
100
AcDbEntity
  8
P9_T01_WHOLE
100
AcDbPolyline
 90
4
 70
1
 10
11974.4
 20
-5793.0
 10
12189.4
 20
-5793.0
 10
12189.4
 20
-5728.0
 10
11974.4
 20
-5728.0
  0
LWPOLYLINE
  5
778
330
17
100
AcDbEntity
  8
P9_T01_WHOLE
100
AcDbPolyline
 90
4
 70
1
 10
10666.4
 20
-5725.0
 10
10881.4
 20
-5725.0
 10
10881.4
 20
-5660.0
 10
10666.4
 20
-5660.0
  0
LWPOLYLINE
  5
779
330
17
100
AcDbEntity
  8
P9_T01_WHOLE
100
AcDbPolyline
 90
4
 70
1
 10
10884.4
 20
-5725.0
 10
11099.4
 20
-5725.0
 10
11099.4
 20
-5660.0
 10
10884.4
 20
-5660.0
  0
LWPOLYLINE
  5
77A
330
17
100
AcDbEntity
  8
P9_T01_WHOLE
100
AcDbPolyline
 90
4
 70
1
 10
11102.4
 20
-5725.0
 10
11317.4
 20
-5725.0
 10
11317.4
 20
-5660.0
 10
11102.4
 20
-5660.0
  0
LWPOLYLINE
  5
77B
330
17
100
AcDbEntity
  8
P9_T01_WHOLE
100
AcDbPolyline
 90
4
 70
1
 10
11320.4
 20
-5725.0
 10
11535.4
 20
-5725.0
 10
11535.4
 20
-5660.0
 10
11320.4
 20
-5660.0
  0
LWPOLYLINE
  5
77C
330
17
100
AcDbEntity
  8
P9_T01_WHOLE
100
AcDbPolyline
 90
4
 70
1
 10
11538.4
 20
-5725.0
 10
11753.4
 20
-5725.0
 10
11753.4
 20
-5660.0
 10
11538.4
 20
-5660.0
  0
LWPOLYLINE
  5
77D
330
17
100
AcDbEntity
  8
P9_T01_WHOLE
100
AcDbPolyline
 90
4
 70
1
 10
11756.4
 20
-5725.0
 10
11971.4
 20
-5725.0
 10
11971.4
 20
-5660.0
 10
11756.4
 20
-5660.0
  0
LWPOLYLINE
  5
77E
330
17
100
AcDbEntity
  8
P9_T01_WHOLE
100
AcDbPolyline
 90
4
 70
1
 10
11974.4
 20
-5725.0
 10
12189.4
 20
-5725.0
 10
12189.4
 20
-5660.0
 10
11974.4
 20
-5660.0
  0
LWPOLYLINE
  5
77F
330
17
100
AcDbEntity
  8
P9_T01_WHOLE
100
AcDbPolyline
 90
4
 70
1
 10
10666.4
 20
-5657.0
 10
10881.4
 20
-5657.0
 10
10881.4
 20
-5592.0
 10
10666.4
 20
-5592.0
  0
LWPOLYLINE
  5
780
330
17
100
AcDbEntity
  8
P9_T01_WHOLE
100
AcDbPolyline
 90
4
 70
1
 10
10884.4
 20
-5657.0
 10
11099.4
 20
-5657.0
 10
11099.4
 20
-5592.0
 10
10884.4
 20
-5592.0
  0
LWPOLYLINE
  5
781
330
17
100
AcDbEntity
  8
P9_T01_WHOLE
100
AcDbPolyline
 90
4
 70
1
 10
11102.4
 20
-5657.0
 10
11317.4
 20
-5657.0
 10
11317.4
 20
-5592.0
 10
11102.4
 20
-5592.0
  0
LWPOLYLINE
  5
782
330
17
100
AcDbEntity
  8
P9_T01_WHOLE
100
AcDbPolyline
 90
4
 70
1
 10
11320.4
 20
-5657.0
 10
11535.4
 20
-5657.0
 10
11535.4
 20
-5592.0
 10
11320.4
 20
-5592.0
  0
LWPOLYLINE
  5
783
330
17
100
AcDbEntity
  8
P9_T01_WHOLE
100
AcDbPolyline
 90
4
 70
1
 10
11538.4
 20
-5657.0
 10
11753.4
 20
-5657.0
 10
11753.4
 20
-5592.0
 10
11538.4
 20
-5592.0
  0
LWPOLYLINE
  5
784
330
17
100
AcDbEntity
  8
P9_T01_WHOLE
100
AcDbPolyline
 90
4
 70
1
 10
11756.4
 20
-5657.0
 10
11971.4
 20
-5657.0
 10
11971.4
 20
-5592.0
 10
11756.4
 20
-5592.0
  0
LWPOLYLINE
  5
785
330
17
100
AcDbEntity
  8
P9_T01_WHOLE
100
AcDbPolyline
 90
4
 70
1
 10
11974.4
 20
-5657.0
 10
12189.4
 20
-5657.0
 10
12189.4
 20
-5592.0
 10
11974.4
 20
-5592.0
  0
LWPOLYLINE
  5
786
330
17
100
AcDbEntity
  8
P9_T01_WHOLE
100
AcDbPolyline
 90
4
 70
1
 10
10666.4
 20
-5589.0
 10
10881.4
 20
-5589.0
 10
10881.4
 20
-5524.0
 10
10666.4
 20
-5524.0
  0
LWPOLYLINE
  5
787
330
17
100
AcDbEntity
  8
P9_T01_WHOLE
100
AcDbPolyline
 90
4
 70
1
 10
10884.4
 20
-5589.0
 10
11099.4
 20
-5589.0
 10
11099.4
 20
-5524.0
 10
10884.4
 20
-5524.0
  0
LWPOLYLINE
  5
788
330
17
100
AcDbEntity
  8
P9_T01_WHOLE
100
AcDbPolyline
 90
4
 70
1
 10
11102.4
 20
-5589.0
 10
11317.4
 20
-5589.0
 10
11317.4
 20
-5524.0
 10
11102.4
 20
-5524.0
  0
LWPOLYLINE
  5
789
330
17
100
AcDbEntity
  8
P9_T01_WHOLE
100
AcDbPolyline
 90
4
 70
1
 10
11320.4
 20
-5589.0
 10
11535.4
 20
-5589.0
 10
11535.4
 20
-5524.0
 10
11320.4
 20
-5524.0
  0
LWPOLYLINE
  5
78A
330
17
100
AcDbEntity
  8
P9_T01_WHOLE
100
AcDbPolyline
 90
4
 70
1
 10
11538.4
 20
-5589.0
 10
11753.4
 20
-5589.0
 10
11753.4
 20
-5524.0
 10
11538.4
 20
-5524.0
  0
LWPOLYLINE
  5
78B
330
17
100
AcDbEntity
  8
P9_T01_WHOLE
100
AcDbPolyline
 90
4
 70
1
 10
11756.4
 20
-5589.0
 10
11971.4
 20
-5589.0
 10
11971.4
 20
-5524.0
 10
11756.4
 20
-5524.0
  0
LWPOLYLINE
  5
78C
330
17
100
AcDbEntity
  8
P9_T01_WHOLE
100
AcDbPolyline
 90
4
 70
1
 10
11974.4
 20
-5589.0
 10
12189.4
 20
-5589.0
 10
12189.4
 20
-5524.0
 10
11974.4
 20
-5524.0
  0
LWPOLYLINE
  5
78D
330
17
100
AcDbEntity
  8
P9_T01_WHOLE
100
AcDbPolyline
 90
4
 70
1
 10
10666.4
 20
-5521.0
 10
10881.4
 20
-5521.0
 10
10881.4
 20
-5456.0
 10
10666.4
 20
-5456.0
  0
LWPOLYLINE
  5
78E
330
17
100
AcDbEntity
  8
P9_T01_WHOLE
100
AcDbPolyline
 90
4
 70
1
 10
10884.4
 20
-5521.0
 10
11099.4
 20
-5521.0
 10
11099.4
 20
-5456.0
 10
10884.4
 20
-5456.0
  0
LWPOLYLINE
  5
78F
330
17
100
AcDbEntity
  8
P9_T01_WHOLE
100
AcDbPolyline
 90
4
 70
1
 10
11102.4
 20
-5521.0
 10
11317.4
 20
-5521.0
 10
11317.4
 20
-5456.0
 10
11102.4
 20
-5456.0
  0
LWPOLYLINE
  5
790
330
17
100
AcDbEntity
  8
P9_T01_WHOLE
100
AcDbPolyline
 90
4
 70
1
 10
11320.4
 20
-5521.0
 10
11535.4
 20
-5521.0
 10
11535.4
 20
-5456.0
 10
11320.4
 20
-5456.0
  0
LWPOLYLINE
  5
791
330
17
100
AcDbEntity
  8
P9_T01_WHOLE
100
AcDbPolyline
 90
4
 70
1
 10
11538.4
 20
-5521.0
 10
11753.4
 20
-5521.0
 10
11753.4
 20
-5456.0
 10
11538.4
 20
-5456.0
  0
LWPOLYLINE
  5
792
330
17
100
AcDbEntity
  8
P9_T01_WHOLE
100
AcDbPolyline
 90
4
 70
1
 10
11756.4
 20
-5521.0
 10
11971.4
 20
-5521.0
 10
11971.4
 20
-5456.0
 10
11756.4
 20
-5456.0
  0
LWPOLYLINE
  5
793
330
17
100
AcDbEntity
  8
P9_T01_WHOLE
100
AcDbPolyline
 90
4
 70
1
 10
11974.4
 20
-5521.0
 10
12189.4
 20
-5521.0
 10
12189.4
 20
-5456.0
 10
11974.4
 20
-5456.0
  0
LWPOLYLINE
  5
794
330
17
100
AcDbEntity
  8
P9_T01_WHOLE
100
AcDbPolyline
 90
4
 70
1
 10
10666.4
 20
-5453.0
 10
10881.4
 20
-5453.0
 10
10881.4
 20
-5388.0
 10
10666.4
 20
-5388.0
  0
LWPOLYLINE
  5
795
330
17
100
AcDbEntity
  8
P9_T01_WHOLE
100
AcDbPolyline
 90
4
 70
1
 10
10884.4
 20
-5453.0
 10
11099.4
 20
-5453.0
 10
11099.4
 20
-5388.0
 10
10884.4
 20
-5388.0
  0
LWPOLYLINE
  5
796
330
17
100
AcDbEntity
  8
P9_T01_WHOLE
100
AcDbPolyline
 90
4
 70
1
 10
11102.4
 20
-5453.0
 10
11317.4
 20
-5453.0
 10
11317.4
 20
-5388.0
 10
11102.4
 20
-5388.0
  0
LWPOLYLINE
  5
797
330
17
100
AcDbEntity
  8
P9_T01_WHOLE
100
AcDbPolyline
 90
4
 70
1
 10
11320.4
 20
-5453.0
 10
11535.4
 20
-5453.0
 10
11535.4
 20
-5388.0
 10
11320.4
 20
-5388.0
  0
LWPOLYLINE
  5
798
330
17
100
AcDbEntity
  8
P9_T01_WHOLE
100
AcDbPolyline
 90
4
 70
1
 10
11538.4
 20
-5453.0
 10
11753.4
 20
-5453.0
 10
11753.4
 20
-5388.0
 10
11538.4
 20
-5388.0
  0
LWPOLYLINE
  5
799
330
17
100
AcDbEntity
  8
P9_T01_WHOLE
100
AcDbPolyline
 90
4
 70
1
 10
11756.4
 20
-5453.0
 10
11971.4
 20
-5453.0
 10
11971.4
 20
-5388.0
 10
11756.4
 20
-5388.0
  0
LWPOLYLINE
  5
79A
330
17
100
AcDbEntity
  8
P9_T01_WHOLE
100
AcDbPolyline
 90
4
 70
1
 10
11974.4
 20
-5453.0
 10
12189.4
 20
-5453.0
 10
12189.4
 20
-5388.0
 10
11974.4
 20
-5388.0
  0
LWPOLYLINE
  5
79B
330
17
100
AcDbEntity
  8
P9_T01_WHOLE
100
AcDbPolyline
 90
4
 70
1
 10
10666.4
 20
-5385.0
 10
10881.4
 20
-5385.0
 10
10881.4
 20
-5320.0
 10
10666.4
 20
-5320.0
  0
LWPOLYLINE
  5
79C
330
17
100
AcDbEntity
  8
P9_T01_WHOLE
100
AcDbPolyline
 90
4
 70
1
 10
10884.4
 20
-5385.0
 10
11099.4
 20
-5385.0
 10
11099.4
 20
-5320.0
 10
10884.4
 20
-5320.0
  0
LWPOLYLINE
  5
79D
330
17
100
AcDbEntity
  8
P9_T01_WHOLE
100
AcDbPolyline
 90
4
 70
1
 10
11102.4
 20
-5385.0
 10
11317.4
 20
-5385.0
 10
11317.4
 20
-5320.0
 10
11102.4
 20
-5320.0
  0
LWPOLYLINE
  5
79E
330
17
100
AcDbEntity
  8
P9_T01_WHOLE
100
AcDbPolyline
 90
4
 70
1
 10
11320.4
 20
-5385.0
 10
11535.4
 20
-5385.0
 10
11535.4
 20
-5320.0
 10
11320.4
 20
-5320.0
  0
LWPOLYLINE
  5
79F
330
17
100
AcDbEntity
  8
P9_T01_WHOLE
100
AcDbPolyline
 90
4
 70
1
 10
11538.4
 20
-5385.0
 10
11753.4
 20
-5385.0
 10
11753.4
 20
-5320.0
 10
11538.4
 20
-5320.0
  0
LWPOLYLINE
  5
7A0
330
17
100
AcDbEntity
  8
P9_T01_WHOLE
100
AcDbPolyline
 90
4
 70
1
 10
11756.4
 20
-5385.0
 10
11971.4
 20
-5385.0
 10
11971.4
 20
-5320.0
 10
11756.4
 20
-5320.0
  0
LWPOLYLINE
  5
7A1
330
17
100
AcDbEntity
  8
P9_T01_WHOLE
100
AcDbPolyline
 90
4
 70
1
 10
11974.4
 20
-5385.0
 10
12189.4
 20
-5385.0
 10
12189.4
 20
-5320.0
 10
11974.4
 20
-5320.0
  0
LWPOLYLINE
  5
7A2
330
17
100
AcDbEntity
  8
P9_T01_WHOLE
100
AcDbPolyline
 90
4
 70
1
 10
10666.4
 20
-5317.0
 10
10881.4
 20
-5317.0
 10
10881.4
 20
-5252.0
 10
10666.4
 20
-5252.0
  0
LWPOLYLINE
  5
7A3
330
17
100
AcDbEntity
  8
P9_T01_WHOLE
100
AcDbPolyline
 90
4
 70
1
 10
10884.4
 20
-5317.0
 10
11099.4
 20
-5317.0
 10
11099.4
 20
-5252.0
 10
10884.4
 20
-5252.0
  0
LWPOLYLINE
  5
7A4
330
17
100
AcDbEntity
  8
P9_T01_WHOLE
100
AcDbPolyline
 90
4
 70
1
 10
11102.4
 20
-5317.0
 10
11317.4
 20
-5317.0
 10
11317.4
 20
-5252.0
 10
11102.4
 20
-5252.0
  0
LWPOLYLINE
  5
7A5
330
17
100
AcDbEntity
  8
P9_T01_WHOLE
100
AcDbPolyline
 90
4
 70
1
 10
11320.4
 20
-5317.0
 10
11535.4
 20
-5317.0
 10
11535.4
 20
-5252.0
 10
11320.4
 20
-5252.0
  0
LWPOLYLINE
  5
7A6
330
17
100
AcDbEntity
  8
P9_T01_WHOLE
100
AcDbPolyline
 90
4
 70
1
 10
11538.4
 20
-5317.0
 10
11753.4
 20
-5317.0
 10
11753.4
 20
-5252.0
 10
11538.4
 20
-5252.0
  0
LWPOLYLINE
  5
7A7
330
17
100
AcDbEntity
  8
P9_T01_WHOLE
100
AcDbPolyline
 90
4
 70
1
 10
11756.4
 20
-5317.0
 10
11971.4
 20
-5317.0
 10
11971.4
 20
-5252.0
 10
11756.4
 20
-5252.0
  0
LWPOLYLINE
  5
7A8
330
17
100
AcDbEntity
  8
P9_T01_WHOLE
100
AcDbPolyline
 90
4
 70
1
 10
11974.4
 20
-5317.0
 10
12189.4
 20
-5317.0
 10
12189.4
 20
-5252.0
 10
11974.4
 20
-5252.0
  0
LWPOLYLINE
  5
7A9
330
17
100
AcDbEntity
  8
P9_T01_WHOLE
100
AcDbPolyline
 90
4
 70
1
 10
10666.4
 20
-5249.0
 10
10881.4
 20
-5249.0
 10
10881.4
 20
-5184.0
 10
10666.4
 20
-5184.0
  0
LWPOLYLINE
  5
7AA
330
17
100
AcDbEntity
  8
P9_T01_WHOLE
100
AcDbPolyline
 90
4
 70
1
 10
10884.4
 20
-5249.0
 10
11099.4
 20
-5249.0
 10
11099.4
 20
-5184.0
 10
10884.4
 20
-5184.0
  0
LWPOLYLINE
  5
7AB
330
17
100
AcDbEntity
  8
P9_T01_WHOLE
100
AcDbPolyline
 90
4
 70
1
 10
11102.4
 20
-5249.0
 10
11317.4
 20
-5249.0
 10
11317.4
 20
-5184.0
 10
11102.4
 20
-5184.0
  0
LWPOLYLINE
  5
7AC
330
17
100
AcDbEntity
  8
P9_T01_WHOLE
100
AcDbPolyline
 90
4
 70
1
 10
11320.4
 20
-5249.0
 10
11535.4
 20
-5249.0
 10
11535.4
 20
-5184.0
 10
11320.4
 20
-5184.0
  0
LWPOLYLINE
  5
7AD
330
17
100
AcDbEntity
  8
P9_T01_WHOLE
100
AcDbPolyline
 90
4
 70
1
 10
11538.4
 20
-5249.0
 10
11753.4
 20
-5249.0
 10
11753.4
 20
-5184.0
 10
11538.4
 20
-5184.0
  0
LWPOLYLINE
  5
7AE
330
17
100
AcDbEntity
  8
P9_T01_WHOLE
100
AcDbPolyline
 90
4
 70
1
 10
11756.4
 20
-5249.0
 10
11971.4
 20
-5249.0
 10
11971.4
 20
-5184.0
 10
11756.4
 20
-5184.0
  0
LWPOLYLINE
  5
7AF
330
17
100
AcDbEntity
  8
P9_T01_WHOLE
100
AcDbPolyline
 90
4
 70
1
 10
11974.4
 20
-5249.0
 10
12189.4
 20
-5249.0
 10
12189.4
 20
-5184.0
 10
11974.4
 20
-5184.0
  0
LWPOLYLINE
  5
7B0
330
17
100
AcDbEntity
  8
P9_T01_WHOLE
100
AcDbPolyline
 90
4
 70
1
 10
10666.4
 20
-5181.0
 10
10881.4
 20
-5181.0
 10
10881.4
 20
-5116.0
 10
10666.4
 20
-5116.0
  0
LWPOLYLINE
  5
7B1
330
17
100
AcDbEntity
  8
P9_T01_WHOLE
100
AcDbPolyline
 90
4
 70
1
 10
10884.4
 20
-5181.0
 10
11099.4
 20
-5181.0
 10
11099.4
 20
-5116.0
 10
10884.4
 20
-5116.0
  0
LWPOLYLINE
  5
7B2
330
17
100
AcDbEntity
  8
P9_T01_WHOLE
100
AcDbPolyline
 90
4
 70
1
 10
11102.4
 20
-5181.0
 10
11317.4
 20
-5181.0
 10
11317.4
 20
-5116.0
 10
11102.4
 20
-5116.0
  0
LWPOLYLINE
  5
7B3
330
17
100
AcDbEntity
  8
P9_T01_WHOLE
100
AcDbPolyline
 90
4
 70
1
 10
11320.4
 20
-5181.0
 10
11535.4
 20
-5181.0
 10
11535.4
 20
-5116.0
 10
11320.4
 20
-5116.0
  0
LWPOLYLINE
  5
7B4
330
17
100
AcDbEntity
  8
P9_T01_WHOLE
100
AcDbPolyline
 90
4
 70
1
 10
11538.4
 20
-5181.0
 10
11753.4
 20
-5181.0
 10
11753.4
 20
-5116.0
 10
11538.4
 20
-5116.0
  0
LWPOLYLINE
  5
7B5
330
17
100
AcDbEntity
  8
P9_T01_WHOLE
100
AcDbPolyline
 90
4
 70
1
 10
11756.4
 20
-5181.0
 10
11971.4
 20
-5181.0
 10
11971.4
 20
-5116.0
 10
11756.4
 20
-5116.0
  0
LWPOLYLINE
  5
7B6
330
17
100
AcDbEntity
  8
P9_T01_WHOLE
100
AcDbPolyline
 90
4
 70
1
 10
11974.4
 20
-5181.0
 10
12189.4
 20
-5181.0
 10
12189.4
 20
-5116.0
 10
11974.4
 20
-5116.0
  0
LWPOLYLINE
  5
7B7
330
17
100
AcDbEntity
  8
P9_T01_WHOLE
100
AcDbPolyline
 90
4
 70
1
 10
10666.4
 20
-5113.0
 10
10881.4
 20
-5113.0
 10
10881.4
 20
-5048.0
 10
10666.4
 20
-5048.0
  0
LWPOLYLINE
  5
7B8
330
17
100
AcDbEntity
  8
P9_T01_WHOLE
100
AcDbPolyline
 90
4
 70
1
 10
10884.4
 20
-5113.0
 10
11099.4
 20
-5113.0
 10
11099.4
 20
-5048.0
 10
10884.4
 20
-5048.0
  0
LWPOLYLINE
  5
7B9
330
17
100
AcDbEntity
  8
P9_T01_WHOLE
100
AcDbPolyline
 90
4
 70
1
 10
11102.4
 20
-5113.0
 10
11317.4
 20
-5113.0
 10
11317.4
 20
-5048.0
 10
11102.4
 20
-5048.0
  0
LWPOLYLINE
  5
7BA
330
17
100
AcDbEntity
  8
P9_T01_WHOLE
100
AcDbPolyline
 90
4
 70
1
 10
11320.4
 20
-5113.0
 10
11535.4
 20
-5113.0
 10
11535.4
 20
-5048.0
 10
11320.4
 20
-5048.0
  0
LWPOLYLINE
  5
7BB
330
17
100
AcDbEntity
  8
P9_T01_WHOLE
100
AcDbPolyline
 90
4
 70
1
 10
11538.4
 20
-5113.0
 10
11753.4
 20
-5113.0
 10
11753.4
 20
-5048.0
 10
11538.4
 20
-5048.0
  0
LWPOLYLINE
  5
7BC
330
17
100
AcDbEntity
  8
P9_T01_WHOLE
100
AcDbPolyline
 90
4
 70
1
 10
11756.4
 20
-5113.0
 10
11971.4
 20
-5113.0
 10
11971.4
 20
-5048.0
 10
11756.4
 20
-5048.0
  0
LWPOLYLINE
  5
7BD
330
17
100
AcDbEntity
  8
P9_T01_WHOLE
100
AcDbPolyline
 90
4
 70
1
 10
11974.4
 20
-5113.0
 10
12189.4
 20
-5113.0
 10
12189.4
 20
-5048.0
 10
11974.4
 20
-5048.0
  0
LWPOLYLINE
  5
7BE
330
17
100
AcDbEntity
  8
P9_T01_WHOLE
100
AcDbPolyline
 90
4
 70
1
 10
10666.4
 20
-5045.0
 10
10881.4
 20
-5045.0
 10
10881.4
 20
-4980.0
 10
10666.4
 20
-4980.0
  0
LWPOLYLINE
  5
7BF
330
17
100
AcDbEntity
  8
P9_T01_WHOLE
100
AcDbPolyline
 90
4
 70
1
 10
10884.4
 20
-5045.0
 10
11099.4
 20
-5045.0
 10
11099.4
 20
-4980.0
 10
10884.4
 20
-4980.0
  0
LWPOLYLINE
  5
7C0
330
17
100
AcDbEntity
  8
P9_T01_WHOLE
100
AcDbPolyline
 90
4
 70
1
 10
11102.4
 20
-5045.0
 10
11317.4
 20
-5045.0
 10
11317.4
 20
-4980.0
 10
11102.4
 20
-4980.0
  0
LWPOLYLINE
  5
7C1
330
17
100
AcDbEntity
  8
P9_T01_WHOLE
100
AcDbPolyline
 90
4
 70
1
 10
11320.4
 20
-5045.0
 10
11535.4
 20
-5045.0
 10
11535.4
 20
-4980.0
 10
11320.4
 20
-4980.0
  0
LWPOLYLINE
  5
7C2
330
17
100
AcDbEntity
  8
P9_T01_WHOLE
100
AcDbPolyline
 90
4
 70
1
 10
11538.4
 20
-5045.0
 10
11753.4
 20
-5045.0
 10
11753.4
 20
-4980.0
 10
11538.4
 20
-4980.0
  0
LWPOLYLINE
  5
7C3
330
17
100
AcDbEntity
  8
P9_T01_WHOLE
100
AcDbPolyline
 90
4
 70
1
 10
11756.4
 20
-5045.0
 10
11971.4
 20
-5045.0
 10
11971.4
 20
-4980.0
 10
11756.4
 20
-4980.0
  0
LWPOLYLINE
  5
7C4
330
17
100
AcDbEntity
  8
P9_T01_WHOLE
100
AcDbPolyline
 90
4
 70
1
 10
11974.4
 20
-5045.0
 10
12189.4
 20
-5045.0
 10
12189.4
 20
-4980.0
 10
11974.4
 20
-4980.0
  0
DIMENSION
  5
7C5
330
17
100
AcDbEntity
  8
DIM
100
AcDbDimension
280
0
  2
*D17
  3
MM
 10
10666.4
 20
-4740.0
 30
0.0
 11
11427.9
 21
-4710.0
 31
0.0
 70
32
 71
5
  1
<>
100
AcDbAlignedDimension
 13
10666.4
 23
-4980.0
 33
0.0
 14
12189.4
 24
-4980.0
 34
0.0
 50
0.0
100
AcDbRotatedDimension
  0
DIMENSION
  5
7D4
330
17
100
AcDbEntity
  8
DIM
100
AcDbDimension
280
0
  2
*D18
  3
MM
 10
12429.4
 20
-6473.0
 30
0.0
 11
12399.4
 21
-5726.5
 31
0.0
 70
32
 71
5
  1
<>
100
AcDbAlignedDimension
 13
12189.4
 23
-6473.0
 33
0.0
 14
12189.4
 24
-4980.0
 34
0.0
 50
90.0
100
AcDbRotatedDimension
  0
TEXT
  5
7E3
330
17
100
AcDbEntity
  8
TXT
100
AcDbText
 10
10666.4
 20
-4080.0
 30
0.0
 40
64.0
  1
9   横向叠砌   Horizontal stack bond
  7
CN
 11
10666.4
 21
-4080.0
 31
0.0
100
AcDbText
  0
TEXT
  5
7E4
330
17
100
AcDbEntity
  8
TXT
100
AcDbText
 10
10666.4
 20
-4210.0
 30
0.0
 40
40.0
  1
地面 Floor / 粗面 Raw
  7
CN
 11
10666.4
 21
-4210.0
 31
0.0
100
AcDbText
  0
TEXT
  5
7E5
330
17
100
AcDbEntity
  8
TXT
100
AcDbText
 10
10666.4
 20
-4280.0
 30
0.0
 40
40.0
  1
板面 board 1523 x 1493 mm     灰缝 joint 3 mm     砖片 slip 215 x 65 x 20
  7
CN
 11
10666.4
 21
-4280.0
 31
0.0
100
AcDbText
  0
TEXT
  5
7E6
330
17
100
AcDbEntity
  8
TXT
100
AcDbText
 10
10666.4
 20
-4350.0
 30
0.0
 40
40.0
  1
共 154 片 pieces:  整砖 154 whole,  标准件 0 standard,  切割件 0 cut
  7
CN
 11
10666.4
 21
-4350.0
 31
0.0
100
AcDbText
  0
TEXT
  5
7E7
330
17
100
AcDbEntity
  8
TXT
100
AcDbText
 10
10666.4
 20
-4420.0
 30
0.0
 40
40.0
  1
砖型 1 种 brick types,  其中 0 种需切割 need cutting
  7
CN
 11
10666.4
 21
-4420.0
 31
0.0
100
AcDbText
  0
TEXT
  5
7E8
330
17
100
AcDbEntity
  8
TXT
100
AcDbText
 10
12809.4
 20
-4980.0
 30
0.0
 40
42.0
  1
编号
  7
CN
 11
12809.4
 21
-4980.0
 31
0.0
100
AcDbText
  0
TEXT
  5
7E9
330
17
100
AcDbEntity
  8
TXT
100
AcDbText
 10
13029.4
 20
-4980.0
 30
0.0
 40
42.0
  1
数量
  7
CN
 11
13029.4
 21
-4980.0
 31
0.0
100
AcDbText
  0
TEXT
  5
7EA
330
17
100
AcDbEntity
  8
TXT
100
AcDbText
 10
13239.4
 20
-4980.0
 30
0.0
 40
42.0
  1
说明  DESCRIPTION
  7
CN
 11
13239.4
 21
-4980.0
 31
0.0
100
AcDbText
  0
LINE
  5
7EB
330
17
100
AcDbEntity
  8
TXT
100
AcDbLine
 10
12649.4
 20
-5014.0
 30
0.0
 11
15050.099999999999
 21
-5014.0
 31
0.0
  0
LWPOLYLINE
  5
7EC
330
17
100
AcDbEntity
  8
P9_T01_WHOLE
100
AcDbPolyline
 90
4
 70
1
 10
12659.4
 20
-5120.0
 10
12769.4
 20
-5120.0
 10
12769.4
 20
-5058.0
 10
12659.4
 20
-5058.0
  0
TEXT
  5
7ED
330
17
100
AcDbEntity
  8
TXT
100
AcDbText
 10
12809.4
 20
-5120.0
 30
0.0
 40
38.0
  1
T01
  7
CN
 11
12809.4
 21
-5120.0
 31
0.0
100
AcDbText
  0
TEXT
  5
7EE
330
17
100
AcDbEntity
  8
TXT
100
AcDbText
 10
13029.4
 20
-5120.0
 30
0.0
 40
38.0
  1
154
  7
CN
 11
13029.4
 21
-5120.0
 31
0.0
100
AcDbText
  0
TEXT
  5
7EF
330
17
100
AcDbEntity
  8
TXT
100
AcDbText
 10
13239.4
 20
-5120.0
 30
0.0
 40
38.0
  1
整砖片 whole slip  215 x 65
  7
CN
 11
13239.4
 21
-5120.0
 31
0.0
100
AcDbText
  0
ENDSEC
  0
SECTION
  2
OBJECTS
  0
DICTIONARY
  5
A
330
0
100
AcDbDictionary
281
1
  3
ACAD_COLOR
350
B
  3
ACAD_GROUP
350
C
  3
ACAD_LAYOUT
350
D
  3
ACAD_MATERIAL
350
E
  3
ACAD_MLEADERSTYLE
350
F
  3
ACAD_MLINESTYLE
350
10
  3
ACAD_PLOTSETTINGS
350
11
  3
ACAD_PLOTSTYLENAME
350
12
  3
ACAD_SCALELIST
350
14
  3
ACAD_TABLESTYLE
350
15
  3
ACAD_VISUALSTYLE
350
16
  3
EZDXF_META
350
2D
  0
DICTIONARY
  5
B
330
A
100
AcDbDictionary
281
1
  0
DICTIONARY
  5
C
330
A
100
AcDbDictionary
281
1
  0
DICTIONARY
  5
D
330
A
100
AcDbDictionary
281
1
  3
Model
350
1A
  3
Layout1
350
1E
  0
DICTIONARY
  5
E
330
A
100
AcDbDictionary
281
1
  3
ByBlock
350
1F
  3
ByLayer
350
20
  3
Global
350
21
  0
DICTIONARY
  5
F
330
A
100
AcDbDictionary
281
1
  3
Standard
350
2C
  0
DICTIONARY
  5
10
330
A
100
AcDbDictionary
281
1
  3
Standard
350
22
  0
DICTIONARY
  5
11
330
A
100
AcDbDictionary
281
1
  0
ACDBDICTIONARYWDFLT
  5
12
330
A
100
AcDbDictionary
281
1
  3
Normal
350
13
100
AcDbDictionaryWithDefault
340
13
  0
ACDBPLACEHOLDER
  5
13
330
12
  0
DICTIONARY
  5
14
330
A
100
AcDbDictionary
281
1
  0
DICTIONARY
  5
15
330
A
100
AcDbDictionary
281
1
  0
DICTIONARY
  5
16
330
A
100
AcDbDictionary
281
1
  3
2dWireframe
350
5A
  3
Basic
350
5B
  3
Brighten
350
5C
  3
ColorChange
350
5D
  3
Conceptual
350
5E
  3
Dim
350
5F
  3
EdgeColorOff
350
60
  3
Facepattern
350
61
  3
Flat
350
62
  3
FlatWithEdges
350
63
  3
Gouraud
350
64
  3
GouraudWithEdges
350
65
  3
Hidden
350
66
  3
JitterOff
350
67
  3
Linepattern
350
68
  3
Modeling
350
69
  3
OverhangOff
350
6A
  3
Realistic
350
6B
  3
Shaded
350
6C
  3
Shaded with edges
350
6D
  3
Shades of Gray
350
6E
  3
Sketchy
350
6F
  3
Thicken
350
70
  3
Wireframe
350
71
  3
X-Ray
350
72
  0
LAYOUT
  5
1A
330
D
100
AcDbPlotSettings
  1

  4
A3
  6

 40
7.5
 41
20.0
 42
7.5
 43
20.0
 44
420.0
 45
297.0
 46
0.0
 47
0.0
 48
0.0
 49
0.0
140
0.0
141
0.0
142
1.0
143
1.0
 70
1024
 72
1
 73
0
 74
5
  7

 75
16
 76
0
 77
2
 78
300
147
1.0
148
0.0
149
0.0
100
AcDbLayout
  1
Model
 70
1
 71
0
 10
0.0
 20
0.0
 11
420.0
 21
297.0
 12
0.0
 22
0.0
 32
0.0
 14
1e+20
 24
1e+20
 34
1e+20
 15
-1e+20
 25
-1e+20
 35
-1e+20
146
0.0
 13
0.0
 23
0.0
 33
0.0
 16
1.0
 26
0.0
 36
0.0
 17
0.0
 27
1.0
 37
0.0
 76
1
330
17
  0
LAYOUT
  5
1E
330
D
100
AcDbPlotSettings
  1

  4
A3
  6

 40
7.5
 41
20.0
 42
7.5
 43
20.0
 44
420.0
 45
297.0
 46
0.0
 47
0.0
 48
0.0
 49
0.0
140
0.0
141
0.0
142
1.0
143
1.0
 70
0
 72
1
 73
0
 74
5
  7

 75
16
 76
0
 77
2
 78
300
147
1.0
148
0.0
149
0.0
100
AcDbLayout
  1
Layout1
 70
1
 71
1
 10
0.0
 20
0.0
 11
420.0
 21
297.0
 12
0.0
 22
0.0
 32
0.0
 14
1e+20
 24
1e+20
 34
1e+20
 15
-1e+20
 25
-1e+20
 35
-1e+20
146
0.0
 13
0.0
 23
0.0
 33
0.0
 16
1.0
 26
0.0
 36
0.0
 17
0.0
 27
1.0
 37
0.0
 76
1
330
1B
  0
MATERIAL
  5
1F
102
{ACAD_REACTORS
330
E
102
}
330
E
100
AcDbMaterial
  1
ByBlock
  2

 70
0
 40
1.0
 71
1
 41
1.0
 91
-1023410177
 42
1.0
 72
1
  3

 73
1
 74
1
 75
1
 44
0.5
 73
0
 45
1.0
 46
1.0
 77
1
  4

 78
1
 79
1
170
1
 48
1.0
171
1
  6

172
1
173
1
174
1
140
1.0
141
1.0
175
1
  7

176
1
177
1
178
1
143
1.0
179
1
  8

270
1
271
1
272
1
145
1.0
146
1.0
273
1
  9

274
1
275
1
276
1
 42
1.0
 72
1
  3

 73
1
 74
1
 75
1
 94
63
  0
MATERIAL
  5
20
102
{ACAD_REACTORS
330
E
102
}
330
E
100
AcDbMaterial
  1
ByLayer
  2

 70
0
 40
1.0
 71
1
 41
1.0
 91
-1023410177
 42
1.0
 72
1
  3

 73
1
 74
1
 75
1
 44
0.5
 73
0
 45
1.0
 46
1.0
 77
1
  4

 78
1
 79
1
170
1
 48
1.0
171
1
  6

172
1
173
1
174
1
140
1.0
141
1.0
175
1
  7

176
1
177
1
178
1
143
1.0
179
1
  8

270
1
271
1
272
1
145
1.0
146
1.0
273
1
  9

274
1
275
1
276
1
 42
1.0
 72
1
  3

 73
1
 74
1
 75
1
 94
63
  0
MATERIAL
  5
21
102
{ACAD_REACTORS
330
E
102
}
330
E
100
AcDbMaterial
  1
Global
  2

 70
0
 40
1.0
 71
1
 41
1.0
 91
-1023410177
 42
1.0
 72
1
  3

 73
1
 74
1
 75
1
 44
0.5
 73
0
 45
1.0
 46
1.0
 77
1
  4

 78
1
 79
1
170
1
 48
1.0
171
1
  6

172
1
173
1
174
1
140
1.0
141
1.0
175
1
  7

176
1
177
1
178
1
143
1.0
179
1
  8

270
1
271
1
272
1
145
1.0
146
1.0
273
1
  9

274
1
275
1
276
1
 42
1.0
 72
1
  3

 73
1
 74
1
 75
1
 94
63
  0
MLINESTYLE
  5
22
102
{ACAD_REACTORS
330
10
102
}
330
10
100
AcDbMlineStyle
  2
Standard
 70
0
  3

 62
256
 51
90.0
 52
90.0
 71
2
 49
0.5
 62
256
  6
BYLAYER
 49
-0.5
 62
256
  6
BYLAYER
  0
MLEADERSTYLE
  5
2C
102
{ACAD_REACTORS
330
F
102
}
330
F
100
AcDbMLeaderStyle
179
2
170
2
171
1
172
0
 90
2
 40
0.0
 41
0.0
173
1
 91
-1056964608
 92
-2
290
1
 42
2.0
291
1
 43
8.0
  3
Standard
 44
4.0
300

342
29
174
1
175
1
176
0
178
1
 93
-1056964608
 45
4.0
292
0
297
0
 46
4.0
 94
-1056964608
 47
1.0
 49
1.0
140
1.0
294
1
141
0.0
177
0
142
1.0
295
0
296
0
143
3.75
271
0
272
9
273
9
  0
DICTIONARY
  5
2D
330
A
100
AcDbDictionary
280
1
281
1
  3
CREATED_BY_EZDXF
350
2E
  3
WRITTEN_BY_EZDXF
350
7F2
  0
DICTIONARYVAR
  5
2E
330
2D
100
DictionaryVariables
280
0
  1
1.4.4 @ 2026-07-29T10:50:38.640708+00:00
  0
VISUALSTYLE
  5
5A
102
{ACAD_REACTORS
330
16
102
}
330
16
100
AcDbVisualStyle
  2
2dWireframe
 70
4
 90
0
 40
0.6
 62
7
290
0
291
0
  0
VISUALSTYLE
  5
5B
102
{ACAD_REACTORS
330
16
102
}
330
16
100
AcDbVisualStyle
  2
Basic
 70
7
 90
1
 40
0.6
 62
7
290
0
291
1
  0
VISUALSTYLE
  5
5C
102
{ACAD_REACTORS
330
16
102
}
330
16
100
AcDbVisualStyle
  2
Brighten
 70
12
 90
2
 40
0.6
 62
7
290
0
291
1
  0
VISUALSTYLE
  5
5D
102
{ACAD_REACTORS
330
16
102
}
330
16
100
AcDbVisualStyle
  2
ColorChange
 70
16
 90
2
 40
0.6
 62
8
290
0
291
1
  0
VISUALSTYLE
  5
5E
102
{ACAD_REACTORS
330
16
102
}
330
16
100
AcDbVisualStyle
  2
Conceptual
 70
9
 90
3
 40
0.6
 62
7
290
0
291
0
  0
VISUALSTYLE
  5
5F
102
{ACAD_REACTORS
330
16
102
}
330
16
100
AcDbVisualStyle
  2
Dim
 70
11
 90
2
 40
0.6
 62
7
290
0
291
1
  0
VISUALSTYLE
  5
60
102
{ACAD_REACTORS
330
16
102
}
330
16
100
AcDbVisualStyle
  2
EdgeColorOff
 70
22
 90
2
 40
0.6
 62
7
290
0
291
1
  0
VISUALSTYLE
  5
61
102
{ACAD_REACTORS
330
16
102
}
330
16
100
AcDbVisualStyle
  2
Facepattern
 70
15
 90
2
 40
0.6
 62
7
290
0
291
1
  0
VISUALSTYLE
  5
62
102
{ACAD_REACTORS
330
16
102
}
330
16
100
AcDbVisualStyle
  2
Flat
 70
0
 90
2
 40
0.6
 62
7
290
0
291
1
  0
VISUALSTYLE
  5
63
102
{ACAD_REACTORS
330
16
102
}
330
16
100
AcDbVisualStyle
  2
FlatWithEdges
 70
1
 90
2
 40
0.6
 62
7
290
0
291
1
  0
VISUALSTYLE
  5
64
102
{ACAD_REACTORS
330
16
102
}
330
16
100
AcDbVisualStyle
  2
Gouraud
 70
2
 90
2
 40
0.6
 62
7
290
0
291
1
  0
VISUALSTYLE
  5
65
102
{ACAD_REACTORS
330
16
102
}
330
16
100
AcDbVisualStyle
  2
GouraudWithEdges
 70
3
 90
2
 40
0.6
 62
7
290
0
291
1
  0
VISUALSTYLE
  5
66
102
{ACAD_REACTORS
330
16
102
}
330
16
100
AcDbVisualStyle
  2
Hidden
 70
6
 90
1
 40
0.6
 62
7
290
0
291
0
  0
VISUALSTYLE
  5
67
102
{ACAD_REACTORS
330
16
102
}
330
16
100
AcDbVisualStyle
  2
JitterOff
 70
20
 90
2
 40
0.6
 62
7
290
0
291
1
  0
VISUALSTYLE
  5
68
102
{ACAD_REACTORS
330
16
102
}
330
16
100
AcDbVisualStyle
  2
Linepattern
 70
14
 90
2
 40
0.6
 62
7
290
0
291
1
  0
VISUALSTYLE
  5
69
102
{ACAD_REACTORS
330
16
102
}
330
16
100
AcDbVisualStyle
  2
Modeling
 70
10
 90
2
 40
0.6
 62
7
290
0
291
0
  0
VISUALSTYLE
  5
6A
102
{ACAD_REACTORS
330
16
102
}
330
16
100
AcDbVisualStyle
  2
OverhangOff
 70
21
 90
2
 40
0.6
 62
7
290
0
291
1
  0
VISUALSTYLE
  5
6B
102
{ACAD_REACTORS
330
16
102
}
330
16
100
AcDbVisualStyle
  2
Realistic
 70
8
 90
2
 40
0.6
 62
7
290
0
291
0
  0
VISUALSTYLE
  5
6C
102
{ACAD_REACTORS
330
16
102
}
330
16
100
AcDbVisualStyle
  2
Shaded
 70
27
 90
2
 40
0.6
 62
7
290
0
291
0
  0
VISUALSTYLE
  5
6D
102
{ACAD_REACTORS
330
16
102
}
330
16
100
AcDbVisualStyle
  2
Shaded with edges
 70
26
 90
2
 40
0.6
 62
7
290
0
291
0
  0
VISUALSTYLE
  5
6E
102
{ACAD_REACTORS
330
16
102
}
330
16
100
AcDbVisualStyle
  2
Shades of Gray
 70
23
 90
2
 40
0.6
 62
7
290
0
291
0
  0
VISUALSTYLE
  5
6F
102
{ACAD_REACTORS
330
16
102
}
330
16
100
AcDbVisualStyle
  2
Sketchy
 70
24
 90
1
 40
0.6
 62
7
290
0
291
0
  0
VISUALSTYLE
  5
70
102
{ACAD_REACTORS
330
16
102
}
330
16
100
AcDbVisualStyle
  2
Thicken
 70
13
 90
2
 40
0.6
 62
7
290
0
291
1
  0
VISUALSTYLE
  5
71
102
{ACAD_REACTORS
330
16
102
}
330
16
100
AcDbVisualStyle
  2
Wireframe
 70
5
 90
0
 40
0.6
 62
7
290
0
291
0
  0
VISUALSTYLE
  5
72
102
{ACAD_REACTORS
330
16
102
}
330
16
100
AcDbVisualStyle
  2
X-Ray
 70
25
 90
2
 40
0.5
 62
7
290
0
291
0
  0
DICTIONARYVAR
  5
7F2
330
2D
100
DictionaryVariables
280
0
  1
1.4.4 @ 2026-07-29T10:50:38.711614+00:00
  0
ENDSEC
  0
EOF
