  0
SECTION
  2
HEADER
  9
$ACADVER
  1
AC1024
  9
$ACADMAINTVER
 70
6
  9
$DWGCODEPAGE
  3
ANSI_1252
  9
$LASTSAVEDBY
  1
ezdxf
  9
$INSBASE
 10
0.0
 20
0.0
 30
0.0
  9
$EXTMIN
 10
1e+20
 20
1e+20
 30
1e+20
  9
$EXTMAX
 10
-1e+20
 20
-1e+20
 30
-1e+20
  9
$LIMMIN
 10
0.0
 20
0.0
  9
$LIMMAX
 10
420.0
 20
297.0
  9
$ORTHOMODE
 70
0
  9
$REGENMODE
 70
1
  9
$FILLMODE
 70
1
  9
$QTEXTMODE
 70
0
  9
$MIRRTEXT
 70
1
  9
$LTSCALE
 40
1.0
  9
$ATTMODE
 70
1
  9
$TEXTSIZE
 40
2.5
  9
$TRACEWID
 40
1.0
  9
$TEXTSTYLE
  7
OpenSans
  9
$CLAYER
  8
0
  9
$CELTYPE
  6
ByLayer
  9
$CECOLOR
 62
256
  9
$CELTSCALE
 40
1.0
  9
$DISPSILH
 70
0
  9
$DIMSCALE
 40
1.0
  9
$DIMASZ
 40
0.175
  9
$DIMEXO
 40
0.125
  9
$DIMDLI
 40
3.75
  9
$DIMRND
 40
0.0
  9
$DIMDLE
 40
0.0
  9
$DIMEXE
 40
0.375
  9
$DIMTP
 40
0.0
  9
$DIMTM
 40
0.0
  9
$DIMTXT
 40
0.25
  9
$DIMCEN
 40
2.5
  9
$DIMTSZ
 40
0.0
  9
$DIMTOL
 70
0
  9
$DIMLIM
 70
0
  9
$DIMTIH
 70
0
  9
$DIMTOH
 70
0
  9
$DIMSE1
 70
0
  9
$DIMSE2
 70
0
  9
$DIMTAD
 70
1
  9
$DIMZIN
 70
12
  9
$DIMBLK
  1
ARCHTICK
  9
$DIMASO
 70
1
  9
$DIMSHO
 70
1
  9
$DIMPOST
  1

  9
$DIMAPOST
  1

  9
$DIMALT
 70
0
  9
$DIMALTD
 70
3
  9
$DIMALTF
 40
0.03937007874
  9
$DIMLFAC
 40
100.0
  9
$DIMTOFL
 70
1
  9
$DIMTVP
 40
0.0
  9
$DIMTIX
 70
0
  9
$DIMSOXD
 70
0
  9
$DIMSAH
 70
0
  9
$DIMBLK1
  1

  9
$DIMBLK2
  1

  9
$DIMSTYLE
  2
EZDXF
  9
$DIMCLRD
 70
0
  9
$DIMCLRE
 70
0
  9
$DIMCLRT
 70
0
  9
$DIMTFAC
 40
0.5
  9
$DIMGAP
 40
0.1
  9
$DIMJUST
 70
0
  9
$DIMSD1
 70
0
  9
$DIMSD2
 70
0
  9
$DIMTOLJ
 70
0
  9
$DIMTZIN
 70
8
  9
$DIMALTZ
 70
0
  9
$DIMALTTZ
 70
0
  9
$DIMUPT
 70
1
  9
$DIMDEC
 70
2
  9
$DIMTDEC
 70
2
  9
$DIMALTU
 70
2
  9
$DIMALTTD
 70
3
  9
$DIMTXSTY
  7
OpenSansCondensed-Light
  9
$DIMAUNIT
 70
0
  9
$DIMADEC
 70
2
  9
$DIMALTRND
 40
0.0
  9
$DIMAZIN
 70
3
  9
$DIMDSEP
 70
46
  9
$DIMATFIT
 70
3
  9
$DIMFRAC
 70
0
  9
$DIMLDRBLK
  1

  9
$DIMLUNIT
 70
2
  9
$DIMLWD
 70
-2
  9
$DIMLWE
 70
-2
  9
$DIMTMOVE
 70
2
  9
$DIMFXL
 40
1.0
  9
$DIMFXLON
 70
0
  9
$DIMJOGANG
 40
0.785398163397
  9
$DIMTFILL
 70
0
  9
$DIMTFILLCLR
 70
0
  9
$DIMARCSYM
 70
0
  9
$DIMLTYPE
  6

  9
$DIMLTEX1
  6

  9
$DIMLTEX2
  6

  9
$DIMTXTDIRECTION
 70
0
  9
$LUNITS
 70
2
  9
$LUPREC
 70
4
  9
$SKETCHINC
 40
1.0
  9
$FILLETRAD
 40
10.0
  9
$AUNITS
 70
0
  9
$AUPREC
 70
2
  9
$MENU
  1
.
  9
$ELEVATION
 40
0.0
  9
$PELEVATION
 40
0.0
  9
$THICKNESS
 40
0.0
  9
$LIMCHECK
 70
0
  9
$CHAMFERA
 40
0.0
  9
$CHAMFERB
 40
0.0
  9
$CHAMFERC
 40
0.0
  9
$CHAMFERD
 40
0.0
  9
$SKPOLY
 70
0
  9
$TDCREATE
 40
2461202.5030439813
  9
$TDUCREATE
 40
2458532.153996898
  9
$TDUPDATE
 40
2461202.5030439813
  9
$TDUUPDATE
 40
2458532.1544311
  9
$TDINDWG
 40
0.0
  9
$TDUSRTIMER
 40
0.0
  9
$USRTIMER
 70
1
  9
$ANGBASE
 50
0.0
  9
$ANGDIR
 70
0
  9
$PDMODE
 70
0
  9
$PDSIZE
 40
0.0
  9
$PLINEWID
 40
0.0
  9
$SPLFRAME
 70
0
  9
$SPLINETYPE
 70
6
  9
$SPLINESEGS
 70
8
  9
$HANDSEED
  5
50F
  9
$SURFTAB1
 70
6
  9
$SURFTAB2
 70
6
  9
$SURFTYPE
 70
6
  9
$SURFU
 70
6
  9
$SURFV
 70
6
  9
$UCSBASE
  2

  9
$UCSNAME
  2

  9
$UCSORG
 10
0.0
 20
0.0
 30
0.0
  9
$UCSXDIR
 10
1.0
 20
0.0
 30
0.0
  9
$UCSYDIR
 10
0.0
 20
1.0
 30
0.0
  9
$UCSORTHOREF
  2

  9
$UCSORTHOVIEW
 70
0
  9
$UCSORGTOP
 10
0.0
 20
0.0
 30
0.0
  9
$UCSORGBOTTOM
 10
0.0
 20
0.0
 30
0.0
  9
$UCSORGLEFT
 10
0.0
 20
0.0
 30
0.0
  9
$UCSORGRIGHT
 10
0.0
 20
0.0
 30
0.0
  9
$UCSORGFRONT
 10
0.0
 20
0.0
 30
0.0
  9
$UCSORGBACK
 10
0.0
 20
0.0
 30
0.0
  9
$PUCSBASE
  2

  9
$PUCSNAME
  2

  9
$PUCSORG
 10
0.0
 20
0.0
 30
0.0
  9
$PUCSXDIR
 10
1.0
 20
0.0
 30
0.0
  9
$PUCSYDIR
 10
0.0
 20
1.0
 30
0.0
  9
$PUCSORTHOREF
  2

  9
$PUCSORTHOVIEW
 70
0
  9
$PUCSORGTOP
 10
0.0
 20
0.0
 30
0.0
  9
$PUCSORGBOTTOM
 10
0.0
 20
0.0
 30
0.0
  9
$PUCSORGLEFT
 10
0.0
 20
0.0
 30
0.0
  9
$PUCSORGRIGHT
 10
0.0
 20
0.0
 30
0.0
  9
$PUCSORGFRONT
 10
0.0
 20
0.0
 30
0.0
  9
$PUCSORGBACK
 10
0.0
 20
0.0
 30
0.0
  9
$USERI1
 70
0
  9
$USERI2
 70
0
  9
$USERI3
 70
0
  9
$USERI4
 70
0
  9
$USERI5
 70
0
  9
$USERR1
 40
0.0
  9
$USERR2
 40
0.0
  9
$USERR3
 40
0.0
  9
$USERR4
 40
0.0
  9
$USERR5
 40
0.0
  9
$WORLDVIEW
 70
1
  9
$SHADEDGE
 70
3
  9
$SHADEDIF
 70
70
  9
$TILEMODE
 70
1
  9
$MAXACTVP
 70
64
  9
$PINSBASE
 10
0.0
 20
0.0
 30
0.0
  9
$PLIMCHECK
 70
0
  9
$PEXTMIN
 10
1e+20
 20
1e+20
 30
1e+20
  9
$PEXTMAX
 10
-1e+20
 20
-1e+20
 30
-1e+20
  9
$PLIMMIN
 10
0.0
 20
0.0
  9
$PLIMMAX
 10
420.0
 20
297.0
  9
$UNITMODE
 70
0
  9
$VISRETAIN
 70
1
  9
$PLINEGEN
 70
0
  9
$PSLTSCALE
 70
1
  9
$TREEDEPTH
 70
3020
  9
$CMLSTYLE
  2
Standard
  9
$CMLJUST
 70
0
  9
$CMLSCALE
 40
20.0
  9
$PROXYGRAPHICS
 70
1
  9
$MEASUREMENT
 70
1
  9
$CELWEIGHT
370
-1
  9
$ENDCAPS
280
0
  9
$JOINSTYLE
280
0
  9
$LWDISPLAY
290
0
  9
$INSUNITS
 70
4
  9
$HYPERLINKBASE
  1

  9
$STYLESHEET
  1

  9
$XEDIT
290
1
  9
$CEPSNTYPE
380
0
  9
$PSTYLEMODE
290
1
  9
$FINGERPRINTGUID
  2
{615C9E04-7879-4CFD-A15C-CD6A35FA19BA}
  9
$VERSIONGUID
  2
{8BD5B856-E3B5-4EEA-AD04-F0B270088120}
  9
$EXTNAMES
290
1
  9
$PSVPSCALE
 40
0.0
  9
$OLESTARTUP
290
0
  9
$SORTENTS
280
127
  9
$INDEXCTL
280
0
  9
$HIDETEXT
280
1
  9
$XCLIPFRAME
280
1
  9
$HALOGAP
280
0
  9
$OBSCOLOR
 70
257
  9
$OBSLTYPE
280
0
  9
$INTERSECTIONDISPLAY
280
0
  9
$INTERSECTIONCOLOR
 70
257
  9
$DIMASSOC
280
2
  9
$PROJECTNAME
  1

  9
$CAMERADISPLAY
290
0
  9
$LENSLENGTH
 40
50.0
  9
$CAMERAHEIGHT
 40
0.0
  9
$STEPSPERSEC
 40
24.0
  9
$STEPSIZE
 40
100.0
  9
$3DDWFPREC
 40
2.0
  9
$PSOLWIDTH
 40
0.005
  9
$PSOLHEIGHT
 40
0.08
  9
$LOFTANG1
 40
1.570796326795
  9
$LOFTANG2
 40
1.570796326795
  9
$LOFTMAG1
 40
0.0
  9
$LOFTMAG2
 40
0.0
  9
$LOFTPARAM
 70
7
  9
$LOFTNORMALS
280
1
  9
$LATITUDE
 40
37.795
  9
$LONGITUDE
 40
-122.394
  9
$NORTHDIRECTION
 40
0.0
  9
$TIMEZONE
 70
-8000
  9
$LIGHTGLYPHDISPLAY
280
1
  9
$TILEMODELIGHTSYNCH
280
1
  9
$CMATERIAL
347
20
  9
$SOLIDHIST
280
0
  9
$SHOWHIST
280
1
  9
$DWFFRAME
280
2
  9
$DGNFRAME
280
2
  9
$REALWORLDSCALE
290
1
  9
$INTERFERECOLOR
 62
256
  9
$CSHADOW
280
0
  9
$SHADOWPLANELOCATION
 40
0.0
  0
ENDSEC
  0
SECTION
  2
CLASSES
  0
CLASS
  1
ACDBDICTIONARYWDFLT
  2
AcDbDictionaryWithDefault
  3
ObjectDBX Classes
 90
0
 91
0
280
0
281
0
  0
CLASS
  1
SUN
  2
AcDbSun
  3
SCENEOE
 90
1153
 91
0
280
0
281
0
  0
CLASS
  1
VISUALSTYLE
  2
AcDbVisualStyle
  3
ObjectDBX Classes
 90
4095
 91
0
280
0
281
0
  0
CLASS
  1
MATERIAL
  2
AcDbMaterial
  3
ObjectDBX Classes
 90
1153
 91
0
280
0
281
0
  0
CLASS
  1
SCALE
  2
AcDbScale
  3
ObjectDBX Classes
 90
1153
 91
0
280
0
281
0
  0
CLASS
  1
TABLESTYLE
  2
AcDbTableStyle
  3
ObjectDBX Classes
 90
4095
 91
0
280
0
281
0
  0
CLASS
  1
MLEADERSTYLE
  2
AcDbMLeaderStyle
  3
ACDB_MLEADERSTYLE_CLASS
 90
4095
 91
0
280
0
281
0
  0
CLASS
  1
DICTIONARYVAR
  2
AcDbDictionaryVar
  3
ObjectDBX Classes
 90
0
 91
0
280
0
281
0
  0
CLASS
  1
CELLSTYLEMAP
  2
AcDbCellStyleMap
  3
ObjectDBX Classes
 90
1152
 91
0
280
0
281
0
  0
CLASS
  1
MENTALRAYRENDERSETTINGS
  2
AcDbMentalRayRenderSettings
  3
SCENEOE
 90
1024
 91
0
280
0
281
0
  0
CLASS
  1
ACDBDETAILVIEWSTYLE
  2
AcDbDetailViewStyle
  3
ObjectDBX Classes
 90
1025
 91
0
280
0
281
0
  0
CLASS
  1
ACDBSECTIONVIEWSTYLE
  2
AcDbSectionViewStyle
  3
ObjectDBX Classes
 90
1025
 91
0
280
0
281
0
  0
CLASS
  1
RASTERVARIABLES
  2
AcDbRasterVariables
  3
ISM
 90
0
 91
0
280
0
281
0
  0
CLASS
  1
ACDBPLACEHOLDER
  2
AcDbPlaceHolder
  3
ObjectDBX Classes
 90
0
 91
0
280
0
281
0
  0
CLASS
  1
LAYOUT
  2
AcDbLayout
  3
ObjectDBX Classes
 90
0
 91
0
280
0
281
0
  0
ENDSEC
  0
SECTION
  2
TABLES
  0
TABLE
  2
VPORT
  5
8
330
0
100
AcDbSymbolTable
 70
1
  0
VPORT
  5
23
330
8
100
AcDbSymbolTableRecord
100
AcDbViewportTableRecord
  2
*Active
 70
0
 10
0.0
 20
0.0
 11
1.0
 21
1.0
 12
0.0
 22
0.0
 13
0.0
 23
0.0
 14
0.5
 24
0.5
 15
0.5
 25
0.5
 16
0.0
 26
0.0
 36
1.0
 17
0.0
 27
0.0
 37
0.0
 40
1000.0
 41
1.34
 42
50.0
 43
0.0
 44
0.0
 50
0.0
 51
0.0
 71
0
 72
1000
 73
1
 74
3
 75
0
 76
0
 77
0
 78
0
281
0
 65
0
146
0.0
  0
ENDTAB
  0
TABLE
  2
LTYPE
  5
2
330
0
100
AcDbSymbolTable
 70
21
  0
LTYPE
  5
24
330
2
100
AcDbSymbolTableRecord
100
AcDbLinetypeTableRecord
  2
ByBlock
 70
0
  3

 72
65
 73
0
 40
0.0
  0
LTYPE
  5
25
330
2
100
AcDbSymbolTableRecord
100
AcDbLinetypeTableRecord
  2
ByLayer
 70
0
  3

 72
65
 73
0
 40
0.0
  0
LTYPE
  5
26
330
2
100
AcDbSymbolTableRecord
100
AcDbLinetypeTableRecord
  2
Continuous
 70
0
  3

 72
65
 73
0
 40
0.0
  0
LTYPE
  5
2F
330
2
100
AcDbSymbolTableRecord
100
AcDbLinetypeTableRecord
  2
CENTER
 70
0
  3
Center ____ _ ____ _ ____ _ ____ _ ____ _ ____
 72
65
 73
4
 40
5.08
 49
3.175
 74
0
 49
-0.635
 74
0
 49
0.635
 74
0
 49
-0.635
 74
0
  0
LTYPE
  5
30
330
2
100
AcDbSymbolTableRecord
100
AcDbLinetypeTableRecord
  2
CENTERX2
 70
0
  3
Center (2x) ________  __  ________  __  ________
 72
65
 73
4
 40
8.89
 49
6.35
 74
0
 49
-0.635
 74
0
 49
1.27
 74
0
 49
-0.635
 74
0
  0
LTYPE
  5
31
330
2
100
AcDbSymbolTableRecord
100
AcDbLinetypeTableRecord
  2
CENTER2
 70
0
  3
Center (.5x) ____ _ ____ _ ____ _ ____ _ ____
 72
65
 73
4
 40
2.54
 49
1.587
 74
0
 49
-0.318
 74
0
 49
0.318
 74
0
 49
-0.318
 74
0
  0
LTYPE
  5
32
330
2
100
AcDbSymbolTableRecord
100
AcDbLinetypeTableRecord
  2
DASHED
 70
0
  3
Dashed __ __ __ __ __ __ __ __ __ __ __ __ __ _
 72
65
 73
2
 40
1.524
 49
1.27
 74
0
 49
-0.254
 74
0
  0
LTYPE
  5
33
330
2
100
AcDbSymbolTableRecord
100
AcDbLinetypeTableRecord
  2
DASHEDX2
 70
0
  3
Dashed (2x) ____  ____  ____  ____  ____  ____
 72
65
 73
2
 40
3.048
 49
2.54
 74
0
 49
-0.508
 74
0
  0
LTYPE
  5
34
330
2
100
AcDbSymbolTableRecord
100
AcDbLinetypeTableRecord
  2
DASHED2
 70
0
  3
Dashed (.5x) _ _ _ _ _ _ _ _ _ _ _ _ _ _
 72
65
 73
2
 40
0.762
 49
0.635
 74
0
 49
-0.127
 74
0
  0
LTYPE
  5
35
330
2
100
AcDbSymbolTableRecord
100
AcDbLinetypeTableRecord
  2
PHANTOM
 70
0
  3
Phantom ______  __  __  ______  __  __  ______
 72
65
 73
6
 40
6.35
 49
3.175
 74
0
 49
-0.635
 74
0
 49
0.635
 74
0
 49
-0.635
 74
0
 49
0.635
 74
0
 49
-0.635
 74
0
  0
LTYPE
  5
36
330
2
100
AcDbSymbolTableRecord
100
AcDbLinetypeTableRecord
  2
PHANTOMX2
 70
0
  3
Phantom (2x)____________    ____    ____    ____________
 72
65
 73
6
 40
10.795
 49
6.35
 74
0
 49
-0.635
 74
0
 49
1.27
 74
0
 49
-0.635
 74
0
 49
1.27
 74
0
 49
-0.635
 74
0
  0
LTYPE
  5
37
330
2
100
AcDbSymbolTableRecord
100
AcDbLinetypeTableRecord
  2
PHANTOM2
 70
0
  3
Phantom (.5x) ___ _ _ ___ _ _ ___ _ _ ___ _ _ ___
 72
65
 73
6
 40
3.175
 49
1.587
 74
0
 49
-0.318
 74
0
 49
0.318
 74
0
 49
-0.318
 74
0
 49
0.318
 74
0
 49
-0.318
 74
0
  0
LTYPE
  5
38
330
2
100
AcDbSymbolTableRecord
100
AcDbLinetypeTableRecord
  2
DASHDOT
 70
0
  3
Dash dot __ . __ . __ . __ . __ . __ . __ . __
 72
65
 73
4
 40
3.556
 49
2.54
 74
0
 49
-0.508
 74
0
 49
0.0
 74
0
 49
-0.508
 74
0
  0
LTYPE
  5
39
330
2
100
AcDbSymbolTableRecord
100
AcDbLinetypeTableRecord
  2
DASHDOTX2
 70
0
  3
Dash dot (2x) ____  .  ____  .  ____  .  ____
 72
65
 73
4
 40
6.096
 49
5.08
 74
0
 49
-0.508
 74
0
 49
0.0
 74
0
 49
-0.508
 74
0
  0
LTYPE
  5
3A
330
2
100
AcDbSymbolTableRecord
100
AcDbLinetypeTableRecord
  2
DASHDOT2
 70
0
  3
Dash dot (.5x) _ . _ . _ . _ . _ . _ . _ . _
 72
65
 73
4
 40
1.778
 49
1.27
 74
0
 49
-0.254
 74
0
 49
0.0
 74
0
 49
-0.254
 74
0
  0
LTYPE
  5
3B
330
2
100
AcDbSymbolTableRecord
100
AcDbLinetypeTableRecord
  2
DOT
 70
0
  3
Dot .  .  .  .  .  .  .  .  .  .  .  .  .  .  .  .
 72
65
 73
2
 40
0.508
 49
0.0
 74
0
 49
-0.508
 74
0
  0
LTYPE
  5
3C
330
2
100
AcDbSymbolTableRecord
100
AcDbLinetypeTableRecord
  2
DOTX2
 70
0
  3
Dot (2x) .    .    .    .    .    .    .    . 
 72
65
 73
2
 40
1.016
 49
0.0
 74
0
 49
-1.016
 74
0
  0
LTYPE
  5
3D
330
2
100
AcDbSymbolTableRecord
100
AcDbLinetypeTableRecord
  2
DOT2
 70
0
  3
Dot (.5) . . . . . . . . . . . . . . . . . . . 
 72
65
 73
2
 40
0.254
 49
0.0
 74
0
 49
-0.254
 74
0
  0
LTYPE
  5
3E
330
2
100
AcDbSymbolTableRecord
100
AcDbLinetypeTableRecord
  2
DIVIDE
 70
0
  3
Divide __ . . __ . . __ . . __ . . __ . . __
 72
65
 73
6
 40
4.064
 49
2.54
 74
0
 49
-0.508
 74
0
 49
0.0
 74
0
 49
-0.508
 74
0
 49
0.0
 74
0
 49
-0.508
 74
0
  0
LTYPE
  5
3F
330
2
100
AcDbSymbolTableRecord
100
AcDbLinetypeTableRecord
  2
DIVIDEX2
 70
0
  3
Divide (2x) ____  . .  ____  . .  ____  . .  ____
 72
65
 73
6
 40
6.604
 49
5.08
 74
0
 49
-0.508
 74
0
 49
0.0
 74
0
 49
-0.508
 74
0
 49
0.0
 74
0
 49
-0.508
 74
0
  0
LTYPE
  5
40
330
2
100
AcDbSymbolTableRecord
100
AcDbLinetypeTableRecord
  2
DIVIDE2
 70
0
  3
Divide(.5x) _ . _ . _ . _ . _ . _ . _ . _
 72
65
 73
6
 40
2.032
 49
1.27
 74
0
 49
-0.254
 74
0
 49
0.0
 74
0
 49
-0.254
 74
0
 49
0.0
 74
0
 49
-0.254
 74
0
  0
ENDTAB
  0
TABLE
  2
LAYER
  5
1
330
0
100
AcDbSymbolTable
 70
12
  0
LAYER
  5
27
330
1
100
AcDbSymbolTableRecord
100
AcDbLayerTableRecord
  2
0
 70
0
 62
7
  6
Continuous
370
-3
390
13
347
21
  0
LAYER
  5
28
330
1
100
AcDbSymbolTableRecord
100
AcDbLayerTableRecord
  2
Defpoints
 70
0
 62
7
  6
Continuous
290
0
370
-3
390
13
347
21
  0
LAYER
  5
8A
330
1
100
AcDbSymbolTableRecord
100
AcDbLayerTableRecord
  2
OUTLINE
 70
0
 62
7
  6
Continuous
370
-3
390
13
347
21
  0
LAYER
  5
8B
330
1
100
AcDbSymbolTableRecord
100
AcDbLayerTableRecord
  2
HOLE
 70
0
 62
1
  6
Continuous
370
-3
390
13
347
21
  0
LAYER
  5
8C
330
1
100
AcDbSymbolTableRecord
100
AcDbLayerTableRecord
  2
DIM
 70
0
 62
8
  6
Continuous
370
-3
390
13
347
21
  0
LAYER
  5
8D
330
1
100
AcDbSymbolTableRecord
100
AcDbLayerTableRecord
  2
TXT
 70
0
 62
7
  6
Continuous
370
-3
390
13
347
21
  0
LAYER
  5
8E
330
1
100
AcDbSymbolTableRecord
100
AcDbLayerTableRecord
  2
TITLE
 70
0
 62
7
  6
Continuous
370
-3
390
13
347
21
  0
LAYER
  5
8F
330
1
100
AcDbSymbolTableRecord
100
AcDbLayerTableRecord
  2
CL
 70
0
 62
4
  6
Continuous
370
-3
390
13
347
21
  0
LAYER
  5
90
330
1
100
AcDbSymbolTableRecord
100
AcDbLayerTableRecord
  2
SECT
 70
0
 62
7
  6
Continuous
370
-3
390
13
347
21
  0
LAYER
  5
91
330
1
100
AcDbSymbolTableRecord
100
AcDbLayerTableRecord
  2
NOTE
 70
0
 62
7
  6
Continuous
370
-3
390
13
347
21
  0
LAYER
  5
92
330
1
100
AcDbSymbolTableRecord
100
AcDbLayerTableRecord
  2
BORDER
 70
0
 62
7
  6
Continuous
370
-3
390
13
347
21
  0
LAYER
  5
93
330
1
100
AcDbSymbolTableRecord
100
AcDbLayerTableRecord
  2
SWATCH
 70
0
 62
7
  6
Continuous
370
-3
390
13
347
21
  0
ENDTAB
  0
TABLE
  2
STYLE
  5
5
330
0
100
AcDbSymbolTable
 70
26
  0
STYLE
  5
29
330
5
100
AcDbSymbolTableRecord
100
AcDbTextStyleTableRecord
  2
Standard
 70
0
 40
0.0
 41
1.0
 50
0.0
 71
0
 42
2.5
  3
txt
  4

  0
STYLE
  5
41
330
5
100
AcDbSymbolTableRecord
100
AcDbTextStyleTableRecord
  2
OpenSans-Light
 70
0
 40
0.0
 41
1.0
 50
0.0
 71
0
 42
2.5
  3
OpenSans-Light.ttf
  4

  0
STYLE
  5
42
330
5
100
AcDbSymbolTableRecord
100
AcDbTextStyleTableRecord
  2
OpenSans-Light-Italic
 70
0
 40
0.0
 41
1.0
 50
0.0
 71
0
 42
2.5
  3
OpenSans-LightItalic.ttf
  4

  0
STYLE
  5
43
330
5
100
AcDbSymbolTableRecord
100
AcDbTextStyleTableRecord
  2
OpenSans
 70
0
 40
0.0
 41
1.0
 50
0.0
 71
0
 42
2.5
  3
OpenSans-Regular.ttf
  4

  0
STYLE
  5
44
330
5
100
AcDbSymbolTableRecord
100
AcDbTextStyleTableRecord
  2
OpenSans-Italic
 70
0
 40
0.0
 41
1.0
 50
0.0
 71
0
 42
2.5
  3
OpenSans-Italic.ttf
  4

  0
STYLE
  5
45
330
5
100
AcDbSymbolTableRecord
100
AcDbTextStyleTableRecord
  2
OpenSans-SemiBold
 70
0
 40
0.0
 41
1.0
 50
0.0
 71
0
 42
2.5
  3
OpenSans-SemiBold.ttf
  4

  0
STYLE
  5
46
330
5
100
AcDbSymbolTableRecord
100
AcDbTextStyleTableRecord
  2
OpenSans-SemiBoldItalic
 70
0
 40
0.0
 41
1.0
 50
0.0
 71
0
 42
2.5
  3
OpenSans-SemiBoldItalic.ttf
  4

  0
STYLE
  5
47
330
5
100
AcDbSymbolTableRecord
100
AcDbTextStyleTableRecord
  2
OpenSans-Bold
 70
0
 40
0.0
 41
1.0
 50
0.0
 71
0
 42
2.5
  3
OpenSans-Bold.ttf
  4

  0
STYLE
  5
48
330
5
100
AcDbSymbolTableRecord
100
AcDbTextStyleTableRecord
  2
OpenSans-BoldItalic
 70
0
 40
0.0
 41
1.0
 50
0.0
 71
0
 42
2.5
  3
OpenSans-BoldItalic.ttf
  4

  0
STYLE
  5
49
330
5
100
AcDbSymbolTableRecord
100
AcDbTextStyleTableRecord
  2
OpenSans-ExtraBold
 70
0
 40
0.0
 41
1.0
 50
0.0
 71
0
 42
2.5
  3
OpenSans-ExtraBold.ttf
  4

  0
STYLE
  5
4A
330
5
100
AcDbSymbolTableRecord
100
AcDbTextStyleTableRecord
  2
OpenSans-ExtraBoldItalic
 70
0
 40
0.0
 41
1.0
 50
0.0
 71
0
 42
2.5
  3
OpenSans-ExtraBoldItalic.ttf
  4

  0
STYLE
  5
4B
330
5
100
AcDbSymbolTableRecord
100
AcDbTextStyleTableRecord
  2
OpenSansCondensed-Bold
 70
0
 40
0.0
 41
1.0
 50
0.0
 71
0
 42
2.5
  3
OpenSansCondensed-Bold.ttf
  4

  0
STYLE
  5
4C
330
5
100
AcDbSymbolTableRecord
100
AcDbTextStyleTableRecord
  2
OpenSansCondensed-Light
 70
0
 40
0.0
 41
1.0
 50
0.0
 71
0
 42
2.5
  3
OpenSansCondensed-Light.ttf
  4

  0
STYLE
  5
4D
330
5
100
AcDbSymbolTableRecord
100
AcDbTextStyleTableRecord
  2
OpenSansCondensed-Italic
 70
0
 40
0.0
 41
1.0
 50
0.0
 71
0
 42
2.5
  3
OpenSansCondensed-LightItalic.ttf
  4

  0
STYLE
  5
4E
330
5
100
AcDbSymbolTableRecord
100
AcDbTextStyleTableRecord
  2
LiberationSans
 70
0
 40
0.0
 41
1.0
 50
0.0
 71
0
 42
2.5
  3
LiberationSans-Regular.ttf
  4

  0
STYLE
  5
4F
330
5
100
AcDbSymbolTableRecord
100
AcDbTextStyleTableRecord
  2
LiberationSans-Bold
 70
0
 40
0.0
 41
1.0
 50
0.0
 71
0
 42
2.5
  3
LiberationSans-Bold.ttf
  4

  0
STYLE
  5
50
330
5
100
AcDbSymbolTableRecord
100
AcDbTextStyleTableRecord
  2
LiberationSans-BoldItalic
 70
0
 40
0.0
 41
1.0
 50
0.0
 71
0
 42
2.5
  3
LiberationSans-BoldItalic.ttf
  4

  0
STYLE
  5
51
330
5
100
AcDbSymbolTableRecord
100
AcDbTextStyleTableRecord
  2
LiberationSans-Italic
 70
0
 40
0.0
 41
1.0
 50
0.0
 71
0
 42
2.5
  3
LiberationSans-Italic.ttf
  4

  0
STYLE
  5
52
330
5
100
AcDbSymbolTableRecord
100
AcDbTextStyleTableRecord
  2
LiberationSerif
 70
0
 40
0.0
 41
1.0
 50
0.0
 71
0
 42
2.5
  3
LiberationSerif-Regular.ttf
  4

  0
STYLE
  5
53
330
5
100
AcDbSymbolTableRecord
100
AcDbTextStyleTableRecord
  2
LiberationSerif-Bold
 70
0
 40
0.0
 41
1.0
 50
0.0
 71
0
 42
2.5
  3
LiberationSerif-Bold.ttf
  4

  0
STYLE
  5
54
330
5
100
AcDbSymbolTableRecord
100
AcDbTextStyleTableRecord
  2
LiberationSerif-BoldItalic
 70
0
 40
0.0
 41
1.0
 50
0.0
 71
0
 42
2.5
  3
LiberationSerif-BoldItalic.ttf
  4

  0
STYLE
  5
55
330
5
100
AcDbSymbolTableRecord
100
AcDbTextStyleTableRecord
  2
LiberationSerif-Italic
 70
0
 40
0.0
 41
1.0
 50
0.0
 71
0
 42
2.5
  3
LiberationSerif-Italic.ttf
  4

  0
STYLE
  5
56
330
5
100
AcDbSymbolTableRecord
100
AcDbTextStyleTableRecord
  2
LiberationMono
 70
0
 40
0.0
 41
1.0
 50
0.0
 71
0
 42
2.5
  3
LiberationMono-Regular.ttf
  4

  0
STYLE
  5
57
330
5
100
AcDbSymbolTableRecord
100
AcDbTextStyleTableRecord
  2
LiberationMono-Bold
 70
0
 40
0.0
 41
1.0
 50
0.0
 71
0
 42
2.5
  3
LiberationMono-Bold.ttf
  4

  0
STYLE
  5
58
330
5
100
AcDbSymbolTableRecord
100
AcDbTextStyleTableRecord
  2
LiberationMono-BoldItalic
 70
0
 40
0.0
 41
1.0
 50
0.0
 71
0
 42
2.5
  3
LiberationMono-BoldItalic.ttf
  4

  0
STYLE
  5
59
330
5
100
AcDbSymbolTableRecord
100
AcDbTextStyleTableRecord
  2
LiberationMono-Italic
 70
0
 40
0.0
 41
1.0
 50
0.0
 71
0
 42
2.5
  3
LiberationMono-Italic.ttf
  4

  0
ENDTAB
  0
TABLE
  2
VIEW
  5
7
330
0
100
AcDbSymbolTable
 70
0
  0
ENDTAB
  0
TABLE
  2
UCS
  5
6
330
0
100
AcDbSymbolTable
 70
0
  0
ENDTAB
  0
TABLE
  2
APPID
  5
3
330
0
100
AcDbSymbolTable
 70
3
  0
APPID
  5
2A
330
3
100
AcDbSymbolTableRecord
100
AcDbRegAppTableRecord
  2
ACAD
 70
0
  0
APPID
  5
50C
330
3
100
AcDbSymbolTableRecord
100
AcDbRegAppTableRecord
  2
HATCHBACKGROUNDCOLOR
 70
0
  0
APPID
  5
50D
330
3
100
AcDbSymbolTableRecord
100
AcDbRegAppTableRecord
  2
EZDXF
 70
0
  0
ENDTAB
  0
TABLE
  2
DIMSTYLE
  5
4
330
0
100
AcDbSymbolTable
 70
12
100
AcDbDimStyleTable
  0
DIMSTYLE
105
2B
330
4
100
AcDbSymbolTableRecord
100
AcDbDimStyleTableRecord
  2
Standard
 70
0
 40
1.0
 41
2.5
 42
0.625
 43
3.75
 44
1.25
 45
0.0
 46
0.0
 47
0.0
 48
0.0
 49
2.5
140
2.5
141
2.5
142
0.0
143
0.03937007874
144
1.0
145
0.0
146
1.0
147
0.625
148
0.0
 69
0
 70
0
 71
0
 72
0
 73
0
 74
0
 75
0
 76
0
 77
1
 78
8
 79
3
170
0
171
3
172
1
173
0
174
0
175
0
176
0
177
0
178
0
179
2
271
2
272
2
273
2
274
3
275
0
276
0
277
2
278
44
279
0
280
0
281
0
282
0
283
0
284
8
285
0
286
0
288
0
289
3
290
0
371
-2
372
-2
  0
DIMSTYLE
105
73
330
4
100
AcDbSymbolTableRecord
100
AcDbDimStyleTableRecord
  2
EZDXF
 70
0
 40
1.0
 41
0.175
 42
0.125
 43
3.75
 44
0.375
 45
0.0
 46
0.0
 47
0.0
 48
0.0
 49
2.5
140
0.25
141
2.5
142
0.0
143
0.03937007874
144
100.0
145
0.0
146
0.5
147
0.1
148
0.0
 69
0
 70
0
 71
0
 72
0
 73
0
 74
0
 75
0
 76
0
 77
1
 78
12
 79
3
170
0
171
3
172
1
173
0
174
0
175
0
176
0
177
0
178
0
179
2
271
2
272
2
273
2
274
3
275
0
276
0
277
2
278
46
279
2
280
0
281
0
282
0
283
0
284
8
285
0
286
0
288
1
289
3
290
0
340
4C
342
74
371
-2
372
-2
  0
DIMSTYLE
105
7C
330
4
100
AcDbSymbolTableRecord
100
AcDbDimStyleTableRecord
  2
EZ_M_100_H25_CM
 70
0
 40
1.0
 41
0.25
 42
0.125
 43
3.75
 44
0.375
 45
0.0
 46
0.0
 47
0.0
 48
0.0
 49
2.5
140
0.25
141
2.5
142
0.125
143
0.03937007874
144
100.0
145
0.0
146
0.5
147
0.1
148
0.0
 69
0
 70
0
 71
0
 72
0
 73
0
 74
0
 75
0
 76
0
 77
1
 78
12
 79
3
170
0
171
3
172
1
173
0
174
0
175
0
176
0
177
0
178
0
179
2
271
2
272
2
273
2
274
3
275
0
276
0
277
2
278
46
279
2
280
0
281
0
282
0
283
0
284
8
285
0
286
0
288
1
289
3
290
0
340
4C
371
-2
372
-2
  0
DIMSTYLE
105
7D
330
4
100
AcDbSymbolTableRecord
100
AcDbDimStyleTableRecord
  2
EZ_M_50_H25_CM
 70
0
 40
1.0
 41
0.125
 42
0.0625
 43
3.75
 44
0.1875
 45
0.0
 46
0.0
 47
0.0
 48
0.0
 49
2.5
140
0.125
141
2.5
142
0.0625
143
0.03937007874
144
100.0
145
0.0
146
0.5
147
0.05
148
0.0
 69
0
 70
0
 71
0
 72
0
 73
0
 74
0
 75
0
 76
0
 77
1
 78
12
 79
3
170
0
171
3
172
1
173
0
174
0
175
0
176
0
177
0
178
0
179
2
271
2
272
2
273
2
274
3
275
0
276
0
277
2
278
46
279
2
280
0
281
0
282
0
283
0
284
8
285
0
286
0
288
1
289
3
290
0
340
4C
371
-2
372
-2
  0
DIMSTYLE
105
7E
330
4
100
AcDbSymbolTableRecord
100
AcDbDimStyleTableRecord
  2
EZ_M_25_H25_CM
 70
0
 40
1.0
 41
0.0625
 42
0.03125
 43
3.75
 44
0.09375
 45
0.0
 46
0.0
 47
0.0
 48
0.0
 49
2.5
140
0.0625
141
2.5
142
0.03125
143
0.03937007874
144
100.0
145
0.0
146
0.5
147
0.025
148
0.0
 69
0
 70
0
 71
0
 72
0
 73
0
 74
0
 75
0
 76
0
 77
1
 78
12
 79
3
170
0
171
3
172
1
173
0
174
0
175
0
176
0
177
0
178
0
179
2
271
2
272
2
273
2
274
3
275
0
276
0
277
2
278
46
279
2
280
0
281
0
282
0
283
0
284
8
285
0
286
0
288
1
289
3
290
0
340
4C
371
-2
372
-2
  0
DIMSTYLE
105
7F
330
4
100
AcDbSymbolTableRecord
100
AcDbDimStyleTableRecord
  2
EZ_M_20_H25_CM
 70
0
 40
1.0
 41
0.05
 42
0.025
 43
3.75
 44
0.07500000000000001
 45
0.0
 46
0.0
 47
0.0
 48
0.0
 49
2.5
140
0.05
141
2.5
142
0.025
143
0.03937007874
144
100.0
145
0.0
146
0.5
147
0.020000000000000004
148
0.0
 69
0
 70
0
 71
0
 72
0
 73
0
 74
0
 75
0
 76
0
 77
1
 78
12
 79
3
170
0
171
3
172
1
173
0
174
0
175
0
176
0
177
0
178
0
179
2
271
2
272
2
273
2
274
3
275
0
276
0
277
2
278
46
279
2
280
0
281
0
282
0
283
0
284
8
285
0
286
0
288
1
289
3
290
0
340
4C
371
-2
372
-2
  0
DIMSTYLE
105
80
330
4
100
AcDbSymbolTableRecord
100
AcDbDimStyleTableRecord
  2
EZ_M_10_H25_CM
 70
0
 40
1.0
 41
0.025
 42
0.0125
 43
3.75
 44
0.037500000000000006
 45
0.0
 46
0.0
 47
0.0
 48
0.0
 49
2.5
140
0.025
141
2.5
142
0.0125
143
0.03937007874
144
100.0
145
0.0
146
0.5
147
0.010000000000000002
148
0.0
 69
0
 70
0
 71
0
 72
0
 73
0
 74
0
 75
0
 76
0
 77
1
 78
12
 79
3
170
0
171
3
172
1
173
0
174
0
175
0
176
0
177
0
178
0
179
2
271
2
272
2
273
2
274
3
275
0
276
0
277
2
278
46
279
2
280
0
281
0
282
0
283
0
284
8
285
0
286
0
288
1
289
3
290
0
340
4C
371
-2
372
-2
  0
DIMSTYLE
105
81
330
4
100
AcDbSymbolTableRecord
100
AcDbDimStyleTableRecord
  2
EZ_M_5_H25_CM
 70
0
 40
1.0
 41
0.0125
 42
0.00625
 43
3.75
 44
0.018750000000000003
 45
0.0
 46
0.0
 47
0.0
 48
0.0
 49
2.5
140
0.0125
141
2.5
142
0.00625
143
0.03937007874
144
100.0
145
0.0
146
0.5
147
0.005000000000000001
148
0.0
 69
0
 70
0
 71
0
 72
0
 73
0
 74
0
 75
0
 76
0
 77
1
 78
12
 79
3
170
0
171
3
172
1
173
0
174
0
175
0
176
0
177
0
178
0
179
2
271
2
272
2
273
2
274
3
275
0
276
0
277
2
278
46
279
2
280
0
281
0
282
0
283
0
284
8
285
0
286
0
288
1
289
3
290
0
340
4C
371
-2
372
-2
  0
DIMSTYLE
105
82
330
4
100
AcDbSymbolTableRecord
100
AcDbDimStyleTableRecord
  2
EZ_M_1_H25_CM
 70
0
 40
1.0
 41
0.0025
 42
0.00125
 43
3.75
 44
0.00375
 45
0.0
 46
0.0
 47
0.0
 48
0.0
 49
2.5
140
0.0025
141
2.5
142
0.00125
143
0.03937007874
144
100.0
145
0.0
146
0.5
147
0.001
148
0.0
 69
0
 70
0
 71
0
 72
0
 73
0
 74
0
 75
0
 76
0
 77
1
 78
12
 79
3
170
0
171
3
172
1
173
0
174
0
175
0
176
0
177
0
178
0
179
2
271
2
272
2
273
2
274
3
275
0
276
0
277
2
278
46
279
2
280
0
281
0
282
0
283
0
284
8
285
0
286
0
288
1
289
3
290
0
340
4C
371
-2
372
-2
  0
DIMSTYLE
105
83
330
4
100
AcDbSymbolTableRecord
100
AcDbDimStyleTableRecord
  2
EZ_RADIUS
 70
0
 40
1.0
 41
0.25
 42
0.125
 43
3.75
 44
0.375
 45
0.0
 46
0.0
 47
0.0
 48
0.0
 49
2.5
140
0.25
141
0.0
142
0.0
143
0.03937007874
144
100.0
145
0.0
146
0.5
147
0.1
148
0.0
 69
0
 70
0
 71
0
 72
0
 73
0
 74
0
 75
0
 76
0
 77
1
 78
12
 79
3
170
0
171
3
172
0
173
0
174
0
175
0
176
0
177
0
178
0
179
2
271
2
272
2
273
2
274
3
275
0
276
0
277
2
278
46
279
1
280
0
281
0
282
0
283
0
284
8
285
0
286
0
288
1
289
3
290
0
340
4C
342
84
371
-2
372
-2
  0
DIMSTYLE
105
88
330
4
100
AcDbSymbolTableRecord
100
AcDbDimStyleTableRecord
  2
EZ_RADIUS_INSIDE
 70
0
 40
1.0
 41
0.25
 42
0.125
 43
3.75
 44
0.375
 45
0.0
 46
0.0
 47
0.0
 48
0.0
 49
2.5
140
0.25
141
0.0
142
0.0
143
0.03937007874
144
100.0
145
0.0
146
0.5
147
0.1
148
0.0
 69
0
 70
0
 71
0
 72
0
 73
0
 74
0
 75
0
 76
0
 77
0
 78
12
 79
3
170
0
171
3
172
0
173
0
174
1
175
0
176
0
177
0
178
0
179
2
271
2
272
2
273
2
274
3
275
0
276
0
277
2
278
46
279
0
280
0
281
0
282
0
283
0
284
8
285
0
286
0
288
1
289
0
290
0
340
4C
342
84
371
-2
372
-2
  0
DIMSTYLE
105
89
330
4
100
AcDbSymbolTableRecord
100
AcDbDimStyleTableRecord
  2
EZ_CURVED
 70
0
 40
1.0
 41
0.25
 42
0.125
 43
3.75
 44
0.375
 45
0.0
 46
0.0
 47
0.0
 48
0.0
 49
2.5
140
0.25
141
2.5
142
0.0
143
0.03937007874
144
100.0
145
0.0
146
0.5
147
0.1
148
0.0
 69
0
 70
0
 71
0
 72
0
 73
0
 74
0
 75
0
 76
0
 77
1
 78
12
 79
2
 90
2
170
0
171
3
172
1
173
0
174
0
175
0
176
0
177
0
178
0
179
2
271
2
272
2
273
2
274
3
275
0
276
0
277
2
278
46
279
2
280
0
281
0
282
0
283
0
284
8
285
0
286
0
288
1
289
3
290
0
340
4C
371
-2
372
-2
  0
ENDTAB
  0
TABLE
  2
BLOCK_RECORD
  5
9
330
0
100
AcDbSymbolTable
 70
5
  0
BLOCK_RECORD
  5
17
330
9
100
AcDbSymbolTableRecord
100
AcDbBlockTableRecord
  2
*Model_Space
340
1A
 70
0
280
1
281
0
  0
BLOCK_RECORD
  5
1B
330
9
100
AcDbSymbolTableRecord
100
AcDbBlockTableRecord
  2
*Paper_Space
340
1E
 70
0
280
1
281
0
  0
BLOCK_RECORD
  5
74
330
9
100
AcDbSymbolTableRecord
100
AcDbBlockTableRecord
  2
_ARCHTICK
340
0
 70
0
280
1
281
0
  0
BLOCK_RECORD
  5
78
330
9
100
AcDbSymbolTableRecord
100
AcDbBlockTableRecord
  2
_CLOSEDFILLED
340
0
 70
0
280
1
281
0
  0
BLOCK_RECORD
  5
84
330
9
100
AcDbSymbolTableRecord
100
AcDbBlockTableRecord
  2
_CLOSEDBLANK
340
0
 70
0
280
1
281
0
  0
ENDTAB
  0
ENDSEC
  0
SECTION
  2
BLOCKS
  0
BLOCK
  5
18
330
17
100
AcDbEntity
  8
0
100
AcDbBlockBegin
  2
*Model_Space
 70
0
 10
0.0
 20
0.0
 30
0.0
  3
*Model_Space
  1

  0
ENDBLK
  5
19
330
17
100
AcDbEntity
  8
0
100
AcDbBlockEnd
  0
BLOCK
  5
1C
330
1B
100
AcDbEntity
  8
0
100
AcDbBlockBegin
  2
*Paper_Space
 70
0
 10
0.0
 20
0.0
 30
0.0
  3
*Paper_Space
  1

  0
ENDBLK
  5
1D
330
1B
100
AcDbEntity
  8
0
100
AcDbBlockEnd
  0
BLOCK
  5
75
330
74
100
AcDbEntity
  8
0
100
AcDbBlockBegin
  2
_ARCHTICK
 70
0
 10
0.0
 20
0.0
 30
0.0
  3
_ARCHTICK
  1

  0
LWPOLYLINE
  5
77
330
74
100
AcDbEntity
  8
0
  6
BYBLOCK
 62
0
100
AcDbPolyline
 90
2
 70
0
 43
0.15
 10
-0.5
 20
-0.5
 10
0.5
 20
0.5
  0
ENDBLK
  5
76
330
74
100
AcDbEntity
  8
0
100
AcDbBlockEnd
  0
BLOCK
  5
79
330
78
100
AcDbEntity
  8
0
100
AcDbBlockBegin
  2
_CLOSEDFILLED
 70
0
 10
0.0
 20
0.0
 30
0.0
  3
_CLOSEDFILLED
  1

  0
SOLID
  5
7B
330
78
100
AcDbEntity
  8
0
  6
BYBLOCK
 62
0
100
AcDbTrace
 10
-1.0
 20
0.16439898372402537
 30
0.0
 11
0.0
 21
0.0
 31
0.0
 12
-1.0
 22
-0.16439898372402537
 32
0.0
 13
-1.0
 23
-0.16439898372402537
 33
0.0
  0
ENDBLK
  5
7A
330
78
100
AcDbEntity
  8
0
100
AcDbBlockEnd
  0
BLOCK
  5
85
330
84
100
AcDbEntity
  8
0
100
AcDbBlockBegin
  2
_CLOSEDBLANK
 70
0
 10
0.0
 20
0.0
 30
0.0
  3
_CLOSEDBLANK
  1

  0
LWPOLYLINE
  5
87
330
84
100
AcDbEntity
  8
0
  6
BYBLOCK
 62
0
100
AcDbPolyline
 90
3
 70
1
 10
-1.0
 20
0.16439898372402537
 10
0.0
 20
0.0
 10
-1.0
 20
-0.16439898372402537
  0
ENDBLK
  5
86
330
84
100
AcDbEntity
  8
0
100
AcDbBlockEnd
  0
ENDSEC
  0
SECTION
  2
ENTITIES
  0
TEXT
  5
94
330
17
100
AcDbEntity
  8
TITLE
100
AcDbText
 10
0.0
 20
0.0
 30
0.0
 40
40.0
  1
GUIDING RAIL CLIP  -  10 TYPES  -  ORTHOGRAPHIC ENGINEERING DRAWING
 11
0.0
 21
0.0
 31
0.0
100
AcDbText
 73
1
  0
TEXT
  5
95
330
17
100
AcDbEntity
  8
TITLE
100
AcDbText
 10
0.0
 20
-54.0
 30
0.0
 40
16.0
  1
3 Monahan Avenue (HA23007)   |   formed sheet-metal guiding rail / clip profile   |   FRONT + TOP + SIDE view per type + typical cross-section
 11
0.0
 21
-54.0
 31
0.0
100
AcDbText
 73
1
  0
TEXT
  5
96
330
17
100
AcDbEntity
  8
NOTE
100
AcDbText
 10
0.0
 20
-96.0
 30
0.0
 40
14.0
  1
NOTES:
 11
0.0
 21
-96.0
 31
0.0
100
AcDbText
 73
1
  0
TEXT
  5
97
330
17
100
AcDbEntity
  8
NOTE
100
AcDbText
 10
0.0
 20
-119.0
 30
0.0
 40
14.0
  1
1. ALL DIMENSIONS IN MILLIMETRES (mm).   Drawing 1:1 (typical cross-section detail 3:1).
 11
0.0
 21
-119.0
 31
0.0
100
AcDbText
 73
1
  0
TEXT
  5
98
330
17
100
AcDbEntity
  8
NOTE
100
AcDbText
 10
0.0
 20
-142.0
 30
0.0
 40
14.0
  1
2. MATERIAL: formed steel sheet, thickness 0.25 mm.
 11
0.0
 21
-142.0
 31
0.0
100
AcDbText
 73
1
  0
TEXT
  5
99
330
17
100
AcDbEntity
  8
NOTE
100
AcDbText
 10
0.0
 20
-165.0
 30
0.0
 40
14.0
  1
3. PROFILE: central flat 68 + vertical leg 15 each side + inward return lip 10 each side.   Developed blank 10+15+68+15+10 = 118.
 11
0.0
 21
-165.0
 31
0.0
100
AcDbText
 73
1
  0
TEXT
  5
9A
330
17
100
AcDbEntity
  8
NOTE
100
AcDbText
 10
0.0
 20
-188.0
 30
0.0
 40
14.0
  1
4. RETURN LIPS hook INWARD 16 deg from the vertical legs (M-shaped section); channel OPENS UPWARD -> clear opening between the two inward hook tips = 62.5 mm.
 11
0.0
 21
-188.0
 31
0.0
100
AcDbText
 73
1
  0
TEXT
  5
9B
330
17
100
AcDbEntity
  8
NOTE
100
AcDbText
 10
0.0
 20
-211.0
 30
0.0
 40
14.0
  1
5. ALL HOLES dia 3.5 (%%c3.5), dimensioned per type.   Side (cross-section) view identical for every type and repeated.
 11
0.0
 21
-211.0
 31
0.0
100
AcDbText
 73
1
  0
TEXT
  5
9C
330
17
100
AcDbEntity
  8
NOTE
100
AcDbText
 10
0.0
 20
-234.0
 30
0.0
 40
14.0
  1
6. Each type drawn in its source identification colour with its quantity (preserved from clip_cutting_layout_red_d_se_garden_position_fix).
 11
0.0
 21
-234.0
 31
0.0
100
AcDbText
 73
1
  0
TEXT
  5
9D
330
17
100
AcDbEntity
  8
TITLE
100
AcDbText
 10
0.0
 20
-287.0
 30
0.0
 40
24.0
  1
TYPICAL CROSS-SECTION   (SCALE 3:1)   -   identical for all 10 types
 11
0.0
 21
-287.0
 31
0.0
100
AcDbText
 73
1
  0
LWPOLYLINE
  5
9E
330
17
100
AcDbEntity
  8
SECT
100
AcDbPolyline
 90
6
 70
0
 10
106.25
 20
-420.8433267845441
 10
98.0
 20
-392.0
 10
98.0
 20
-437.0
 10
302.0
 20
-437.0
 10
302.0
 20
-392.0
 10
293.75
 20
-420.8433267845441
  0
LINE
  5
9F
330
17
100
AcDbEntity
  8
DIM
100
AcDbLine
 10
98.0
 20
-437.0
 30
0.0
 11
98.0
 21
-485.0
 31
0.0
  0
LINE
  5
A0
330
17
100
AcDbEntity
  8
DIM
100
AcDbLine
 10
302.0
 20
-437.0
 30
0.0
 11
302.0
 21
-485.0
 31
0.0
  0
LINE
  5
A1
330
17
100
AcDbEntity
  8
DIM
100
AcDbLine
 10
98.0
 20
-485.0
 30
0.0
 11
302.0
 21
-485.0
 31
0.0
  0
LINE
  5
A2
330
17
100
AcDbEntity
  8
DIM
100
AcDbLine
 10
98.0
 20
-485.0
 30
0.0
 11
103.63815572471545
 21
-482.947879140046
 31
0.0
  0
LINE
  5
A3
330
17
100
AcDbEntity
  8
DIM
100
AcDbLine
 10
98.0
 20
-485.0
 30
0.0
 11
103.63815572471545
 21
-487.052120859954
 31
0.0
  0
LINE
  5
A4
330
17
100
AcDbEntity
  8
DIM
100
AcDbLine
 10
302.0
 20
-485.0
 30
0.0
 11
296.36184427528457
 21
-487.052120859954
 31
0.0
  0
LINE
  5
A5
330
17
100
AcDbEntity
  8
DIM
100
AcDbLine
 10
302.0
 20
-485.0
 30
0.0
 11
296.36184427528457
 21
-482.947879140046
 31
0.0
  0
TEXT
  5
A6
330
17
100
AcDbEntity
  8
DIM
100
AcDbText
 10
200.0
 20
-477.8
 30
0.0
 40
16.0
  1
68
 72
1
 11
200.0
 21
-477.8
 31
0.0
100
AcDbText
 73
1
  0
LINE
  5
A7
330
17
100
AcDbEntity
  8
DIM
100
AcDbLine
 10
302.0
 20
-437.0
 30
0.0
 11
348.0
 21
-437.0
 31
0.0
  0
LINE
  5
A8
330
17
100
AcDbEntity
  8
DIM
100
AcDbLine
 10
302.0
 20
-392.0
 30
0.0
 11
348.0
 21
-392.0
 31
0.0
  0
LINE
  5
A9
330
17
100
AcDbEntity
  8
DIM
100
AcDbLine
 10
348.0
 20
-437.0
 30
0.0
 11
348.0
 21
-392.0
 31
0.0
  0
LINE
  5
AA
330
17
100
AcDbEntity
  8
DIM
100
AcDbLine
 10
348.0
 20
-437.0
 30
0.0
 11
345.947879140046
 21
-431.36184427528457
 31
0.0
  0
LINE
  5
AB
330
17
100
AcDbEntity
  8
DIM
100
AcDbLine
 10
348.0
 20
-437.0
 30
0.0
 11
350.052120859954
 21
-431.36184427528457
 31
0.0
  0
LINE
  5
AC
330
17
100
AcDbEntity
  8
DIM
100
AcDbLine
 10
348.0
 20
-392.0
 30
0.0
 11
350.052120859954
 21
-397.63815572471543
 31
0.0
  0
LINE
  5
AD
330
17
100
AcDbEntity
  8
DIM
100
AcDbLine
 10
348.0
 20
-392.0
 30
0.0
 11
345.947879140046
 21
-397.63815572471543
 31
0.0
  0
TEXT
  5
AE
330
17
100
AcDbEntity
  8
DIM
100
AcDbText
 10
356.0
 20
-414.5
 30
0.0
 40
16.0
  1
15
 50
90.0
 72
1
 11
356.0
 21
-414.5
 31
0.0
100
AcDbText
 73
1
  0
LINE
  5
AF
330
17
100
AcDbEntity
  8
DIM
100
AcDbLine
 10
98.0
 20
-437.0
 30
0.0
 11
52.0
 21
-437.0
 31
0.0
  0
LINE
  5
B0
330
17
100
AcDbEntity
  8
DIM
100
AcDbLine
 10
98.0
 20
-392.0
 30
0.0
 11
52.0
 21
-392.0
 31
0.0
  0
LINE
  5
B1
330
17
100
AcDbEntity
  8
DIM
100
AcDbLine
 10
52.0
 20
-437.0
 30
0.0
 11
52.0
 21
-392.0
 31
0.0
  0
LINE
  5
B2
330
17
100
AcDbEntity
  8
DIM
100
AcDbLine
 10
52.0
 20
-437.0
 30
0.0
 11
49.947879140045984
 21
-431.36184427528457
 31
0.0
  0
LINE
  5
B3
330
17
100
AcDbEntity
  8
DIM
100
AcDbLine
 10
52.0
 20
-437.0
 30
0.0
 11
54.052120859954016
 21
-431.36184427528457
 31
0.0
  0
LINE
  5
B4
330
17
100
AcDbEntity
  8
DIM
100
AcDbLine
 10
52.0
 20
-392.0
 30
0.0
 11
54.052120859954016
 21
-397.63815572471543
 31
0.0
  0
LINE
  5
B5
330
17
100
AcDbEntity
  8
DIM
100
AcDbLine
 10
52.0
 20
-392.0
 30
0.0
 11
49.947879140045984
 21
-397.63815572471543
 31
0.0
  0
TEXT
  5
B6
330
17
100
AcDbEntity
  8
DIM
100
AcDbText
 10
44.0
 20
-414.5
 30
0.0
 40
16.0
  1
15
 50
90.0
 72
1
 11
44.0
 21
-414.5
 31
0.0
100
AcDbText
 73
1
  0
LINE
  5
B7
330
17
100
AcDbEntity
  8
DIM
100
AcDbLine
 10
302.0
 20
-392.0
 30
0.0
 11
326.9975498799382
 21
-399.15
 31
0.0
  0
LINE
  5
B8
330
17
100
AcDbEntity
  8
DIM
100
AcDbLine
 10
293.75
 20
-420.8433267845441
 30
0.0
 11
318.7475498799382
 21
-427.9933267845441
 31
0.0
  0
LINE
  5
B9
330
17
100
AcDbEntity
  8
DIM
100
AcDbLine
 10
326.9975498799382
 20
-399.15
 30
0.0
 11
318.7475498799382
 21
-427.9933267845441
 31
0.0
  0
LINE
  5
BA
330
17
100
AcDbEntity
  8
DIM
100
AcDbLine
 10
326.9975498799382
 20
-399.15
 30
0.0
 11
327.42005680780926
 21
-405.1351055041579
 31
0.0
  0
LINE
  5
BB
330
17
100
AcDbEntity
  8
DIM
100
AcDbLine
 10
326.9975498799382
 20
-399.15
 30
0.0
 11
323.47405730347367
 21
-404.00643903118316
 31
0.0
  0
LINE
  5
BC
330
17
100
AcDbEntity
  8
DIM
100
AcDbLine
 10
318.7475498799382
 20
-427.9933267845441
 30
0.0
 11
318.3250429520672
 21
-422.0082212803862
 31
0.0
  0
LINE
  5
BD
330
17
100
AcDbEntity
  8
DIM
100
AcDbLine
 10
318.7475498799382
 20
-427.9933267845441
 30
0.0
 11
322.27104245640277
 21
-423.1368877533609
 31
0.0
  0
TEXT
  5
BE
330
17
100
AcDbEntity
  8
DIM
100
AcDbText
 10
333.6407252128347
 20
-416.65166339227204
 30
0.0
 40
14.0
  1
10
 50
74.03798583715275
 72
1
 11
333.6407252128347
 21
-416.65166339227204
 31
0.0
100
AcDbText
 73
2
  0
ARC
  5
BF
330
17
100
AcDbEntity
  8
DIM
100
AcDbCircle
 10
302.0
 20
-392.0
 30
0.0
 40
30.0
100
AcDbArc
 50
254.04
 51
270.0
  0
TEXT
  5
C0
330
17
100
AcDbEntity
  8
DIM
100
AcDbText
 10
296.30807562737186
 20
-432.6029801484606
 30
0.0
 40
13.0
  1
16 deg
 72
1
 11
296.30807562737186
 21
-432.6029801484606
 31
0.0
100
AcDbText
 73
2
  0
LINE
  5
C1
330
17
100
AcDbEntity
  8
DIM
 62
8
100
AcDbLine
 10
106.25
 20
-420.8433267845441
 30
0.0
 11
106.25
 21
-348.0
 31
0.0
  0
LINE
  5
C2
330
17
100
AcDbEntity
  8
DIM
 62
8
100
AcDbLine
 10
293.75
 20
-420.8433267845441
 30
0.0
 11
293.75
 21
-348.0
 31
0.0
  0
LINE
  5
C3
330
17
100
AcDbEntity
  8
DIM
100
AcDbLine
 10
106.25
 20
-348.0
 30
0.0
 11
293.75
 21
-348.0
 31
0.0
  0
LINE
  5
C4
330
17
100
AcDbEntity
  8
DIM
100
AcDbLine
 10
106.25
 20
-348.0
 30
0.0
 11
111.88815572471545
 21
-345.947879140046
 31
0.0
  0
LINE
  5
C5
330
17
100
AcDbEntity
  8
DIM
100
AcDbLine
 10
106.25
 20
-348.0
 30
0.0
 11
111.88815572471545
 21
-350.052120859954
 31
0.0
  0
LINE
  5
C6
330
17
100
AcDbEntity
  8
DIM
100
AcDbLine
 10
293.75
 20
-348.0
 30
0.0
 11
288.11184427528457
 21
-350.052120859954
 31
0.0
  0
LINE
  5
C7
330
17
100
AcDbEntity
  8
DIM
100
AcDbLine
 10
293.75
 20
-348.0
 30
0.0
 11
288.11184427528457
 21
-345.947879140046
 31
0.0
  0
TEXT
  5
C8
330
17
100
AcDbEntity
  8
DIM
100
AcDbText
 10
200.0
 20
-341.25
 30
0.0
 40
15.0
  1
opening 62.5 (between inward hook tips)
 72
1
 11
200.0
 21
-341.25
 31
0.0
100
AcDbText
 73
1
  0
LINE
  5
C9
330
17
100
AcDbEntity
  8
DIM
100
AcDbLine
 10
98.0
 20
-437.0
 30
0.0
 11
18.0
 21
-465.0
 31
0.0
  0
LINE
  5
CA
330
17
100
AcDbEntity
  8
DIM
100
AcDbLine
 10
98.0
 20
-437.0
 30
0.0
 11
93.35629860241364
 21
-440.79947856028355
 31
0.0
  0
LINE
  5
CB
330
17
100
AcDbEntity
  8
DIM
100
AcDbLine
 10
98.0
 20
-437.0
 30
0.0
 11
92.0004606070552
 21
-436.92565571640233
 31
0.0
  0
TEXT
  5
CC
330
17
100
AcDbEntity
  8
DIM
100
AcDbText
 10
14.0
 20
-465.0
 30
0.0
 40
14.0
  1
t = 0.25 (formed sheet)
 72
2
 11
14.0
 21
-465.0
 31
0.0
100
AcDbText
 73
2
  0
LWPOLYLINE
  5
CD
330
17
100
AcDbEntity
  8
OUTLINE
100
AcDbPolyline
 90
5
 70
0
 10
880.0
 20
-447.0
 10
1234.0
 20
-447.0
 10
1234.0
 20
-413.0
 10
880.0
 20
-413.0
 10
880.0
 20
-447.0
  0
TEXT
  5
CE
330
17
100
AcDbEntity
  8
TITLE
100
AcDbText
 10
880.0
 20
-395.0
 30
0.0
 40
16.0
  1
DEVELOPED / FLAT BLANK   (SCALE 3:1)
 11
880.0
 21
-395.0
 31
0.0
100
AcDbText
 73
1
  0
LINE
  5
CF
330
17
100
AcDbEntity
  8
DIM
100
AcDbLine
 10
880.0
 20
-447.0
 30
0.0
 11
880.0
 21
-467.0
 31
0.0
  0
LINE
  5
D0
330
17
100
AcDbEntity
  8
DIM
100
AcDbLine
 10
910.0
 20
-447.0
 30
0.0
 11
910.0
 21
-467.0
 31
0.0
  0
LINE
  5
D1
330
17
100
AcDbEntity
  8
DIM
100
AcDbLine
 10
880.0
 20
-467.0
 30
0.0
 11
910.0
 21
-467.0
 31
0.0
  0
LINE
  5
D2
330
17
100
AcDbEntity
  8
DIM
100
AcDbLine
 10
880.0
 20
-467.0
 30
0.0
 11
885.6381557247155
 21
-464.947879140046
 31
0.0
  0
LINE
  5
D3
330
17
100
AcDbEntity
  8
DIM
100
AcDbLine
 10
880.0
 20
-467.0
 30
0.0
 11
885.6381557247155
 21
-469.052120859954
 31
0.0
  0
LINE
  5
D4
330
17
100
AcDbEntity
  8
DIM
100
AcDbLine
 10
910.0
 20
-467.0
 30
0.0
 11
904.3618442752845
 21
-469.052120859954
 31
0.0
  0
LINE
  5
D5
330
17
100
AcDbEntity
  8
DIM
100
AcDbLine
 10
910.0
 20
-467.0
 30
0.0
 11
904.3618442752845
 21
-464.947879140046
 31
0.0
  0
TEXT
  5
D6
330
17
100
AcDbEntity
  8
DIM
100
AcDbText
 10
895.0
 20
-461.15
 30
0.0
 40
13.0
  1
10
 72
1
 11
895.0
 21
-461.15
 31
0.0
100
AcDbText
 73
1
  0
LINE
  5
D7
330
17
100
AcDbEntity
  8
OUTLINE
 62
8
100
AcDbLine
 10
910.0
 20
-447.0
 30
0.0
 11
910.0
 21
-413.0
 31
0.0
  0
LINE
  5
D8
330
17
100
AcDbEntity
  8
DIM
100
AcDbLine
 10
910.0
 20
-447.0
 30
0.0
 11
910.0
 21
-467.0
 31
0.0
  0
LINE
  5
D9
330
17
100
AcDbEntity
  8
DIM
100
AcDbLine
 10
955.0
 20
-447.0
 30
0.0
 11
955.0
 21
-467.0
 31
0.0
  0
LINE
  5
DA
330
17
100
AcDbEntity
  8
DIM
100
AcDbLine
 10
910.0
 20
-467.0
 30
0.0
 11
955.0
 21
-467.0
 31
0.0
  0
LINE
  5
DB
330
17
100
AcDbEntity
  8
DIM
100
AcDbLine
 10
910.0
 20
-467.0
 30
0.0
 11
915.6381557247155
 21
-464.947879140046
 31
0.0
  0
LINE
  5
DC
330
17
100
AcDbEntity
  8
DIM
100
AcDbLine
 10
910.0
 20
-467.0
 30
0.0
 11
915.6381557247155
 21
-469.052120859954
 31
0.0
  0
LINE
  5
DD
330
17
100
AcDbEntity
  8
DIM
100
AcDbLine
 10
955.0
 20
-467.0
 30
0.0
 11
949.3618442752845
 21
-469.052120859954
 31
0.0
  0
LINE
  5
DE
330
17
100
AcDbEntity
  8
DIM
100
AcDbLine
 10
955.0
 20
-467.0
 30
0.0
 11
949.3618442752845
 21
-464.947879140046
 31
0.0
  0
TEXT
  5
DF
330
17
100
AcDbEntity
  8
DIM
100
AcDbText
 10
932.5
 20
-461.15
 30
0.0
 40
13.0
  1
15
 72
1
 11
932.5
 21
-461.15
 31
0.0
100
AcDbText
 73
1
  0
LINE
  5
E0
330
17
100
AcDbEntity
  8
OUTLINE
 62
8
100
AcDbLine
 10
955.0
 20
-447.0
 30
0.0
 11
955.0
 21
-413.0
 31
0.0
  0
LINE
  5
E1
330
17
100
AcDbEntity
  8
DIM
100
AcDbLine
 10
955.0
 20
-447.0
 30
0.0
 11
955.0
 21
-467.0
 31
0.0
  0
LINE
  5
E2
330
17
100
AcDbEntity
  8
DIM
100
AcDbLine
 10
1159.0
 20
-447.0
 30
0.0
 11
1159.0
 21
-467.0
 31
0.0
  0
LINE
  5
E3
330
17
100
AcDbEntity
  8
DIM
100
AcDbLine
 10
955.0
 20
-467.0
 30
0.0
 11
1159.0
 21
-467.0
 31
0.0
  0
LINE
  5
E4
330
17
100
AcDbEntity
  8
DIM
100
AcDbLine
 10
955.0
 20
-467.0
 30
0.0
 11
960.6381557247155
 21
-464.947879140046
 31
0.0
  0
LINE
  5
E5
330
17
100
AcDbEntity
  8
DIM
100
AcDbLine
 10
955.0
 20
-467.0
 30
0.0
 11
960.6381557247155
 21
-469.052120859954
 31
0.0
  0
LINE
  5
E6
330
17
100
AcDbEntity
  8
DIM
100
AcDbLine
 10
1159.0
 20
-467.0
 30
0.0
 11
1153.3618442752845
 21
-469.052120859954
 31
0.0
  0
LINE
  5
E7
330
17
100
AcDbEntity
  8
DIM
100
AcDbLine
 10
1159.0
 20
-467.0
 30
0.0
 11
1153.3618442752845
 21
-464.947879140046
 31
0.0
  0
TEXT
  5
E8
330
17
100
AcDbEntity
  8
DIM
100
AcDbText
 10
1057.0
 20
-461.15
 30
0.0
 40
13.0
  1
68
 72
1
 11
1057.0
 21
-461.15
 31
0.0
100
AcDbText
 73
1
  0
LINE
  5
E9
330
17
100
AcDbEntity
  8
OUTLINE
 62
8
100
AcDbLine
 10
1159.0
 20
-447.0
 30
0.0
 11
1159.0
 21
-413.0
 31
0.0
  0
LINE
  5
EA
330
17
100
AcDbEntity
  8
DIM
100
AcDbLine
 10
1159.0
 20
-447.0
 30
0.0
 11
1159.0
 21
-467.0
 31
0.0
  0
LINE
  5
EB
330
17
100
AcDbEntity
  8
DIM
100
AcDbLine
 10
1204.0
 20
-447.0
 30
0.0
 11
1204.0
 21
-467.0
 31
0.0
  0
LINE
  5
EC
330
17
100
AcDbEntity
  8
DIM
100
AcDbLine
 10
1159.0
 20
-467.0
 30
0.0
 11
1204.0
 21
-467.0
 31
0.0
  0
LINE
  5
ED
330
17
100
AcDbEntity
  8
DIM
100
AcDbLine
 10
1159.0
 20
-467.0
 30
0.0
 11
1164.6381557247155
 21
-464.947879140046
 31
0.0
  0
LINE
  5
EE
330
17
100
AcDbEntity
  8
DIM
100
AcDbLine
 10
1159.0
 20
-467.0
 30
0.0
 11
1164.6381557247155
 21
-469.052120859954
 31
0.0
  0
LINE
  5
EF
330
17
100
AcDbEntity
  8
DIM
100
AcDbLine
 10
1204.0
 20
-467.0
 30
0.0
 11
1198.3618442752845
 21
-469.052120859954
 31
0.0
  0
LINE
  5
F0
330
17
100
AcDbEntity
  8
DIM
100
AcDbLine
 10
1204.0
 20
-467.0
 30
0.0
 11
1198.3618442752845
 21
-464.947879140046
 31
0.0
  0
TEXT
  5
F1
330
17
100
AcDbEntity
  8
DIM
100
AcDbText
 10
1181.5
 20
-461.15
 30
0.0
 40
13.0
  1
15
 72
1
 11
1181.5
 21
-461.15
 31
0.0
100
AcDbText
 73
1
  0
LINE
  5
F2
330
17
100
AcDbEntity
  8
OUTLINE
 62
8
100
AcDbLine
 10
1204.0
 20
-447.0
 30
0.0
 11
1204.0
 21
-413.0
 31
0.0
  0
LINE
  5
F3
330
17
100
AcDbEntity
  8
DIM
100
AcDbLine
 10
1204.0
 20
-447.0
 30
0.0
 11
1204.0
 21
-467.0
 31
0.0
  0
LINE
  5
F4
330
17
100
AcDbEntity
  8
DIM
100
AcDbLine
 10
1234.0
 20
-447.0
 30
0.0
 11
1234.0
 21
-467.0
 31
0.0
  0
LINE
  5
F5
330
17
100
AcDbEntity
  8
DIM
100
AcDbLine
 10
1204.0
 20
-467.0
 30
0.0
 11
1234.0
 21
-467.0
 31
0.0
  0
LINE
  5
F6
330
17
100
AcDbEntity
  8
DIM
100
AcDbLine
 10
1204.0
 20
-467.0
 30
0.0
 11
1209.6381557247155
 21
-464.947879140046
 31
0.0
  0
LINE
  5
F7
330
17
100
AcDbEntity
  8
DIM
100
AcDbLine
 10
1204.0
 20
-467.0
 30
0.0
 11
1209.6381557247155
 21
-469.052120859954
 31
0.0
  0
LINE
  5
F8
330
17
100
AcDbEntity
  8
DIM
100
AcDbLine
 10
1234.0
 20
-467.0
 30
0.0
 11
1228.3618442752845
 21
-469.052120859954
 31
0.0
  0
LINE
  5
F9
330
17
100
AcDbEntity
  8
DIM
100
AcDbLine
 10
1234.0
 20
-467.0
 30
0.0
 11
1228.3618442752845
 21
-464.947879140046
 31
0.0
  0
TEXT
  5
FA
330
17
100
AcDbEntity
  8
DIM
100
AcDbText
 10
1219.0
 20
-461.15
 30
0.0
 40
13.0
  1
10
 72
1
 11
1219.0
 21
-461.15
 31
0.0
100
AcDbText
 73
1
  0
LINE
  5
FB
330
17
100
AcDbEntity
  8
DIM
100
AcDbLine
 10
880.0
 20
-467.0
 30
0.0
 11
880.0
 21
-501.0
 31
0.0
  0
LINE
  5
FC
330
17
100
AcDbEntity
  8
DIM
100
AcDbLine
 10
1234.0
 20
-467.0
 30
0.0
 11
1234.0
 21
-501.0
 31
0.0
  0
LINE
  5
FD
330
17
100
AcDbEntity
  8
DIM
100
AcDbLine
 10
880.0
 20
-501.0
 30
0.0
 11
1234.0
 21
-501.0
 31
0.0
  0
LINE
  5
FE
330
17
100
AcDbEntity
  8
DIM
100
AcDbLine
 10
880.0
 20
-501.0
 30
0.0
 11
885.6381557247155
 21
-498.947879140046
 31
0.0
  0
LINE
  5
FF
330
17
100
AcDbEntity
  8
DIM
100
AcDbLine
 10
880.0
 20
-501.0
 30
0.0
 11
885.6381557247155
 21
-503.052120859954
 31
0.0
  0
LINE
  5
100
330
17
100
AcDbEntity
  8
DIM
100
AcDbLine
 10
1234.0
 20
-501.0
 30
0.0
 11
1228.3618442752845
 21
-503.052120859954
 31
0.0
  0
LINE
  5
101
330
17
100
AcDbEntity
  8
DIM
100
AcDbLine
 10
1234.0
 20
-501.0
 30
0.0
 11
1228.3618442752845
 21
-498.947879140046
 31
0.0
  0
TEXT
  5
102
330
17
100
AcDbEntity
  8
DIM
100
AcDbText
 10
1057.0
 20
-494.7
 30
0.0
 40
14.0
  1
developed width 118
 72
1
 11
1057.0
 21
-494.7
 31
0.0
100
AcDbText
 73
1
  0
SOLID
  5
103
330
17
100
AcDbEntity
  8
SWATCH
 62
5
100
AcDbTrace
 10
0.0
 20
-685.0
 30
0.0
 11
26.0
 21
-685.0
 31
0.0
 12
0.0
 22
-659.0
 32
0.0
 13
26.0
 23
-659.0
 33
0.0
  0
TEXT
  5
104
330
17
100
AcDbEntity
  8
TITLE
 62
5
100
AcDbText
 10
38.0
 20
-687.0
 30
0.0
 40
26.0
  1
R1000
 11
38.0
 21
-687.0
 31
0.0
100
AcDbText
 73
1
  0
TEXT
  5
105
330
17
100
AcDbEntity
  8
TITLE
100
AcDbText
 10
38.0
 20
-713.0
 30
0.0
 40
14.0
  1
colour: blue   |   QTY = 1140 pcs
 11
38.0
 21
-713.0
 31
0.0
100
AcDbText
 73
1
  0
TEXT
  5
106
330
17
100
AcDbEntity
  8
TITLE
100
AcDbText
 10
0.0
 20
-737.0
 30
0.0
 40
13.0
  1
FRONT VIEW (main face)
 11
0.0
 21
-737.0
 31
0.0
100
AcDbText
 73
1
  0
LWPOLYLINE
  5
107
330
17
100
AcDbEntity
  8
OUTLINE
 62
5
100
AcDbPolyline
 90
5
 70
0
 10
0.0
 20
-841.0
 10
1000.0
 20
-841.0
 10
1000.0
 20
-773.0
 10
0.0
 20
-773.0
 10
0.0
 20
-841.0
  0
CIRCLE
  5
108
330
17
100
AcDbEntity
  8
HOLE
100
AcDbCircle
 10
125.0
 20
-807.0
 30
0.0
 40
1.75
  0
LINE
  5
109
330
17
100
AcDbEntity
  8
CL
100
AcDbLine
 10
120.85
 20
-807.0
 30
0.0
 11
129.15
 21
-807.0
 31
0.0
  0
LINE
  5
10A
330
17
100
AcDbEntity
  8
CL
100
AcDbLine
 10
125.0
 20
-811.15
 30
0.0
 11
125.0
 21
-802.85
 31
0.0
  0
CIRCLE
  5
10B
330
17
100
AcDbEntity
  8
HOLE
100
AcDbCircle
 10
250.0
 20
-807.0
 30
0.0
 40
1.75
  0
LINE
  5
10C
330
17
100
AcDbEntity
  8
CL
100
AcDbLine
 10
245.85
 20
-807.0
 30
0.0
 11
254.15
 21
-807.0
 31
0.0
  0
LINE
  5
10D
330
17
100
AcDbEntity
  8
CL
100
AcDbLine
 10
250.0
 20
-811.15
 30
0.0
 11
250.0
 21
-802.85
 31
0.0
  0
CIRCLE
  5
10E
330
17
100
AcDbEntity
  8
HOLE
100
AcDbCircle
 10
375.0
 20
-807.0
 30
0.0
 40
1.75
  0
LINE
  5
10F
330
17
100
AcDbEntity
  8
CL
100
AcDbLine
 10
370.85
 20
-807.0
 30
0.0
 11
379.15
 21
-807.0
 31
0.0
  0
LINE
  5
110
330
17
100
AcDbEntity
  8
CL
100
AcDbLine
 10
375.0
 20
-811.15
 30
0.0
 11
375.0
 21
-802.85
 31
0.0
  0
CIRCLE
  5
111
330
17
100
AcDbEntity
  8
HOLE
100
AcDbCircle
 10
500.0
 20
-807.0
 30
0.0
 40
1.75
  0
LINE
  5
112
330
17
100
AcDbEntity
  8
CL
100
AcDbLine
 10
495.85
 20
-807.0
 30
0.0
 11
504.15
 21
-807.0
 31
0.0
  0
LINE
  5
113
330
17
100
AcDbEntity
  8
CL
100
AcDbLine
 10
500.0
 20
-811.15
 30
0.0
 11
500.0
 21
-802.85
 31
0.0
  0
CIRCLE
  5
114
330
17
100
AcDbEntity
  8
HOLE
100
AcDbCircle
 10
625.0
 20
-807.0
 30
0.0
 40
1.75
  0
LINE
  5
115
330
17
100
AcDbEntity
  8
CL
100
AcDbLine
 10
620.85
 20
-807.0
 30
0.0
 11
629.15
 21
-807.0
 31
0.0
  0
LINE
  5
116
330
17
100
AcDbEntity
  8
CL
100
AcDbLine
 10
625.0
 20
-811.15
 30
0.0
 11
625.0
 21
-802.85
 31
0.0
  0
CIRCLE
  5
117
330
17
100
AcDbEntity
  8
HOLE
100
AcDbCircle
 10
750.0
 20
-807.0
 30
0.0
 40
1.75
  0
LINE
  5
118
330
17
100
AcDbEntity
  8
CL
100
AcDbLine
 10
745.85
 20
-807.0
 30
0.0
 11
754.15
 21
-807.0
 31
0.0
  0
LINE
  5
119
330
17
100
AcDbEntity
  8
CL
100
AcDbLine
 10
750.0
 20
-811.15
 30
0.0
 11
750.0
 21
-802.85
 31
0.0
  0
CIRCLE
  5
11A
330
17
100
AcDbEntity
  8
HOLE
100
AcDbCircle
 10
875.0
 20
-807.0
 30
0.0
 40
1.75
  0
LINE
  5
11B
330
17
100
AcDbEntity
  8
CL
100
AcDbLine
 10
870.85
 20
-807.0
 30
0.0
 11
879.15
 21
-807.0
 31
0.0
  0
LINE
  5
11C
330
17
100
AcDbEntity
  8
CL
100
AcDbLine
 10
875.0
 20
-811.15
 30
0.0
 11
875.0
 21
-802.85
 31
0.0
  0
LINE
  5
11D
330
17
100
AcDbEntity
  8
DIM
100
AcDbLine
 10
0.0
 20
-841.0
 30
0.0
 11
-36.0
 21
-841.0
 31
0.0
  0
LINE
  5
11E
330
17
100
AcDbEntity
  8
DIM
100
AcDbLine
 10
0.0
 20
-773.0
 30
0.0
 11
-36.0
 21
-773.0
 31
0.0
  0
LINE
  5
11F
330
17
100
AcDbEntity
  8
DIM
100
AcDbLine
 10
-36.0
 20
-841.0
 30
0.0
 11
-36.0
 21
-773.0
 31
0.0
  0
LINE
  5
120
330
17
100
AcDbEntity
  8
DIM
100
AcDbLine
 10
-36.0
 20
-841.0
 30
0.0
 11
-38.052120859954016
 21
-835.3618442752845
 31
0.0
  0
LINE
  5
121
330
17
100
AcDbEntity
  8
DIM
100
AcDbLine
 10
-36.0
 20
-841.0
 30
0.0
 11
-33.947879140045984
 21
-835.3618442752845
 31
0.0
  0
LINE
  5
122
330
17
100
AcDbEntity
  8
DIM
100
AcDbLine
 10
-36.0
 20
-773.0
 30
0.0
 11
-33.947879140045984
 21
-778.6381557247155
 31
0.0
  0
LINE
  5
123
330
17
100
AcDbEntity
  8
DIM
100
AcDbLine
 10
-36.0
 20
-773.0
 30
0.0
 11
-38.052120859954016
 21
-778.6381557247155
 31
0.0
  0
TEXT
  5
124
330
17
100
AcDbEntity
  8
DIM
100
AcDbText
 10
-42.0
 20
-807.0
 30
0.0
 40
12.0
  1
68
 50
90.0
 72
1
 11
-42.0
 21
-807.0
 31
0.0
100
AcDbText
 73
1
  0
LINE
  5
125
330
17
100
AcDbEntity
  8
DIM
100
AcDbLine
 10
0.0
 20
-841.0
 30
0.0
 11
0.0
 21
-875.0
 31
0.0
  0
LINE
  5
126
330
17
100
AcDbEntity
  8
DIM
100
AcDbLine
 10
1000.0
 20
-841.0
 30
0.0
 11
1000.0
 21
-875.0
 31
0.0
  0
LINE
  5
127
330
17
100
AcDbEntity
  8
DIM
100
AcDbLine
 10
0.0
 20
-875.0
 30
0.0
 11
1000.0
 21
-875.0
 31
0.0
  0
LINE
  5
128
330
17
100
AcDbEntity
  8
DIM
100
AcDbLine
 10
0.0
 20
-875.0
 30
0.0
 11
5.638155724715451
 21
-872.947879140046
 31
0.0
  0
LINE
  5
129
330
17
100
AcDbEntity
  8
DIM
100
AcDbLine
 10
0.0
 20
-875.0
 30
0.0
 11
5.638155724715451
 21
-877.052120859954
 31
0.0
  0
LINE
  5
12A
330
17
100
AcDbEntity
  8
DIM
100
AcDbLine
 10
1000.0
 20
-875.0
 30
0.0
 11
994.3618442752845
 21
-877.052120859954
 31
0.0
  0
LINE
  5
12B
330
17
100
AcDbEntity
  8
DIM
100
AcDbLine
 10
1000.0
 20
-875.0
 30
0.0
 11
994.3618442752845
 21
-872.947879140046
 31
0.0
  0
TEXT
  5
12C
330
17
100
AcDbEntity
  8
DIM
100
AcDbText
 10
500.0
 20
-869.15
 30
0.0
 40
13.0
  1
1000
 72
1
 11
500.0
 21
-869.15
 31
0.0
100
AcDbText
 73
1
  0
LINE
  5
12D
330
17
100
AcDbEntity
  8
DIM
100
AcDbLine
 10
0.0
 20
-773.0
 30
0.0
 11
0.0
 21
-751.0
 31
0.0
  0
LINE
  5
12E
330
17
100
AcDbEntity
  8
DIM
100
AcDbLine
 10
125.0
 20
-773.0
 30
0.0
 11
125.0
 21
-751.0
 31
0.0
  0
LINE
  5
12F
330
17
100
AcDbEntity
  8
DIM
100
AcDbLine
 10
0.0
 20
-751.0
 30
0.0
 11
125.0
 21
-751.0
 31
0.0
  0
LINE
  5
130
330
17
100
AcDbEntity
  8
DIM
100
AcDbLine
 10
0.0
 20
-751.0
 30
0.0
 11
5.638155724715451
 21
-748.947879140046
 31
0.0
  0
LINE
  5
131
330
17
100
AcDbEntity
  8
DIM
100
AcDbLine
 10
0.0
 20
-751.0
 30
0.0
 11
5.638155724715451
 21
-753.052120859954
 31
0.0
  0
LINE
  5
132
330
17
100
AcDbEntity
  8
DIM
100
AcDbLine
 10
125.0
 20
-751.0
 30
0.0
 11
119.36184427528455
 21
-753.052120859954
 31
0.0
  0
LINE
  5
133
330
17
100
AcDbEntity
  8
DIM
100
AcDbLine
 10
125.0
 20
-751.0
 30
0.0
 11
119.36184427528455
 21
-748.947879140046
 31
0.0
  0
TEXT
  5
134
330
17
100
AcDbEntity
  8
DIM
100
AcDbText
 10
62.5
 20
-746.05
 30
0.0
 40
11.0
  1
125
 72
1
 11
62.5
 21
-746.05
 31
0.0
100
AcDbText
 73
1
  0
LINE
  5
135
330
17
100
AcDbEntity
  8
DIM
100
AcDbLine
 10
125.0
 20
-773.0
 30
0.0
 11
125.0
 21
-751.0
 31
0.0
  0
LINE
  5
136
330
17
100
AcDbEntity
  8
DIM
100
AcDbLine
 10
875.0
 20
-773.0
 30
0.0
 11
875.0
 21
-751.0
 31
0.0
  0
LINE
  5
137
330
17
100
AcDbEntity
  8
DIM
100
AcDbLine
 10
125.0
 20
-751.0
 30
0.0
 11
875.0
 21
-751.0
 31
0.0
  0
LINE
  5
138
330
17
100
AcDbEntity
  8
DIM
100
AcDbLine
 10
125.0
 20
-751.0
 30
0.0
 11
130.63815572471546
 21
-748.947879140046
 31
0.0
  0
LINE
  5
139
330
17
100
AcDbEntity
  8
DIM
100
AcDbLine
 10
125.0
 20
-751.0
 30
0.0
 11
130.63815572471546
 21
-753.052120859954
 31
0.0
  0
LINE
  5
13A
330
17
100
AcDbEntity
  8
DIM
100
AcDbLine
 10
875.0
 20
-751.0
 30
0.0
 11
869.3618442752845
 21
-753.052120859954
 31
0.0
  0
LINE
  5
13B
330
17
100
AcDbEntity
  8
DIM
100
AcDbLine
 10
875.0
 20
-751.0
 30
0.0
 11
869.3618442752845
 21
-748.947879140046
 31
0.0
  0
TEXT
  5
13C
330
17
100
AcDbEntity
  8
DIM
100
AcDbText
 10
500.0
 20
-746.05
 30
0.0
 40
11.0
  1
6 x 125 = 750
 72
1
 11
500.0
 21
-746.05
 31
0.0
100
AcDbText
 73
1
  0
LINE
  5
13D
330
17
100
AcDbEntity
  8
DIM
100
AcDbLine
 10
875.0
 20
-773.0
 30
0.0
 11
875.0
 21
-751.0
 31
0.0
  0
LINE
  5
13E
330
17
100
AcDbEntity
  8
DIM
100
AcDbLine
 10
1000.0
 20
-773.0
 30
0.0
 11
1000.0
 21
-751.0
 31
0.0
  0
LINE
  5
13F
330
17
100
AcDbEntity
  8
DIM
100
AcDbLine
 10
875.0
 20
-751.0
 30
0.0
 11
1000.0
 21
-751.0
 31
0.0
  0
LINE
  5
140
330
17
100
AcDbEntity
  8
DIM
100
AcDbLine
 10
875.0
 20
-751.0
 30
0.0
 11
880.6381557247155
 21
-748.947879140046
 31
0.0
  0
LINE
  5
141
330
17
100
AcDbEntity
  8
DIM
100
AcDbLine
 10
875.0
 20
-751.0
 30
0.0
 11
880.6381557247155
 21
-753.052120859954
 31
0.0
  0
LINE
  5
142
330
17
100
AcDbEntity
  8
DIM
100
AcDbLine
 10
1000.0
 20
-751.0
 30
0.0
 11
994.3618442752845
 21
-753.052120859954
 31
0.0
  0
LINE
  5
143
330
17
100
AcDbEntity
  8
DIM
100
AcDbLine
 10
1000.0
 20
-751.0
 30
0.0
 11
994.3618442752845
 21
-748.947879140046
 31
0.0
  0
TEXT
  5
144
330
17
100
AcDbEntity
  8
DIM
100
AcDbText
 10
937.5
 20
-746.05
 30
0.0
 40
11.0
  1
125
 72
1
 11
937.5
 21
-746.05
 31
0.0
100
AcDbText
 73
1
  0
TEXT
  5
145
330
17
100
AcDbEntity
  8
NOTE
100
AcDbText
 10
0.0
 20
-899.0
 30
0.0
 40
12.0
  1
7 x dia 3.5  @ 125 pitch, end margin 125 (even, centred)
 11
0.0
 21
-899.0
 31
0.0
100
AcDbText
 73
1
  0
LINE
  5
146
330
17
100
AcDbEntity
  8
DIM
100
AcDbLine
 10
875.0
 20
-807.0
 30
0.0
 11
1034.0
 21
-807.0
 31
0.0
  0
LINE
  5
147
330
17
100
AcDbEntity
  8
DIM
100
AcDbLine
 10
875.0
 20
-807.0
 30
0.0
 11
880.6381557247155
 21
-804.947879140046
 31
0.0
  0
LINE
  5
148
330
17
100
AcDbEntity
  8
DIM
100
AcDbLine
 10
875.0
 20
-807.0
 30
0.0
 11
880.6381557247155
 21
-809.052120859954
 31
0.0
  0
TEXT
  5
149
330
17
100
AcDbEntity
  8
DIM
100
AcDbText
 10
1038.0
 20
-807.0
 30
0.0
 40
12.0
  1
%%c3.5
 11
1038.0
 21
-807.0
 31
0.0
100
AcDbText
 73
2
  0
TEXT
  5
14A
330
17
100
AcDbEntity
  8
TITLE
100
AcDbText
 10
0.0
 20
-937.0
 30
0.0
 40
13.0
  1
TOP VIEW (plan; opens upward)
 11
0.0
 21
-937.0
 31
0.0
100
AcDbText
 73
1
  0
LWPOLYLINE
  5
14B
330
17
100
AcDbEntity
  8
OUTLINE
 62
5
100
AcDbPolyline
 90
5
 70
0
 10
0.0
 20
-1023.0
 10
1000.0
 20
-1023.0
 10
1000.0
 20
-955.0
 10
0.0
 20
-955.0
 10
0.0
 20
-1023.0
  0
LINE
  5
14C
330
17
100
AcDbEntity
  8
OUTLINE
 62
5
100
AcDbLine
 10
0.0
 20
-1020.25
 30
0.0
 11
1000.0
 21
-1020.25
 31
0.0
  0
LINE
  5
14D
330
17
100
AcDbEntity
  8
OUTLINE
 62
5
100
AcDbLine
 10
0.0
 20
-957.75
 30
0.0
 11
1000.0
 21
-957.75
 31
0.0
  0
LINE
  5
14E
330
17
100
AcDbEntity
  8
DIM
100
AcDbLine
 10
0.0
 20
-1020.25
 30
0.0
 11
-36.0
 21
-1020.25
 31
0.0
  0
LINE
  5
14F
330
17
100
AcDbEntity
  8
DIM
100
AcDbLine
 10
0.0
 20
-957.75
 30
0.0
 11
-36.0
 21
-957.75
 31
0.0
  0
LINE
  5
150
330
17
100
AcDbEntity
  8
DIM
100
AcDbLine
 10
-36.0
 20
-1020.25
 30
0.0
 11
-36.0
 21
-957.75
 31
0.0
  0
LINE
  5
151
330
17
100
AcDbEntity
  8
DIM
100
AcDbLine
 10
-36.0
 20
-1020.25
 30
0.0
 11
-38.052120859954016
 21
-1014.6118442752845
 31
0.0
  0
LINE
  5
152
330
17
100
AcDbEntity
  8
DIM
100
AcDbLine
 10
-36.0
 20
-1020.25
 30
0.0
 11
-33.947879140045984
 21
-1014.6118442752845
 31
0.0
  0
LINE
  5
153
330
17
100
AcDbEntity
  8
DIM
100
AcDbLine
 10
-36.0
 20
-957.75
 30
0.0
 11
-33.947879140045984
 21
-963.3881557247155
 31
0.0
  0
LINE
  5
154
330
17
100
AcDbEntity
  8
DIM
100
AcDbLine
 10
-36.0
 20
-957.75
 30
0.0
 11
-38.052120859954016
 21
-963.3881557247155
 31
0.0
  0
TEXT
  5
155
330
17
100
AcDbEntity
  8
DIM
100
AcDbText
 10
-41.5
 20
-989.0
 30
0.0
 40
11.0
  1
62.5
 50
90.0
 72
1
 11
-41.5
 21
-989.0
 31
0.0
100
AcDbText
 73
1
  0
LINE
  5
156
330
17
100
AcDbEntity
  8
DIM
100
AcDbLine
 10
0.0
 20
-1023.0
 30
0.0
 11
0.0
 21
-1055.0
 31
0.0
  0
LINE
  5
157
330
17
100
AcDbEntity
  8
DIM
100
AcDbLine
 10
1000.0
 20
-1023.0
 30
0.0
 11
1000.0
 21
-1055.0
 31
0.0
  0
LINE
  5
158
330
17
100
AcDbEntity
  8
DIM
100
AcDbLine
 10
0.0
 20
-1055.0
 30
0.0
 11
1000.0
 21
-1055.0
 31
0.0
  0
LINE
  5
159
330
17
100
AcDbEntity
  8
DIM
100
AcDbLine
 10
0.0
 20
-1055.0
 30
0.0
 11
5.638155724715451
 21
-1052.947879140046
 31
0.0
  0
LINE
  5
15A
330
17
100
AcDbEntity
  8
DIM
100
AcDbLine
 10
0.0
 20
-1055.0
 30
0.0
 11
5.638155724715451
 21
-1057.052120859954
 31
0.0
  0
LINE
  5
15B
330
17
100
AcDbEntity
  8
DIM
100
AcDbLine
 10
1000.0
 20
-1055.0
 30
0.0
 11
994.3618442752845
 21
-1057.052120859954
 31
0.0
  0
LINE
  5
15C
330
17
100
AcDbEntity
  8
DIM
100
AcDbLine
 10
1000.0
 20
-1055.0
 30
0.0
 11
994.3618442752845
 21
-1052.947879140046
 31
0.0
  0
TEXT
  5
15D
330
17
100
AcDbEntity
  8
DIM
100
AcDbText
 10
500.0
 20
-1049.6
 30
0.0
 40
12.0
  1
1000
 72
1
 11
500.0
 21
-1049.6
 31
0.0
100
AcDbText
 73
1
  0
TEXT
  5
15E
330
17
100
AcDbEntity
  8
TITLE
100
AcDbText
 10
1166.0
 20
-737.0
 30
0.0
 40
13.0
  1
SIDE VIEW (cross-section, opens up - M)
 11
1166.0
 21
-737.0
 31
0.0
100
AcDbText
 73
1
  0
LWPOLYLINE
  5
15F
330
17
100
AcDbEntity
  8
SECT
 62
5
100
AcDbPolyline
 90
6
 70
0
 10
1168.75
 20
-831.6144422615147
 10
1166.0
 20
-822.0
 10
1166.0
 20
-837.0
 10
1234.0
 20
-837.0
 10
1234.0
 20
-822.0
 10
1231.25
 20
-831.6144422615147
  0
LINE
  5
160
330
17
100
AcDbEntity
  8
DIM
100
AcDbLine
 10
1166.0
 20
-837.0
 30
0.0
 11
1166.0
 21
-857.0
 31
0.0
  0
LINE
  5
161
330
17
100
AcDbEntity
  8
DIM
100
AcDbLine
 10
1234.0
 20
-837.0
 30
0.0
 11
1234.0
 21
-857.0
 31
0.0
  0
LINE
  5
162
330
17
100
AcDbEntity
  8
DIM
100
AcDbLine
 10
1166.0
 20
-857.0
 30
0.0
 11
1234.0
 21
-857.0
 31
0.0
  0
LINE
  5
163
330
17
100
AcDbEntity
  8
DIM
100
AcDbLine
 10
1166.0
 20
-857.0
 30
0.0
 11
1171.6381557247155
 21
-854.947879140046
 31
0.0
  0
LINE
  5
164
330
17
100
AcDbEntity
  8
DIM
100
AcDbLine
 10
1166.0
 20
-857.0
 30
0.0
 11
1171.6381557247155
 21
-859.052120859954
 31
0.0
  0
LINE
  5
165
330
17
100
AcDbEntity
  8
DIM
100
AcDbLine
 10
1234.0
 20
-857.0
 30
0.0
 11
1228.3618442752845
 21
-859.052120859954
 31
0.0
  0
LINE
  5
166
330
17
100
AcDbEntity
  8
DIM
100
AcDbLine
 10
1234.0
 20
-857.0
 30
0.0
 11
1228.3618442752845
 21
-854.947879140046
 31
0.0
  0
TEXT
  5
167
330
17
100
AcDbEntity
  8
DIM
100
AcDbText
 10
1200.0
 20
-852.05
 30
0.0
 40
11.0
  1
68
 72
1
 11
1200.0
 21
-852.05
 31
0.0
100
AcDbText
 73
1
  0
LINE
  5
168
330
17
100
AcDbEntity
  8
DIM
100
AcDbLine
 10
1234.0
 20
-837.0
 30
0.0
 11
1260.0
 21
-837.0
 31
0.0
  0
LINE
  5
169
330
17
100
AcDbEntity
  8
DIM
100
AcDbLine
 10
1234.0
 20
-822.0
 30
0.0
 11
1260.0
 21
-822.0
 31
0.0
  0
LINE
  5
16A
330
17
100
AcDbEntity
  8
DIM
100
AcDbLine
 10
1260.0
 20
-837.0
 30
0.0
 11
1260.0
 21
-822.0
 31
0.0
  0
LINE
  5
16B
330
17
100
AcDbEntity
  8
DIM
100
AcDbLine
 10
1260.0
 20
-837.0
 30
0.0
 11
1257.947879140046
 21
-831.3618442752845
 31
0.0
  0
LINE
  5
16C
330
17
100
AcDbEntity
  8
DIM
100
AcDbLine
 10
1260.0
 20
-837.0
 30
0.0
 11
1262.052120859954
 21
-831.3618442752845
 31
0.0
  0
LINE
  5
16D
330
17
100
AcDbEntity
  8
DIM
100
AcDbLine
 10
1260.0
 20
-822.0
 30
0.0
 11
1262.052120859954
 21
-827.6381557247155
 31
0.0
  0
LINE
  5
16E
330
17
100
AcDbEntity
  8
DIM
100
AcDbLine
 10
1260.0
 20
-822.0
 30
0.0
 11
1257.947879140046
 21
-827.6381557247155
 31
0.0
  0
TEXT
  5
16F
330
17
100
AcDbEntity
  8
DIM
100
AcDbText
 10
1265.5
 20
-829.5
 30
0.0
 40
11.0
  1
15
 50
90.0
 72
1
 11
1265.5
 21
-829.5
 31
0.0
100
AcDbText
 73
1
  0
TEXT
  5
170
330
17
100
AcDbEntity
  8
NOTE
100
AcDbText
 10
1166.0
 20
-806.0
 30
0.0
 40
11.0
  1
t = 0.25  |  hook 16 deg inward  |  opening 62.5
 11
1166.0
 21
-806.0
 31
0.0
100
AcDbText
 73
1
  0
SOLID
  5
171
330
17
100
AcDbEntity
  8
SWATCH
 62
30
100
AcDbTrace
 10
1680.0
 20
-685.0
 30
0.0
 11
1706.0
 21
-685.0
 31
0.0
 12
1680.0
 22
-659.0
 32
0.0
 13
1706.0
 23
-659.0
 33
0.0
  0
TEXT
  5
172
330
17
100
AcDbEntity
  8
TITLE
 62
30
100
AcDbText
 10
1718.0
 20
-687.0
 30
0.0
 40
26.0
  1
R700
 11
1718.0
 21
-687.0
 31
0.0
100
AcDbText
 73
1
  0
TEXT
  5
173
330
17
100
AcDbEntity
  8
TITLE
100
AcDbText
 10
1718.0
 20
-713.0
 30
0.0
 40
14.0
  1
colour: orange   |   QTY = 430 pcs
 11
1718.0
 21
-713.0
 31
0.0
100
AcDbText
 73
1
  0
TEXT
  5
174
330
17
100
AcDbEntity
  8
TITLE
100
AcDbText
 10
1680.0
 20
-737.0
 30
0.0
 40
13.0
  1
FRONT VIEW (main face)
 11
1680.0
 21
-737.0
 31
0.0
100
AcDbText
 73
1
  0
LWPOLYLINE
  5
175
330
17
100
AcDbEntity
  8
OUTLINE
 62
30
100
AcDbPolyline
 90
5
 70
0
 10
1680.0
 20
-841.0
 10
2380.0
 20
-841.0
 10
2380.0
 20
-773.0
 10
1680.0
 20
-773.0
 10
1680.0
 20
-841.0
  0
CIRCLE
  5
176
330
17
100
AcDbEntity
  8
HOLE
100
AcDbCircle
 10
1780.0
 20
-807.0
 30
0.0
 40
1.75
  0
LINE
  5
177
330
17
100
AcDbEntity
  8
CL
100
AcDbLine
 10
1775.85
 20
-807.0
 30
0.0
 11
1784.15
 21
-807.0
 31
0.0
  0
LINE
  5
178
330
17
100
AcDbEntity
  8
CL
100
AcDbLine
 10
1780.0
 20
-811.15
 30
0.0
 11
1780.0
 21
-802.85
 31
0.0
  0
CIRCLE
  5
179
330
17
100
AcDbEntity
  8
HOLE
100
AcDbCircle
 10
1905.0
 20
-807.0
 30
0.0
 40
1.75
  0
LINE
  5
17A
330
17
100
AcDbEntity
  8
CL
100
AcDbLine
 10
1900.85
 20
-807.0
 30
0.0
 11
1909.15
 21
-807.0
 31
0.0
  0
LINE
  5
17B
330
17
100
AcDbEntity
  8
CL
100
AcDbLine
 10
1905.0
 20
-811.15
 30
0.0
 11
1905.0
 21
-802.85
 31
0.0
  0
CIRCLE
  5
17C
330
17
100
AcDbEntity
  8
HOLE
100
AcDbCircle
 10
2030.0
 20
-807.0
 30
0.0
 40
1.75
  0
LINE
  5
17D
330
17
100
AcDbEntity
  8
CL
100
AcDbLine
 10
2025.85
 20
-807.0
 30
0.0
 11
2034.15
 21
-807.0
 31
0.0
  0
LINE
  5
17E
330
17
100
AcDbEntity
  8
CL
100
AcDbLine
 10
2030.0
 20
-811.15
 30
0.0
 11
2030.0
 21
-802.85
 31
0.0
  0
CIRCLE
  5
17F
330
17
100
AcDbEntity
  8
HOLE
100
AcDbCircle
 10
2155.0
 20
-807.0
 30
0.0
 40
1.75
  0
LINE
  5
180
330
17
100
AcDbEntity
  8
CL
100
AcDbLine
 10
2150.85
 20
-807.0
 30
0.0
 11
2159.15
 21
-807.0
 31
0.0
  0
LINE
  5
181
330
17
100
AcDbEntity
  8
CL
100
AcDbLine
 10
2155.0
 20
-811.15
 30
0.0
 11
2155.0
 21
-802.85
 31
0.0
  0
CIRCLE
  5
182
330
17
100
AcDbEntity
  8
HOLE
100
AcDbCircle
 10
2280.0
 20
-807.0
 30
0.0
 40
1.75
  0
LINE
  5
183
330
17
100
AcDbEntity
  8
CL
100
AcDbLine
 10
2275.85
 20
-807.0
 30
0.0
 11
2284.15
 21
-807.0
 31
0.0
  0
LINE
  5
184
330
17
100
AcDbEntity
  8
CL
100
AcDbLine
 10
2280.0
 20
-811.15
 30
0.0
 11
2280.0
 21
-802.85
 31
0.0
  0
LINE
  5
185
330
17
100
AcDbEntity
  8
DIM
100
AcDbLine
 10
1680.0
 20
-841.0
 30
0.0
 11
1644.0
 21
-841.0
 31
0.0
  0
LINE
  5
186
330
17
100
AcDbEntity
  8
DIM
100
AcDbLine
 10
1680.0
 20
-773.0
 30
0.0
 11
1644.0
 21
-773.0
 31
0.0
  0
LINE
  5
187
330
17
100
AcDbEntity
  8
DIM
100
AcDbLine
 10
1644.0
 20
-841.0
 30
0.0
 11
1644.0
 21
-773.0
 31
0.0
  0
LINE
  5
188
330
17
100
AcDbEntity
  8
DIM
100
AcDbLine
 10
1644.0
 20
-841.0
 30
0.0
 11
1641.947879140046
 21
-835.3618442752845
 31
0.0
  0
LINE
  5
189
330
17
100
AcDbEntity
  8
DIM
100
AcDbLine
 10
1644.0
 20
-841.0
 30
0.0
 11
1646.052120859954
 21
-835.3618442752845
 31
0.0
  0
LINE
  5
18A
330
17
100
AcDbEntity
  8
DIM
100
AcDbLine
 10
1644.0
 20
-773.0
 30
0.0
 11
1646.052120859954
 21
-778.6381557247155
 31
0.0
  0
LINE
  5
18B
330
17
100
AcDbEntity
  8
DIM
100
AcDbLine
 10
1644.0
 20
-773.0
 30
0.0
 11
1641.947879140046
 21
-778.6381557247155
 31
0.0
  0
TEXT
  5
18C
330
17
100
AcDbEntity
  8
DIM
100
AcDbText
 10
1638.0
 20
-807.0
 30
0.0
 40
12.0
  1
68
 50
90.0
 72
1
 11
1638.0
 21
-807.0
 31
0.0
100
AcDbText
 73
1
  0
LINE
  5
18D
330
17
100
AcDbEntity
  8
DIM
100
AcDbLine
 10
1680.0
 20
-841.0
 30
0.0
 11
1680.0
 21
-875.0
 31
0.0
  0
LINE
  5
18E
330
17
100
AcDbEntity
  8
DIM
100
AcDbLine
 10
2380.0
 20
-841.0
 30
0.0
 11
2380.0
 21
-875.0
 31
0.0
  0
LINE
  5
18F
330
17
100
AcDbEntity
  8
DIM
100
AcDbLine
 10
1680.0
 20
-875.0
 30
0.0
 11
2380.0
 21
-875.0
 31
0.0
  0
LINE
  5
190
330
17
100
AcDbEntity
  8
DIM
100
AcDbLine
 10
1680.0
 20
-875.0
 30
0.0
 11
1685.6381557247155
 21
-872.947879140046
 31
0.0
  0
LINE
  5
191
330
17
100
AcDbEntity
  8
DIM
100
AcDbLine
 10
1680.0
 20
-875.0
 30
0.0
 11
1685.6381557247155
 21
-877.052120859954
 31
0.0
  0
LINE
  5
192
330
17
100
AcDbEntity
  8
DIM
100
AcDbLine
 10
2380.0
 20
-875.0
 30
0.0
 11
2374.3618442752845
 21
-877.052120859954
 31
0.0
  0
LINE
  5
193
330
17
100
AcDbEntity
  8
DIM
100
AcDbLine
 10
2380.0
 20
-875.0
 30
0.0
 11
2374.3618442752845
 21
-872.947879140046
 31
0.0
  0
TEXT
  5
194
330
17
100
AcDbEntity
  8
DIM
100
AcDbText
 10
2030.0
 20
-869.15
 30
0.0
 40
13.0
  1
700
 72
1
 11
2030.0
 21
-869.15
 31
0.0
100
AcDbText
 73
1
  0
LINE
  5
195
330
17
100
AcDbEntity
  8
DIM
100
AcDbLine
 10
1680.0
 20
-773.0
 30
0.0
 11
1680.0
 21
-751.0
 31
0.0
  0
LINE
  5
196
330
17
100
AcDbEntity
  8
DIM
100
AcDbLine
 10
1780.0
 20
-773.0
 30
0.0
 11
1780.0
 21
-751.0
 31
0.0
  0
LINE
  5
197
330
17
100
AcDbEntity
  8
DIM
100
AcDbLine
 10
1680.0
 20
-751.0
 30
0.0
 11
1780.0
 21
-751.0
 31
0.0
  0
LINE
  5
198
330
17
100
AcDbEntity
  8
DIM
100
AcDbLine
 10
1680.0
 20
-751.0
 30
0.0
 11
1685.6381557247155
 21
-748.947879140046
 31
0.0
  0
LINE
  5
199
330
17
100
AcDbEntity
  8
DIM
100
AcDbLine
 10
1680.0
 20
-751.0
 30
0.0
 11
1685.6381557247155
 21
-753.052120859954
 31
0.0
  0
LINE
  5
19A
330
17
100
AcDbEntity
  8
DIM
100
AcDbLine
 10
1780.0
 20
-751.0
 30
0.0
 11
1774.3618442752845
 21
-753.052120859954
 31
0.0
  0
LINE
  5
19B
330
17
100
AcDbEntity
  8
DIM
100
AcDbLine
 10
1780.0
 20
-751.0
 30
0.0
 11
1774.3618442752845
 21
-748.947879140046
 31
0.0
  0
TEXT
  5
19C
330
17
100
AcDbEntity
  8
DIM
100
AcDbText
 10
1730.0
 20
-746.05
 30
0.0
 40
11.0
  1
100
 72
1
 11
1730.0
 21
-746.05
 31
0.0
100
AcDbText
 73
1
  0
LINE
  5
19D
330
17
100
AcDbEntity
  8
DIM
100
AcDbLine
 10
1780.0
 20
-773.0
 30
0.0
 11
1780.0
 21
-751.0
 31
0.0
  0
LINE
  5
19E
330
17
100
AcDbEntity
  8
DIM
100
AcDbLine
 10
2280.0
 20
-773.0
 30
0.0
 11
2280.0
 21
-751.0
 31
0.0
  0
LINE
  5
19F
330
17
100
AcDbEntity
  8
DIM
100
AcDbLine
 10
1780.0
 20
-751.0
 30
0.0
 11
2280.0
 21
-751.0
 31
0.0
  0
LINE
  5
1A0
330
17
100
AcDbEntity
  8
DIM
100
AcDbLine
 10
1780.0
 20
-751.0
 30
0.0
 11
1785.6381557247155
 21
-748.947879140046
 31
0.0
  0
LINE
  5
1A1
330
17
100
AcDbEntity
  8
DIM
100
AcDbLine
 10
1780.0
 20
-751.0
 30
0.0
 11
1785.6381557247155
 21
-753.052120859954
 31
0.0
  0
LINE
  5
1A2
330
17
100
AcDbEntity
  8
DIM
100
AcDbLine
 10
2280.0
 20
-751.0
 30
0.0
 11
2274.3618442752845
 21
-753.052120859954
 31
0.0
  0
LINE
  5
1A3
330
17
100
AcDbEntity
  8
DIM
100
AcDbLine
 10
2280.0
 20
-751.0
 30
0.0
 11
2274.3618442752845
 21
-748.947879140046
 31
0.0
  0
TEXT
  5
1A4
330
17
100
AcDbEntity
  8
DIM
100
AcDbText
 10
2030.0
 20
-746.05
 30
0.0
 40
11.0
  1
4 x 125 = 500
 72
1
 11
2030.0
 21
-746.05
 31
0.0
100
AcDbText
 73
1
  0
LINE
  5
1A5
330
17
100
AcDbEntity
  8
DIM
100
AcDbLine
 10
2280.0
 20
-773.0
 30
0.0
 11
2280.0
 21
-751.0
 31
0.0
  0
LINE
  5
1A6
330
17
100
AcDbEntity
  8
DIM
100
AcDbLine
 10
2380.0
 20
-773.0
 30
0.0
 11
2380.0
 21
-751.0
 31
0.0
  0
LINE
  5
1A7
330
17
100
AcDbEntity
  8
DIM
100
AcDbLine
 10
2280.0
 20
-751.0
 30
0.0
 11
2380.0
 21
-751.0
 31
0.0
  0
LINE
  5
1A8
330
17
100
AcDbEntity
  8
DIM
100
AcDbLine
 10
2280.0
 20
-751.0
 30
0.0
 11
2285.6381557247155
 21
-748.947879140046
 31
0.0
  0
LINE
  5
1A9
330
17
100
AcDbEntity
  8
DIM
100
AcDbLine
 10
2280.0
 20
-751.0
 30
0.0
 11
2285.6381557247155
 21
-753.052120859954
 31
0.0
  0
LINE
  5
1AA
330
17
100
AcDbEntity
  8
DIM
100
AcDbLine
 10
2380.0
 20
-751.0
 30
0.0
 11
2374.3618442752845
 21
-753.052120859954
 31
0.0
  0
LINE
  5
1AB
330
17
100
AcDbEntity
  8
DIM
100
AcDbLine
 10
2380.0
 20
-751.0
 30
0.0
 11
2374.3618442752845
 21
-748.947879140046
 31
0.0
  0
TEXT
  5
1AC
330
17
100
AcDbEntity
  8
DIM
100
AcDbText
 10
2330.0
 20
-746.05
 30
0.0
 40
11.0
  1
100
 72
1
 11
2330.0
 21
-746.05
 31
0.0
100
AcDbText
 73
1
  0
TEXT
  5
1AD
330
17
100
AcDbEntity
  8
NOTE
100
AcDbText
 10
1680.0
 20
-899.0
 30
0.0
 40
12.0
  1
5 x dia 3.5  @ 125 pitch, end margin 100 (even, centred)
 11
1680.0
 21
-899.0
 31
0.0
100
AcDbText
 73
1
  0
LINE
  5
1AE
330
17
100
AcDbEntity
  8
DIM
100
AcDbLine
 10
2280.0
 20
-807.0
 30
0.0
 11
2414.0
 21
-807.0
 31
0.0
  0
LINE
  5
1AF
330
17
100
AcDbEntity
  8
DIM
100
AcDbLine
 10
2280.0
 20
-807.0
 30
0.0
 11
2285.6381557247155
 21
-804.947879140046
 31
0.0
  0
LINE
  5
1B0
330
17
100
AcDbEntity
  8
DIM
100
AcDbLine
 10
2280.0
 20
-807.0
 30
0.0
 11
2285.6381557247155
 21
-809.052120859954
 31
0.0
  0
TEXT
  5
1B1
330
17
100
AcDbEntity
  8
DIM
100
AcDbText
 10
2418.0
 20
-807.0
 30
0.0
 40
12.0
  1
%%c3.5
 11
2418.0
 21
-807.0
 31
0.0
100
AcDbText
 73
2
  0
TEXT
  5
1B2
330
17
100
AcDbEntity
  8
TITLE
100
AcDbText
 10
1680.0
 20
-937.0
 30
0.0
 40
13.0
  1
TOP VIEW (plan; opens upward)
 11
1680.0
 21
-937.0
 31
0.0
100
AcDbText
 73
1
  0
LWPOLYLINE
  5
1B3
330
17
100
AcDbEntity
  8
OUTLINE
 62
30
100
AcDbPolyline
 90
5
 70
0
 10
1680.0
 20
-1023.0
 10
2380.0
 20
-1023.0
 10
2380.0
 20
-955.0
 10
1680.0
 20
-955.0
 10
1680.0
 20
-1023.0
  0
LINE
  5
1B4
330
17
100
AcDbEntity
  8
OUTLINE
 62
30
100
AcDbLine
 10
1680.0
 20
-1020.25
 30
0.0
 11
2380.0
 21
-1020.25
 31
0.0
  0
LINE
  5
1B5
330
17
100
AcDbEntity
  8
OUTLINE
 62
30
100
AcDbLine
 10
1680.0
 20
-957.75
 30
0.0
 11
2380.0
 21
-957.75
 31
0.0
  0
LINE
  5
1B6
330
17
100
AcDbEntity
  8
DIM
100
AcDbLine
 10
1680.0
 20
-1020.25
 30
0.0
 11
1644.0
 21
-1020.25
 31
0.0
  0
LINE
  5
1B7
330
17
100
AcDbEntity
  8
DIM
100
AcDbLine
 10
1680.0
 20
-957.75
 30
0.0
 11
1644.0
 21
-957.75
 31
0.0
  0
LINE
  5
1B8
330
17
100
AcDbEntity
  8
DIM
100
AcDbLine
 10
1644.0
 20
-1020.25
 30
0.0
 11
1644.0
 21
-957.75
 31
0.0
  0
LINE
  5
1B9
330
17
100
AcDbEntity
  8
DIM
100
AcDbLine
 10
1644.0
 20
-1020.25
 30
0.0
 11
1641.947879140046
 21
-1014.6118442752845
 31
0.0
  0
LINE
  5
1BA
330
17
100
AcDbEntity
  8
DIM
100
AcDbLine
 10
1644.0
 20
-1020.25
 30
0.0
 11
1646.052120859954
 21
-1014.6118442752845
 31
0.0
  0
LINE
  5
1BB
330
17
100
AcDbEntity
  8
DIM
100
AcDbLine
 10
1644.0
 20
-957.75
 30
0.0
 11
1646.052120859954
 21
-963.3881557247155
 31
0.0
  0
LINE
  5
1BC
330
17
100
AcDbEntity
  8
DIM
100
AcDbLine
 10
1644.0
 20
-957.75
 30
0.0
 11
1641.947879140046
 21
-963.3881557247155
 31
0.0
  0
TEXT
  5
1BD
330
17
100
AcDbEntity
  8
DIM
100
AcDbText
 10
1638.5
 20
-989.0
 30
0.0
 40
11.0
  1
62.5
 50
90.0
 72
1
 11
1638.5
 21
-989.0
 31
0.0
100
AcDbText
 73
1
  0
LINE
  5
1BE
330
17
100
AcDbEntity
  8
DIM
100
AcDbLine
 10
1680.0
 20
-1023.0
 30
0.0
 11
1680.0
 21
-1055.0
 31
0.0
  0
LINE
  5
1BF
330
17
100
AcDbEntity
  8
DIM
100
AcDbLine
 10
2380.0
 20
-1023.0
 30
0.0
 11
2380.0
 21
-1055.0
 31
0.0
  0
LINE
  5
1C0
330
17
100
AcDbEntity
  8
DIM
100
AcDbLine
 10
1680.0
 20
-1055.0
 30
0.0
 11
2380.0
 21
-1055.0
 31
0.0
  0
LINE
  5
1C1
330
17
100
AcDbEntity
  8
DIM
100
AcDbLine
 10
1680.0
 20
-1055.0
 30
0.0
 11
1685.6381557247155
 21
-1052.947879140046
 31
0.0
  0
LINE
  5
1C2
330
17
100
AcDbEntity
  8
DIM
100
AcDbLine
 10
1680.0
 20
-1055.0
 30
0.0
 11
1685.6381557247155
 21
-1057.052120859954
 31
0.0
  0
LINE
  5
1C3
330
17
100
AcDbEntity
  8
DIM
100
AcDbLine
 10
2380.0
 20
-1055.0
 30
0.0
 11
2374.3618442752845
 21
-1057.052120859954
 31
0.0
  0
LINE
  5
1C4
330
17
100
AcDbEntity
  8
DIM
100
AcDbLine
 10
2380.0
 20
-1055.0
 30
0.0
 11
2374.3618442752845
 21
-1052.947879140046
 31
0.0
  0
TEXT
  5
1C5
330
17
100
AcDbEntity
  8
DIM
100
AcDbText
 10
2030.0
 20
-1049.6
 30
0.0
 40
12.0
  1
700
 72
1
 11
2030.0
 21
-1049.6
 31
0.0
100
AcDbText
 73
1
  0
TEXT
  5
1C6
330
17
100
AcDbEntity
  8
TITLE
100
AcDbText
 10
2546.0
 20
-737.0
 30
0.0
 40
13.0
  1
SIDE VIEW (cross-section, opens up - M)
 11
2546.0
 21
-737.0
 31
0.0
100
AcDbText
 73
1
  0
LWPOLYLINE
  5
1C7
330
17
100
AcDbEntity
  8
SECT
 62
30
100
AcDbPolyline
 90
6
 70
0
 10
2548.75
 20
-831.6144422615147
 10
2546.0
 20
-822.0
 10
2546.0
 20
-837.0
 10
2614.0
 20
-837.0
 10
2614.0
 20
-822.0
 10
2611.25
 20
-831.6144422615147
  0
LINE
  5
1C8
330
17
100
AcDbEntity
  8
DIM
100
AcDbLine
 10
2546.0
 20
-837.0
 30
0.0
 11
2546.0
 21
-857.0
 31
0.0
  0
LINE
  5
1C9
330
17
100
AcDbEntity
  8
DIM
100
AcDbLine
 10
2614.0
 20
-837.0
 30
0.0
 11
2614.0
 21
-857.0
 31
0.0
  0
LINE
  5
1CA
330
17
100
AcDbEntity
  8
DIM
100
AcDbLine
 10
2546.0
 20
-857.0
 30
0.0
 11
2614.0
 21
-857.0
 31
0.0
  0
LINE
  5
1CB
330
17
100
AcDbEntity
  8
DIM
100
AcDbLine
 10
2546.0
 20
-857.0
 30
0.0
 11
2551.6381557247155
 21
-854.947879140046
 31
0.0
  0
LINE
  5
1CC
330
17
100
AcDbEntity
  8
DIM
100
AcDbLine
 10
2546.0
 20
-857.0
 30
0.0
 11
2551.6381557247155
 21
-859.052120859954
 31
0.0
  0
LINE
  5
1CD
330
17
100
AcDbEntity
  8
DIM
100
AcDbLine
 10
2614.0
 20
-857.0
 30
0.0
 11
2608.3618442752845
 21
-859.052120859954
 31
0.0
  0
LINE
  5
1CE
330
17
100
AcDbEntity
  8
DIM
100
AcDbLine
 10
2614.0
 20
-857.0
 30
0.0
 11
2608.3618442752845
 21
-854.947879140046
 31
0.0
  0
TEXT
  5
1CF
330
17
100
AcDbEntity
  8
DIM
100
AcDbText
 10
2580.0
 20
-852.05
 30
0.0
 40
11.0
  1
68
 72
1
 11
2580.0
 21
-852.05
 31
0.0
100
AcDbText
 73
1
  0
LINE
  5
1D0
330
17
100
AcDbEntity
  8
DIM
100
AcDbLine
 10
2614.0
 20
-837.0
 30
0.0
 11
2640.0
 21
-837.0
 31
0.0
  0
LINE
  5
1D1
330
17
100
AcDbEntity
  8
DIM
100
AcDbLine
 10
2614.0
 20
-822.0
 30
0.0
 11
2640.0
 21
-822.0
 31
0.0
  0
LINE
  5
1D2
330
17
100
AcDbEntity
  8
DIM
100
AcDbLine
 10
2640.0
 20
-837.0
 30
0.0
 11
2640.0
 21
-822.0
 31
0.0
  0
LINE
  5
1D3
330
17
100
AcDbEntity
  8
DIM
100
AcDbLine
 10
2640.0
 20
-837.0
 30
0.0
 11
2637.947879140046
 21
-831.3618442752845
 31
0.0
  0
LINE
  5
1D4
330
17
100
AcDbEntity
  8
DIM
100
AcDbLine
 10
2640.0
 20
-837.0
 30
0.0
 11
2642.052120859954
 21
-831.3618442752845
 31
0.0
  0
LINE
  5
1D5
330
17
100
AcDbEntity
  8
DIM
100
AcDbLine
 10
2640.0
 20
-822.0
 30
0.0
 11
2642.052120859954
 21
-827.6381557247155
 31
0.0
  0
LINE
  5
1D6
330
17
100
AcDbEntity
  8
DIM
100
AcDbLine
 10
2640.0
 20
-822.0
 30
0.0
 11
2637.947879140046
 21
-827.6381557247155
 31
0.0
  0
TEXT
  5
1D7
330
17
100
AcDbEntity
  8
DIM
100
AcDbText
 10
2645.5
 20
-829.5
 30
0.0
 40
11.0
  1
15
 50
90.0
 72
1
 11
2645.5
 21
-829.5
 31
0.0
100
AcDbText
 73
1
  0
TEXT
  5
1D8
330
17
100
AcDbEntity
  8
NOTE
100
AcDbText
 10
2546.0
 20
-806.0
 30
0.0
 40
11.0
  1
t = 0.25  |  hook 16 deg inward  |  opening 62.5
 11
2546.0
 21
-806.0
 31
0.0
100
AcDbText
 73
1
  0
SOLID
  5
1D9
330
17
100
AcDbEntity
  8
SWATCH
 62
3
100
AcDbTrace
 10
0.0
 20
-1205.0
 30
0.0
 11
26.0
 21
-1205.0
 31
0.0
 12
0.0
 22
-1179.0
 32
0.0
 13
26.0
 23
-1179.0
 33
0.0
  0
TEXT
  5
1DA
330
17
100
AcDbEntity
  8
TITLE
 62
3
100
AcDbText
 10
38.0
 20
-1207.0
 30
0.0
 40
26.0
  1
R500
 11
38.0
 21
-1207.0
 31
0.0
100
AcDbText
 73
1
  0
TEXT
  5
1DB
330
17
100
AcDbEntity
  8
TITLE
100
AcDbText
 10
38.0
 20
-1233.0
 30
0.0
 40
14.0
  1
colour: green   |   QTY = 33 pcs
 11
38.0
 21
-1233.0
 31
0.0
100
AcDbText
 73
1
  0
TEXT
  5
1DC
330
17
100
AcDbEntity
  8
TITLE
100
AcDbText
 10
0.0
 20
-1257.0
 30
0.0
 40
13.0
  1
FRONT VIEW (main face)
 11
0.0
 21
-1257.0
 31
0.0
100
AcDbText
 73
1
  0
LWPOLYLINE
  5
1DD
330
17
100
AcDbEntity
  8
OUTLINE
 62
3
100
AcDbPolyline
 90
5
 70
0
 10
0.0
 20
-1361.0
 10
500.0
 20
-1361.0
 10
500.0
 20
-1293.0
 10
0.0
 20
-1293.0
 10
0.0
 20
-1361.0
  0
CIRCLE
  5
1DE
330
17
100
AcDbEntity
  8
HOLE
100
AcDbCircle
 10
125.0
 20
-1327.0
 30
0.0
 40
1.75
  0
LINE
  5
1DF
330
17
100
AcDbEntity
  8
CL
100
AcDbLine
 10
120.85
 20
-1327.0
 30
0.0
 11
129.15
 21
-1327.0
 31
0.0
  0
LINE
  5
1E0
330
17
100
AcDbEntity
  8
CL
100
AcDbLine
 10
125.0
 20
-1331.15
 30
0.0
 11
125.0
 21
-1322.85
 31
0.0
  0
CIRCLE
  5
1E1
330
17
100
AcDbEntity
  8
HOLE
100
AcDbCircle
 10
250.0
 20
-1327.0
 30
0.0
 40
1.75
  0
LINE
  5
1E2
330
17
100
AcDbEntity
  8
CL
100
AcDbLine
 10
245.85
 20
-1327.0
 30
0.0
 11
254.15
 21
-1327.0
 31
0.0
  0
LINE
  5
1E3
330
17
100
AcDbEntity
  8
CL
100
AcDbLine
 10
250.0
 20
-1331.15
 30
0.0
 11
250.0
 21
-1322.85
 31
0.0
  0
CIRCLE
  5
1E4
330
17
100
AcDbEntity
  8
HOLE
100
AcDbCircle
 10
375.0
 20
-1327.0
 30
0.0
 40
1.75
  0
LINE
  5
1E5
330
17
100
AcDbEntity
  8
CL
100
AcDbLine
 10
370.85
 20
-1327.0
 30
0.0
 11
379.15
 21
-1327.0
 31
0.0
  0
LINE
  5
1E6
330
17
100
AcDbEntity
  8
CL
100
AcDbLine
 10
375.0
 20
-1331.15
 30
0.0
 11
375.0
 21
-1322.85
 31
0.0
  0
LINE
  5
1E7
330
17
100
AcDbEntity
  8
DIM
100
AcDbLine
 10
0.0
 20
-1361.0
 30
0.0
 11
-36.0
 21
-1361.0
 31
0.0
  0
LINE
  5
1E8
330
17
100
AcDbEntity
  8
DIM
100
AcDbLine
 10
0.0
 20
-1293.0
 30
0.0
 11
-36.0
 21
-1293.0
 31
0.0
  0
LINE
  5
1E9
330
17
100
AcDbEntity
  8
DIM
100
AcDbLine
 10
-36.0
 20
-1361.0
 30
0.0
 11
-36.0
 21
-1293.0
 31
0.0
  0
LINE
  5
1EA
330
17
100
AcDbEntity
  8
DIM
100
AcDbLine
 10
-36.0
 20
-1361.0
 30
0.0
 11
-38.052120859954016
 21
-1355.3618442752845
 31
0.0
  0
LINE
  5
1EB
330
17
100
AcDbEntity
  8
DIM
100
AcDbLine
 10
-36.0
 20
-1361.0
 30
0.0
 11
-33.947879140045984
 21
-1355.3618442752845
 31
0.0
  0
LINE
  5
1EC
330
17
100
AcDbEntity
  8
DIM
100
AcDbLine
 10
-36.0
 20
-1293.0
 30
0.0
 11
-33.947879140045984
 21
-1298.6381557247155
 31
0.0
  0
LINE
  5
1ED
330
17
100
AcDbEntity
  8
DIM
100
AcDbLine
 10
-36.0
 20
-1293.0
 30
0.0
 11
-38.052120859954016
 21
-1298.6381557247155
 31
0.0
  0
TEXT
  5
1EE
330
17
100
AcDbEntity
  8
DIM
100
AcDbText
 10
-42.0
 20
-1327.0
 30
0.0
 40
12.0
  1
68
 50
90.0
 72
1
 11
-42.0
 21
-1327.0
 31
0.0
100
AcDbText
 73
1
  0
LINE
  5
1EF
330
17
100
AcDbEntity
  8
DIM
100
AcDbLine
 10
0.0
 20
-1361.0
 30
0.0
 11
0.0
 21
-1395.0
 31
0.0
  0
LINE
  5
1F0
330
17
100
AcDbEntity
  8
DIM
100
AcDbLine
 10
500.0
 20
-1361.0
 30
0.0
 11
500.0
 21
-1395.0
 31
0.0
  0
LINE
  5
1F1
330
17
100
AcDbEntity
  8
DIM
100
AcDbLine
 10
0.0
 20
-1395.0
 30
0.0
 11
500.0
 21
-1395.0
 31
0.0
  0
LINE
  5
1F2
330
17
100
AcDbEntity
  8
DIM
100
AcDbLine
 10
0.0
 20
-1395.0
 30
0.0
 11
5.638155724715451
 21
-1392.947879140046
 31
0.0
  0
LINE
  5
1F3
330
17
100
AcDbEntity
  8
DIM
100
AcDbLine
 10
0.0
 20
-1395.0
 30
0.0
 11
5.638155724715451
 21
-1397.052120859954
 31
0.0
  0
LINE
  5
1F4
330
17
100
AcDbEntity
  8
DIM
100
AcDbLine
 10
500.0
 20
-1395.0
 30
0.0
 11
494.36184427528457
 21
-1397.052120859954
 31
0.0
  0
LINE
  5
1F5
330
17
100
AcDbEntity
  8
DIM
100
AcDbLine
 10
500.0
 20
-1395.0
 30
0.0
 11
494.36184427528457
 21
-1392.947879140046
 31
0.0
  0
TEXT
  5
1F6
330
17
100
AcDbEntity
  8
DIM
100
AcDbText
 10
250.0
 20
-1389.15
 30
0.0
 40
13.0
  1
500
 72
1
 11
250.0
 21
-1389.15
 31
0.0
100
AcDbText
 73
1
  0
LINE
  5
1F7
330
17
100
AcDbEntity
  8
DIM
100
AcDbLine
 10
0.0
 20
-1293.0
 30
0.0
 11
0.0
 21
-1271.0
 31
0.0
  0
LINE
  5
1F8
330
17
100
AcDbEntity
  8
DIM
100
AcDbLine
 10
125.0
 20
-1293.0
 30
0.0
 11
125.0
 21
-1271.0
 31
0.0
  0
LINE
  5
1F9
330
17
100
AcDbEntity
  8
DIM
100
AcDbLine
 10
0.0
 20
-1271.0
 30
0.0
 11
125.0
 21
-1271.0
 31
0.0
  0
LINE
  5
1FA
330
17
100
AcDbEntity
  8
DIM
100
AcDbLine
 10
0.0
 20
-1271.0
 30
0.0
 11
5.638155724715451
 21
-1268.947879140046
 31
0.0
  0
LINE
  5
1FB
330
17
100
AcDbEntity
  8
DIM
100
AcDbLine
 10
0.0
 20
-1271.0
 30
0.0
 11
5.638155724715451
 21
-1273.052120859954
 31
0.0
  0
LINE
  5
1FC
330
17
100
AcDbEntity
  8
DIM
100
AcDbLine
 10
125.0
 20
-1271.0
 30
0.0
 11
119.36184427528455
 21
-1273.052120859954
 31
0.0
  0
LINE
  5
1FD
330
17
100
AcDbEntity
  8
DIM
100
AcDbLine
 10
125.0
 20
-1271.0
 30
0.0
 11
119.36184427528455
 21
-1268.947879140046
 31
0.0
  0
TEXT
  5
1FE
330
17
100
AcDbEntity
  8
DIM
100
AcDbText
 10
62.5
 20
-1266.05
 30
0.0
 40
11.0
  1
125
 72
1
 11
62.5
 21
-1266.05
 31
0.0
100
AcDbText
 73
1
  0
LINE
  5
1FF
330
17
100
AcDbEntity
  8
DIM
100
AcDbLine
 10
125.0
 20
-1293.0
 30
0.0
 11
125.0
 21
-1271.0
 31
0.0
  0
LINE
  5
200
330
17
100
AcDbEntity
  8
DIM
100
AcDbLine
 10
250.0
 20
-1293.0
 30
0.0
 11
250.0
 21
-1271.0
 31
0.0
  0
LINE
  5
201
330
17
100
AcDbEntity
  8
DIM
100
AcDbLine
 10
125.0
 20
-1271.0
 30
0.0
 11
250.0
 21
-1271.0
 31
0.0
  0
LINE
  5
202
330
17
100
AcDbEntity
  8
DIM
100
AcDbLine
 10
125.0
 20
-1271.0
 30
0.0
 11
130.63815572471546
 21
-1268.947879140046
 31
0.0
  0
LINE
  5
203
330
17
100
AcDbEntity
  8
DIM
100
AcDbLine
 10
125.0
 20
-1271.0
 30
0.0
 11
130.63815572471546
 21
-1273.052120859954
 31
0.0
  0
LINE
  5
204
330
17
100
AcDbEntity
  8
DIM
100
AcDbLine
 10
250.0
 20
-1271.0
 30
0.0
 11
244.36184427528454
 21
-1273.052120859954
 31
0.0
  0
LINE
  5
205
330
17
100
AcDbEntity
  8
DIM
100
AcDbLine
 10
250.0
 20
-1271.0
 30
0.0
 11
244.36184427528454
 21
-1268.947879140046
 31
0.0
  0
TEXT
  5
206
330
17
100
AcDbEntity
  8
DIM
100
AcDbText
 10
187.5
 20
-1266.05
 30
0.0
 40
11.0
  1
125
 72
1
 11
187.5
 21
-1266.05
 31
0.0
100
AcDbText
 73
1
  0
LINE
  5
207
330
17
100
AcDbEntity
  8
DIM
100
AcDbLine
 10
250.0
 20
-1293.0
 30
0.0
 11
250.0
 21
-1271.0
 31
0.0
  0
LINE
  5
208
330
17
100
AcDbEntity
  8
DIM
100
AcDbLine
 10
375.0
 20
-1293.0
 30
0.0
 11
375.0
 21
-1271.0
 31
0.0
  0
LINE
  5
209
330
17
100
AcDbEntity
  8
DIM
100
AcDbLine
 10
250.0
 20
-1271.0
 30
0.0
 11
375.0
 21
-1271.0
 31
0.0
  0
LINE
  5
20A
330
17
100
AcDbEntity
  8
DIM
100
AcDbLine
 10
250.0
 20
-1271.0
 30
0.0
 11
255.63815572471546
 21
-1268.947879140046
 31
0.0
  0
LINE
  5
20B
330
17
100
AcDbEntity
  8
DIM
100
AcDbLine
 10
250.0
 20
-1271.0
 30
0.0
 11
255.63815572471546
 21
-1273.052120859954
 31
0.0
  0
LINE
  5
20C
330
17
100
AcDbEntity
  8
DIM
100
AcDbLine
 10
375.0
 20
-1271.0
 30
0.0
 11
369.36184427528457
 21
-1273.052120859954
 31
0.0
  0
LINE
  5
20D
330
17
100
AcDbEntity
  8
DIM
100
AcDbLine
 10
375.0
 20
-1271.0
 30
0.0
 11
369.36184427528457
 21
-1268.947879140046
 31
0.0
  0
TEXT
  5
20E
330
17
100
AcDbEntity
  8
DIM
100
AcDbText
 10
312.5
 20
-1266.05
 30
0.0
 40
11.0
  1
125
 72
1
 11
312.5
 21
-1266.05
 31
0.0
100
AcDbText
 73
1
  0
LINE
  5
20F
330
17
100
AcDbEntity
  8
DIM
100
AcDbLine
 10
375.0
 20
-1293.0
 30
0.0
 11
375.0
 21
-1271.0
 31
0.0
  0
LINE
  5
210
330
17
100
AcDbEntity
  8
DIM
100
AcDbLine
 10
500.0
 20
-1293.0
 30
0.0
 11
500.0
 21
-1271.0
 31
0.0
  0
LINE
  5
211
330
17
100
AcDbEntity
  8
DIM
100
AcDbLine
 10
375.0
 20
-1271.0
 30
0.0
 11
500.0
 21
-1271.0
 31
0.0
  0
LINE
  5
212
330
17
100
AcDbEntity
  8
DIM
100
AcDbLine
 10
375.0
 20
-1271.0
 30
0.0
 11
380.63815572471543
 21
-1268.947879140046
 31
0.0
  0
LINE
  5
213
330
17
100
AcDbEntity
  8
DIM
100
AcDbLine
 10
375.0
 20
-1271.0
 30
0.0
 11
380.63815572471543
 21
-1273.052120859954
 31
0.0
  0
LINE
  5
214
330
17
100
AcDbEntity
  8
DIM
100
AcDbLine
 10
500.0
 20
-1271.0
 30
0.0
 11
494.36184427528457
 21
-1273.052120859954
 31
0.0
  0
LINE
  5
215
330
17
100
AcDbEntity
  8
DIM
100
AcDbLine
 10
500.0
 20
-1271.0
 30
0.0
 11
494.36184427528457
 21
-1268.947879140046
 31
0.0
  0
TEXT
  5
216
330
17
100
AcDbEntity
  8
DIM
100
AcDbText
 10
437.5
 20
-1266.05
 30
0.0
 40
11.0
  1
125
 72
1
 11
437.5
 21
-1266.05
 31
0.0
100
AcDbText
 73
1
  0
TEXT
  5
217
330
17
100
AcDbEntity
  8
NOTE
100
AcDbText
 10
0.0
 20
-1419.0
 30
0.0
 40
12.0
  1
3 x dia 3.5
 11
0.0
 21
-1419.0
 31
0.0
100
AcDbText
 73
1
  0
LINE
  5
218
330
17
100
AcDbEntity
  8
DIM
100
AcDbLine
 10
375.0
 20
-1327.0
 30
0.0
 11
534.0
 21
-1327.0
 31
0.0
  0
LINE
  5
219
330
17
100
AcDbEntity
  8
DIM
100
AcDbLine
 10
375.0
 20
-1327.0
 30
0.0
 11
380.63815572471543
 21
-1324.947879140046
 31
0.0
  0
LINE
  5
21A
330
17
100
AcDbEntity
  8
DIM
100
AcDbLine
 10
375.0
 20
-1327.0
 30
0.0
 11
380.63815572471543
 21
-1329.052120859954
 31
0.0
  0
TEXT
  5
21B
330
17
100
AcDbEntity
  8
DIM
100
AcDbText
 10
538.0
 20
-1327.0
 30
0.0
 40
12.0
  1
%%c3.5
 11
538.0
 21
-1327.0
 31
0.0
100
AcDbText
 73
2
  0
TEXT
  5
21C
330
17
100
AcDbEntity
  8
TITLE
100
AcDbText
 10
0.0
 20
-1457.0
 30
0.0
 40
13.0
  1
TOP VIEW (plan; opens upward)
 11
0.0
 21
-1457.0
 31
0.0
100
AcDbText
 73
1
  0
LWPOLYLINE
  5
21D
330
17
100
AcDbEntity
  8
OUTLINE
 62
3
100
AcDbPolyline
 90
5
 70
0
 10
0.0
 20
-1543.0
 10
500.0
 20
-1543.0
 10
500.0
 20
-1475.0
 10
0.0
 20
-1475.0
 10
0.0
 20
-1543.0
  0
LINE
  5
21E
330
17
100
AcDbEntity
  8
OUTLINE
 62
3
100
AcDbLine
 10
0.0
 20
-1540.25
 30
0.0
 11
500.0
 21
-1540.25
 31
0.0
  0
LINE
  5
21F
330
17
100
AcDbEntity
  8
OUTLINE
 62
3
100
AcDbLine
 10
0.0
 20
-1477.75
 30
0.0
 11
500.0
 21
-1477.75
 31
0.0
  0
LINE
  5
220
330
17
100
AcDbEntity
  8
DIM
100
AcDbLine
 10
0.0
 20
-1540.25
 30
0.0
 11
-36.0
 21
-1540.25
 31
0.0
  0
LINE
  5
221
330
17
100
AcDbEntity
  8
DIM
100
AcDbLine
 10
0.0
 20
-1477.75
 30
0.0
 11
-36.0
 21
-1477.75
 31
0.0
  0
LINE
  5
222
330
17
100
AcDbEntity
  8
DIM
100
AcDbLine
 10
-36.0
 20
-1540.25
 30
0.0
 11
-36.0
 21
-1477.75
 31
0.0
  0
LINE
  5
223
330
17
100
AcDbEntity
  8
DIM
100
AcDbLine
 10
-36.0
 20
-1540.25
 30
0.0
 11
-38.052120859954016
 21
-1534.6118442752845
 31
0.0
  0
LINE
  5
224
330
17
100
AcDbEntity
  8
DIM
100
AcDbLine
 10
-36.0
 20
-1540.25
 30
0.0
 11
-33.947879140045984
 21
-1534.6118442752845
 31
0.0
  0
LINE
  5
225
330
17
100
AcDbEntity
  8
DIM
100
AcDbLine
 10
-36.0
 20
-1477.75
 30
0.0
 11
-33.947879140045984
 21
-1483.3881557247155
 31
0.0
  0
LINE
  5
226
330
17
100
AcDbEntity
  8
DIM
100
AcDbLine
 10
-36.0
 20
-1477.75
 30
0.0
 11
-38.052120859954016
 21
-1483.3881557247155
 31
0.0
  0
TEXT
  5
227
330
17
100
AcDbEntity
  8
DIM
100
AcDbText
 10
-41.5
 20
-1509.0
 30
0.0
 40
11.0
  1
62.5
 50
90.0
 72
1
 11
-41.5
 21
-1509.0
 31
0.0
100
AcDbText
 73
1
  0
LINE
  5
228
330
17
100
AcDbEntity
  8
DIM
100
AcDbLine
 10
0.0
 20
-1543.0
 30
0.0
 11
0.0
 21
-1575.0
 31
0.0
  0
LINE
  5
229
330
17
100
AcDbEntity
  8
DIM
100
AcDbLine
 10
500.0
 20
-1543.0
 30
0.0
 11
500.0
 21
-1575.0
 31
0.0
  0
LINE
  5
22A
330
17
100
AcDbEntity
  8
DIM
100
AcDbLine
 10
0.0
 20
-1575.0
 30
0.0
 11
500.0
 21
-1575.0
 31
0.0
  0
LINE
  5
22B
330
17
100
AcDbEntity
  8
DIM
100
AcDbLine
 10
0.0
 20
-1575.0
 30
0.0
 11
5.638155724715451
 21
-1572.947879140046
 31
0.0
  0
LINE
  5
22C
330
17
100
AcDbEntity
  8
DIM
100
AcDbLine
 10
0.0
 20
-1575.0
 30
0.0
 11
5.638155724715451
 21
-1577.052120859954
 31
0.0
  0
LINE
  5
22D
330
17
100
AcDbEntity
  8
DIM
100
AcDbLine
 10
500.0
 20
-1575.0
 30
0.0
 11
494.36184427528457
 21
-1577.052120859954
 31
0.0
  0
LINE
  5
22E
330
17
100
AcDbEntity
  8
DIM
100
AcDbLine
 10
500.0
 20
-1575.0
 30
0.0
 11
494.36184427528457
 21
-1572.947879140046
 31
0.0
  0
TEXT
  5
22F
330
17
100
AcDbEntity
  8
DIM
100
AcDbText
 10
250.0
 20
-1569.6
 30
0.0
 40
12.0
  1
500
 72
1
 11
250.0
 21
-1569.6
 31
0.0
100
AcDbText
 73
1
  0
TEXT
  5
230
330
17
100
AcDbEntity
  8
TITLE
100
AcDbText
 10
666.0
 20
-1257.0
 30
0.0
 40
13.0
  1
SIDE VIEW (cross-section, opens up - M)
 11
666.0
 21
-1257.0
 31
0.0
100
AcDbText
 73
1
  0
LWPOLYLINE
  5
231
330
17
100
AcDbEntity
  8
SECT
 62
3
100
AcDbPolyline
 90
6
 70
0
 10
668.75
 20
-1351.6144422615148
 10
666.0
 20
-1342.0
 10
666.0
 20
-1357.0
 10
734.0
 20
-1357.0
 10
734.0
 20
-1342.0
 10
731.25
 20
-1351.6144422615148
  0
LINE
  5
232
330
17
100
AcDbEntity
  8
DIM
100
AcDbLine
 10
666.0
 20
-1357.0
 30
0.0
 11
666.0
 21
-1377.0
 31
0.0
  0
LINE
  5
233
330
17
100
AcDbEntity
  8
DIM
100
AcDbLine
 10
734.0
 20
-1357.0
 30
0.0
 11
734.0
 21
-1377.0
 31
0.0
  0
LINE
  5
234
330
17
100
AcDbEntity
  8
DIM
100
AcDbLine
 10
666.0
 20
-1377.0
 30
0.0
 11
734.0
 21
-1377.0
 31
0.0
  0
LINE
  5
235
330
17
100
AcDbEntity
  8
DIM
100
AcDbLine
 10
666.0
 20
-1377.0
 30
0.0
 11
671.6381557247155
 21
-1374.947879140046
 31
0.0
  0
LINE
  5
236
330
17
100
AcDbEntity
  8
DIM
100
AcDbLine
 10
666.0
 20
-1377.0
 30
0.0
 11
671.6381557247155
 21
-1379.052120859954
 31
0.0
  0
LINE
  5
237
330
17
100
AcDbEntity
  8
DIM
100
AcDbLine
 10
734.0
 20
-1377.0
 30
0.0
 11
728.3618442752845
 21
-1379.052120859954
 31
0.0
  0
LINE
  5
238
330
17
100
AcDbEntity
  8
DIM
100
AcDbLine
 10
734.0
 20
-1377.0
 30
0.0
 11
728.3618442752845
 21
-1374.947879140046
 31
0.0
  0
TEXT
  5
239
330
17
100
AcDbEntity
  8
DIM
100
AcDbText
 10
700.0
 20
-1372.05
 30
0.0
 40
11.0
  1
68
 72
1
 11
700.0
 21
-1372.05
 31
0.0
100
AcDbText
 73
1
  0
LINE
  5
23A
330
17
100
AcDbEntity
  8
DIM
100
AcDbLine
 10
734.0
 20
-1357.0
 30
0.0
 11
760.0
 21
-1357.0
 31
0.0
  0
LINE
  5
23B
330
17
100
AcDbEntity
  8
DIM
100
AcDbLine
 10
734.0
 20
-1342.0
 30
0.0
 11
760.0
 21
-1342.0
 31
0.0
  0
LINE
  5
23C
330
17
100
AcDbEntity
  8
DIM
100
AcDbLine
 10
760.0
 20
-1357.0
 30
0.0
 11
760.0
 21
-1342.0
 31
0.0
  0
LINE
  5
23D
330
17
100
AcDbEntity
  8
DIM
100
AcDbLine
 10
760.0
 20
-1357.0
 30
0.0
 11
757.947879140046
 21
-1351.3618442752845
 31
0.0
  0
LINE
  5
23E
330
17
100
AcDbEntity
  8
DIM
100
AcDbLine
 10
760.0
 20
-1357.0
 30
0.0
 11
762.052120859954
 21
-1351.3618442752845
 31
0.0
  0
LINE
  5
23F
330
17
100
AcDbEntity
  8
DIM
100
AcDbLine
 10
760.0
 20
-1342.0
 30
0.0
 11
762.052120859954
 21
-1347.6381557247155
 31
0.0
  0
LINE
  5
240
330
17
100
AcDbEntity
  8
DIM
100
AcDbLine
 10
760.0
 20
-1342.0
 30
0.0
 11
757.947879140046
 21
-1347.6381557247155
 31
0.0
  0
TEXT
  5
241
330
17
100
AcDbEntity
  8
DIM
100
AcDbText
 10
765.5
 20
-1349.5
 30
0.0
 40
11.0
  1
15
 50
90.0
 72
1
 11
765.5
 21
-1349.5
 31
0.0
100
AcDbText
 73
1
  0
TEXT
  5
242
330
17
100
AcDbEntity
  8
NOTE
100
AcDbText
 10
666.0
 20
-1326.0
 30
0.0
 40
11.0
  1
t = 0.25  |  hook 16 deg inward  |  opening 62.5
 11
666.0
 21
-1326.0
 31
0.0
100
AcDbText
 73
1
  0
SOLID
  5
243
330
17
100
AcDbEntity
  8
SWATCH
 62
2
100
AcDbTrace
 10
1680.0
 20
-1205.0
 30
0.0
 11
1706.0
 21
-1205.0
 31
0.0
 12
1680.0
 22
-1179.0
 32
0.0
 13
1706.0
 23
-1179.0
 33
0.0
  0
TEXT
  5
244
330
17
100
AcDbEntity
  8
TITLE
 62
2
100
AcDbText
 10
1718.0
 20
-1207.0
 30
0.0
 40
26.0
  1
R300
 11
1718.0
 21
-1207.0
 31
0.0
100
AcDbText
 73
1
  0
TEXT
  5
245
330
17
100
AcDbEntity
  8
TITLE
100
AcDbText
 10
1718.0
 20
-1233.0
 30
0.0
 40
14.0
  1
colour: yellow   |   QTY = 177 pcs
 11
1718.0
 21
-1233.0
 31
0.0
100
AcDbText
 73
1
  0
TEXT
  5
246
330
17
100
AcDbEntity
  8
TITLE
100
AcDbText
 10
1680.0
 20
-1257.0
 30
0.0
 40
13.0
  1
FRONT VIEW (main face)
 11
1680.0
 21
-1257.0
 31
0.0
100
AcDbText
 73
1
  0
LWPOLYLINE
  5
247
330
17
100
AcDbEntity
  8
OUTLINE
 62
2
100
AcDbPolyline
 90
5
 70
0
 10
1680.0
 20
-1361.0
 10
1980.0
 20
-1361.0
 10
1980.0
 20
-1293.0
 10
1680.0
 20
-1293.0
 10
1680.0
 20
-1361.0
  0
CIRCLE
  5
248
330
17
100
AcDbEntity
  8
HOLE
100
AcDbCircle
 10
1755.0
 20
-1327.0
 30
0.0
 40
1.75
  0
LINE
  5
249
330
17
100
AcDbEntity
  8
CL
100
AcDbLine
 10
1750.85
 20
-1327.0
 30
0.0
 11
1759.15
 21
-1327.0
 31
0.0
  0
LINE
  5
24A
330
17
100
AcDbEntity
  8
CL
100
AcDbLine
 10
1755.0
 20
-1331.15
 30
0.0
 11
1755.0
 21
-1322.85
 31
0.0
  0
CIRCLE
  5
24B
330
17
100
AcDbEntity
  8
HOLE
100
AcDbCircle
 10
1830.0
 20
-1327.0
 30
0.0
 40
1.75
  0
LINE
  5
24C
330
17
100
AcDbEntity
  8
CL
100
AcDbLine
 10
1825.85
 20
-1327.0
 30
0.0
 11
1834.15
 21
-1327.0
 31
0.0
  0
LINE
  5
24D
330
17
100
AcDbEntity
  8
CL
100
AcDbLine
 10
1830.0
 20
-1331.15
 30
0.0
 11
1830.0
 21
-1322.85
 31
0.0
  0
CIRCLE
  5
24E
330
17
100
AcDbEntity
  8
HOLE
100
AcDbCircle
 10
1905.0
 20
-1327.0
 30
0.0
 40
1.75
  0
LINE
  5
24F
330
17
100
AcDbEntity
  8
CL
100
AcDbLine
 10
1900.85
 20
-1327.0
 30
0.0
 11
1909.15
 21
-1327.0
 31
0.0
  0
LINE
  5
250
330
17
100
AcDbEntity
  8
CL
100
AcDbLine
 10
1905.0
 20
-1331.15
 30
0.0
 11
1905.0
 21
-1322.85
 31
0.0
  0
LINE
  5
251
330
17
100
AcDbEntity
  8
DIM
100
AcDbLine
 10
1680.0
 20
-1361.0
 30
0.0
 11
1644.0
 21
-1361.0
 31
0.0
  0
LINE
  5
252
330
17
100
AcDbEntity
  8
DIM
100
AcDbLine
 10
1680.0
 20
-1293.0
 30
0.0
 11
1644.0
 21
-1293.0
 31
0.0
  0
LINE
  5
253
330
17
100
AcDbEntity
  8
DIM
100
AcDbLine
 10
1644.0
 20
-1361.0
 30
0.0
 11
1644.0
 21
-1293.0
 31
0.0
  0
LINE
  5
254
330
17
100
AcDbEntity
  8
DIM
100
AcDbLine
 10
1644.0
 20
-1361.0
 30
0.0
 11
1641.947879140046
 21
-1355.3618442752845
 31
0.0
  0
LINE
  5
255
330
17
100
AcDbEntity
  8
DIM
100
AcDbLine
 10
1644.0
 20
-1361.0
 30
0.0
 11
1646.052120859954
 21
-1355.3618442752845
 31
0.0
  0
LINE
  5
256
330
17
100
AcDbEntity
  8
DIM
100
AcDbLine
 10
1644.0
 20
-1293.0
 30
0.0
 11
1646.052120859954
 21
-1298.6381557247155
 31
0.0
  0
LINE
  5
257
330
17
100
AcDbEntity
  8
DIM
100
AcDbLine
 10
1644.0
 20
-1293.0
 30
0.0
 11
1641.947879140046
 21
-1298.6381557247155
 31
0.0
  0
TEXT
  5
258
330
17
100
AcDbEntity
  8
DIM
100
AcDbText
 10
1638.0
 20
-1327.0
 30
0.0
 40
12.0
  1
68
 50
90.0
 72
1
 11
1638.0
 21
-1327.0
 31
0.0
100
AcDbText
 73
1
  0
LINE
  5
259
330
17
100
AcDbEntity
  8
DIM
100
AcDbLine
 10
1680.0
 20
-1361.0
 30
0.0
 11
1680.0
 21
-1395.0
 31
0.0
  0
LINE
  5
25A
330
17
100
AcDbEntity
  8
DIM
100
AcDbLine
 10
1980.0
 20
-1361.0
 30
0.0
 11
1980.0
 21
-1395.0
 31
0.0
  0
LINE
  5
25B
330
17
100
AcDbEntity
  8
DIM
100
AcDbLine
 10
1680.0
 20
-1395.0
 30
0.0
 11
1980.0
 21
-1395.0
 31
0.0
  0
LINE
  5
25C
330
17
100
AcDbEntity
  8
DIM
100
AcDbLine
 10
1680.0
 20
-1395.0
 30
0.0
 11
1685.6381557247155
 21
-1392.947879140046
 31
0.0
  0
LINE
  5
25D
330
17
100
AcDbEntity
  8
DIM
100
AcDbLine
 10
1680.0
 20
-1395.0
 30
0.0
 11
1685.6381557247155
 21
-1397.052120859954
 31
0.0
  0
LINE
  5
25E
330
17
100
AcDbEntity
  8
DIM
100
AcDbLine
 10
1980.0
 20
-1395.0
 30
0.0
 11
1974.3618442752845
 21
-1397.052120859954
 31
0.0
  0
LINE
  5
25F
330
17
100
AcDbEntity
  8
DIM
100
AcDbLine
 10
1980.0
 20
-1395.0
 30
0.0
 11
1974.3618442752845
 21
-1392.947879140046
 31
0.0
  0
TEXT
  5
260
330
17
100
AcDbEntity
  8
DIM
100
AcDbText
 10
1830.0
 20
-1389.15
 30
0.0
 40
13.0
  1
300
 72
1
 11
1830.0
 21
-1389.15
 31
0.0
100
AcDbText
 73
1
  0
LINE
  5
261
330
17
100
AcDbEntity
  8
DIM
100
AcDbLine
 10
1680.0
 20
-1293.0
 30
0.0
 11
1680.0
 21
-1271.0
 31
0.0
  0
LINE
  5
262
330
17
100
AcDbEntity
  8
DIM
100
AcDbLine
 10
1755.0
 20
-1293.0
 30
0.0
 11
1755.0
 21
-1271.0
 31
0.0
  0
LINE
  5
263
330
17
100
AcDbEntity
  8
DIM
100
AcDbLine
 10
1680.0
 20
-1271.0
 30
0.0
 11
1755.0
 21
-1271.0
 31
0.0
  0
LINE
  5
264
330
17
100
AcDbEntity
  8
DIM
100
AcDbLine
 10
1680.0
 20
-1271.0
 30
0.0
 11
1685.6381557247155
 21
-1268.947879140046
 31
0.0
  0
LINE
  5
265
330
17
100
AcDbEntity
  8
DIM
100
AcDbLine
 10
1680.0
 20
-1271.0
 30
0.0
 11
1685.6381557247155
 21
-1273.052120859954
 31
0.0
  0
LINE
  5
266
330
17
100
AcDbEntity
  8
DIM
100
AcDbLine
 10
1755.0
 20
-1271.0
 30
0.0
 11
1749.3618442752845
 21
-1273.052120859954
 31
0.0
  0
LINE
  5
267
330
17
100
AcDbEntity
  8
DIM
100
AcDbLine
 10
1755.0
 20
-1271.0
 30
0.0
 11
1749.3618442752845
 21
-1268.947879140046
 31
0.0
  0
TEXT
  5
268
330
17
100
AcDbEntity
  8
DIM
100
AcDbText
 10
1717.5
 20
-1266.05
 30
0.0
 40
11.0
  1
75
 72
1
 11
1717.5
 21
-1266.05
 31
0.0
100
AcDbText
 73
1
  0
LINE
  5
269
330
17
100
AcDbEntity
  8
DIM
100
AcDbLine
 10
1755.0
 20
-1293.0
 30
0.0
 11
1755.0
 21
-1271.0
 31
0.0
  0
LINE
  5
26A
330
17
100
AcDbEntity
  8
DIM
100
AcDbLine
 10
1830.0
 20
-1293.0
 30
0.0
 11
1830.0
 21
-1271.0
 31
0.0
  0
LINE
  5
26B
330
17
100
AcDbEntity
  8
DIM
100
AcDbLine
 10
1755.0
 20
-1271.0
 30
0.0
 11
1830.0
 21
-1271.0
 31
0.0
  0
LINE
  5
26C
330
17
100
AcDbEntity
  8
DIM
100
AcDbLine
 10
1755.0
 20
-1271.0
 30
0.0
 11
1760.6381557247155
 21
-1268.947879140046
 31
0.0
  0
LINE
  5
26D
330
17
100
AcDbEntity
  8
DIM
100
AcDbLine
 10
1755.0
 20
-1271.0
 30
0.0
 11
1760.6381557247155
 21
-1273.052120859954
 31
0.0
  0
LINE
  5
26E
330
17
100
AcDbEntity
  8
DIM
100
AcDbLine
 10
1830.0
 20
-1271.0
 30
0.0
 11
1824.3618442752845
 21
-1273.052120859954
 31
0.0
  0
LINE
  5
26F
330
17
100
AcDbEntity
  8
DIM
100
AcDbLine
 10
1830.0
 20
-1271.0
 30
0.0
 11
1824.3618442752845
 21
-1268.947879140046
 31
0.0
  0
TEXT
  5
270
330
17
100
AcDbEntity
  8
DIM
100
AcDbText
 10
1792.5
 20
-1266.05
 30
0.0
 40
11.0
  1
75
 72
1
 11
1792.5
 21
-1266.05
 31
0.0
100
AcDbText
 73
1
  0
LINE
  5
271
330
17
100
AcDbEntity
  8
DIM
100
AcDbLine
 10
1830.0
 20
-1293.0
 30
0.0
 11
1830.0
 21
-1271.0
 31
0.0
  0
LINE
  5
272
330
17
100
AcDbEntity
  8
DIM
100
AcDbLine
 10
1905.0
 20
-1293.0
 30
0.0
 11
1905.0
 21
-1271.0
 31
0.0
  0
LINE
  5
273
330
17
100
AcDbEntity
  8
DIM
100
AcDbLine
 10
1830.0
 20
-1271.0
 30
0.0
 11
1905.0
 21
-1271.0
 31
0.0
  0
LINE
  5
274
330
17
100
AcDbEntity
  8
DIM
100
AcDbLine
 10
1830.0
 20
-1271.0
 30
0.0
 11
1835.6381557247155
 21
-1268.947879140046
 31
0.0
  0
LINE
  5
275
330
17
100
AcDbEntity
  8
DIM
100
AcDbLine
 10
1830.0
 20
-1271.0
 30
0.0
 11
1835.6381557247155
 21
-1273.052120859954
 31
0.0
  0
LINE
  5
276
330
17
100
AcDbEntity
  8
DIM
100
AcDbLine
 10
1905.0
 20
-1271.0
 30
0.0
 11
1899.3618442752845
 21
-1273.052120859954
 31
0.0
  0
LINE
  5
277
330
17
100
AcDbEntity
  8
DIM
100
AcDbLine
 10
1905.0
 20
-1271.0
 30
0.0
 11
1899.3618442752845
 21
-1268.947879140046
 31
0.0
  0
TEXT
  5
278
330
17
100
AcDbEntity
  8
DIM
100
AcDbText
 10
1867.5
 20
-1266.05
 30
0.0
 40
11.0
  1
75
 72
1
 11
1867.5
 21
-1266.05
 31
0.0
100
AcDbText
 73
1
  0
LINE
  5
279
330
17
100
AcDbEntity
  8
DIM
100
AcDbLine
 10
1905.0
 20
-1293.0
 30
0.0
 11
1905.0
 21
-1271.0
 31
0.0
  0
LINE
  5
27A
330
17
100
AcDbEntity
  8
DIM
100
AcDbLine
 10
1980.0
 20
-1293.0
 30
0.0
 11
1980.0
 21
-1271.0
 31
0.0
  0
LINE
  5
27B
330
17
100
AcDbEntity
  8
DIM
100
AcDbLine
 10
1905.0
 20
-1271.0
 30
0.0
 11
1980.0
 21
-1271.0
 31
0.0
  0
LINE
  5
27C
330
17
100
AcDbEntity
  8
DIM
100
AcDbLine
 10
1905.0
 20
-1271.0
 30
0.0
 11
1910.6381557247155
 21
-1268.947879140046
 31
0.0
  0
LINE
  5
27D
330
17
100
AcDbEntity
  8
DIM
100
AcDbLine
 10
1905.0
 20
-1271.0
 30
0.0
 11
1910.6381557247155
 21
-1273.052120859954
 31
0.0
  0
LINE
  5
27E
330
17
100
AcDbEntity
  8
DIM
100
AcDbLine
 10
1980.0
 20
-1271.0
 30
0.0
 11
1974.3618442752845
 21
-1273.052120859954
 31
0.0
  0
LINE
  5
27F
330
17
100
AcDbEntity
  8
DIM
100
AcDbLine
 10
1980.0
 20
-1271.0
 30
0.0
 11
1974.3618442752845
 21
-1268.947879140046
 31
0.0
  0
TEXT
  5
280
330
17
100
AcDbEntity
  8
DIM
100
AcDbText
 10
1942.5
 20
-1266.05
 30
0.0
 40
11.0
  1
75
 72
1
 11
1942.5
 21
-1266.05
 31
0.0
100
AcDbText
 73
1
  0
TEXT
  5
281
330
17
100
AcDbEntity
  8
NOTE
100
AcDbText
 10
1680.0
 20
-1419.0
 30
0.0
 40
12.0
  1
3 x dia 3.5
 11
1680.0
 21
-1419.0
 31
0.0
100
AcDbText
 73
1
  0
LINE
  5
282
330
17
100
AcDbEntity
  8
DIM
100
AcDbLine
 10
1905.0
 20
-1327.0
 30
0.0
 11
2014.0
 21
-1327.0
 31
0.0
  0
LINE
  5
283
330
17
100
AcDbEntity
  8
DIM
100
AcDbLine
 10
1905.0
 20
-1327.0
 30
0.0
 11
1910.6381557247155
 21
-1324.947879140046
 31
0.0
  0
LINE
  5
284
330
17
100
AcDbEntity
  8
DIM
100
AcDbLine
 10
1905.0
 20
-1327.0
 30
0.0
 11
1910.6381557247155
 21
-1329.052120859954
 31
0.0
  0
TEXT
  5
285
330
17
100
AcDbEntity
  8
DIM
100
AcDbText
 10
2018.0
 20
-1327.0
 30
0.0
 40
12.0
  1
%%c3.5
 11
2018.0
 21
-1327.0
 31
0.0
100
AcDbText
 73
2
  0
TEXT
  5
286
330
17
100
AcDbEntity
  8
TITLE
100
AcDbText
 10
1680.0
 20
-1457.0
 30
0.0
 40
13.0
  1
TOP VIEW (plan; opens upward)
 11
1680.0
 21
-1457.0
 31
0.0
100
AcDbText
 73
1
  0
LWPOLYLINE
  5
287
330
17
100
AcDbEntity
  8
OUTLINE
 62
2
100
AcDbPolyline
 90
5
 70
0
 10
1680.0
 20
-1543.0
 10
1980.0
 20
-1543.0
 10
1980.0
 20
-1475.0
 10
1680.0
 20
-1475.0
 10
1680.0
 20
-1543.0
  0
LINE
  5
288
330
17
100
AcDbEntity
  8
OUTLINE
 62
2
100
AcDbLine
 10
1680.0
 20
-1540.25
 30
0.0
 11
1980.0
 21
-1540.25
 31
0.0
  0
LINE
  5
289
330
17
100
AcDbEntity
  8
OUTLINE
 62
2
100
AcDbLine
 10
1680.0
 20
-1477.75
 30
0.0
 11
1980.0
 21
-1477.75
 31
0.0
  0
LINE
  5
28A
330
17
100
AcDbEntity
  8
DIM
100
AcDbLine
 10
1680.0
 20
-1540.25
 30
0.0
 11
1644.0
 21
-1540.25
 31
0.0
  0
LINE
  5
28B
330
17
100
AcDbEntity
  8
DIM
100
AcDbLine
 10
1680.0
 20
-1477.75
 30
0.0
 11
1644.0
 21
-1477.75
 31
0.0
  0
LINE
  5
28C
330
17
100
AcDbEntity
  8
DIM
100
AcDbLine
 10
1644.0
 20
-1540.25
 30
0.0
 11
1644.0
 21
-1477.75
 31
0.0
  0
LINE
  5
28D
330
17
100
AcDbEntity
  8
DIM
100
AcDbLine
 10
1644.0
 20
-1540.25
 30
0.0
 11
1641.947879140046
 21
-1534.6118442752845
 31
0.0
  0
LINE
  5
28E
330
17
100
AcDbEntity
  8
DIM
100
AcDbLine
 10
1644.0
 20
-1540.25
 30
0.0
 11
1646.052120859954
 21
-1534.6118442752845
 31
0.0
  0
LINE
  5
28F
330
17
100
AcDbEntity
  8
DIM
100
AcDbLine
 10
1644.0
 20
-1477.75
 30
0.0
 11
1646.052120859954
 21
-1483.3881557247155
 31
0.0
  0
LINE
  5
290
330
17
100
AcDbEntity
  8
DIM
100
AcDbLine
 10
1644.0
 20
-1477.75
 30
0.0
 11
1641.947879140046
 21
-1483.3881557247155
 31
0.0
  0
TEXT
  5
291
330
17
100
AcDbEntity
  8
DIM
100
AcDbText
 10
1638.5
 20
-1509.0
 30
0.0
 40
11.0
  1
62.5
 50
90.0
 72
1
 11
1638.5
 21
-1509.0
 31
0.0
100
AcDbText
 73
1
  0
LINE
  5
292
330
17
100
AcDbEntity
  8
DIM
100
AcDbLine
 10
1680.0
 20
-1543.0
 30
0.0
 11
1680.0
 21
-1575.0
 31
0.0
  0
LINE
  5
293
330
17
100
AcDbEntity
  8
DIM
100
AcDbLine
 10
1980.0
 20
-1543.0
 30
0.0
 11
1980.0
 21
-1575.0
 31
0.0
  0
LINE
  5
294
330
17
100
AcDbEntity
  8
DIM
100
AcDbLine
 10
1680.0
 20
-1575.0
 30
0.0
 11
1980.0
 21
-1575.0
 31
0.0
  0
LINE
  5
295
330
17
100
AcDbEntity
  8
DIM
100
AcDbLine
 10
1680.0
 20
-1575.0
 30
0.0
 11
1685.6381557247155
 21
-1572.947879140046
 31
0.0
  0
LINE
  5
296
330
17
100
AcDbEntity
  8
DIM
100
AcDbLine
 10
1680.0
 20
-1575.0
 30
0.0
 11
1685.6381557247155
 21
-1577.052120859954
 31
0.0
  0
LINE
  5
297
330
17
100
AcDbEntity
  8
DIM
100
AcDbLine
 10
1980.0
 20
-1575.0
 30
0.0
 11
1974.3618442752845
 21
-1577.052120859954
 31
0.0
  0
LINE
  5
298
330
17
100
AcDbEntity
  8
DIM
100
AcDbLine
 10
1980.0
 20
-1575.0
 30
0.0
 11
1974.3618442752845
 21
-1572.947879140046
 31
0.0
  0
TEXT
  5
299
330
17
100
AcDbEntity
  8
DIM
100
AcDbText
 10
1830.0
 20
-1569.6
 30
0.0
 40
12.0
  1
300
 72
1
 11
1830.0
 21
-1569.6
 31
0.0
100
AcDbText
 73
1
  0
TEXT
  5
29A
330
17
100
AcDbEntity
  8
TITLE
100
AcDbText
 10
2146.0
 20
-1257.0
 30
0.0
 40
13.0
  1
SIDE VIEW (cross-section, opens up - M)
 11
2146.0
 21
-1257.0
 31
0.0
100
AcDbText
 73
1
  0
LWPOLYLINE
  5
29B
330
17
100
AcDbEntity
  8
SECT
 62
2
100
AcDbPolyline
 90
6
 70
0
 10
2148.75
 20
-1351.6144422615148
 10
2146.0
 20
-1342.0
 10
2146.0
 20
-1357.0
 10
2214.0
 20
-1357.0
 10
2214.0
 20
-1342.0
 10
2211.25
 20
-1351.6144422615148
  0
LINE
  5
29C
330
17
100
AcDbEntity
  8
DIM
100
AcDbLine
 10
2146.0
 20
-1357.0
 30
0.0
 11
2146.0
 21
-1377.0
 31
0.0
  0
LINE
  5
29D
330
17
100
AcDbEntity
  8
DIM
100
AcDbLine
 10
2214.0
 20
-1357.0
 30
0.0
 11
2214.0
 21
-1377.0
 31
0.0
  0
LINE
  5
29E
330
17
100
AcDbEntity
  8
DIM
100
AcDbLine
 10
2146.0
 20
-1377.0
 30
0.0
 11
2214.0
 21
-1377.0
 31
0.0
  0
LINE
  5
29F
330
17
100
AcDbEntity
  8
DIM
100
AcDbLine
 10
2146.0
 20
-1377.0
 30
0.0
 11
2151.6381557247155
 21
-1374.947879140046
 31
0.0
  0
LINE
  5
2A0
330
17
100
AcDbEntity
  8
DIM
100
AcDbLine
 10
2146.0
 20
-1377.0
 30
0.0
 11
2151.6381557247155
 21
-1379.052120859954
 31
0.0
  0
LINE
  5
2A1
330
17
100
AcDbEntity
  8
DIM
100
AcDbLine
 10
2214.0
 20
-1377.0
 30
0.0
 11
2208.3618442752845
 21
-1379.052120859954
 31
0.0
  0
LINE
  5
2A2
330
17
100
AcDbEntity
  8
DIM
100
AcDbLine
 10
2214.0
 20
-1377.0
 30
0.0
 11
2208.3618442752845
 21
-1374.947879140046
 31
0.0
  0
TEXT
  5
2A3
330
17
100
AcDbEntity
  8
DIM
100
AcDbText
 10
2180.0
 20
-1372.05
 30
0.0
 40
11.0
  1
68
 72
1
 11
2180.0
 21
-1372.05
 31
0.0
100
AcDbText
 73
1
  0
LINE
  5
2A4
330
17
100
AcDbEntity
  8
DIM
100
AcDbLine
 10
2214.0
 20
-1357.0
 30
0.0
 11
2240.0
 21
-1357.0
 31
0.0
  0
LINE
  5
2A5
330
17
100
AcDbEntity
  8
DIM
100
AcDbLine
 10
2214.0
 20
-1342.0
 30
0.0
 11
2240.0
 21
-1342.0
 31
0.0
  0
LINE
  5
2A6
330
17
100
AcDbEntity
  8
DIM
100
AcDbLine
 10
2240.0
 20
-1357.0
 30
0.0
 11
2240.0
 21
-1342.0
 31
0.0
  0
LINE
  5
2A7
330
17
100
AcDbEntity
  8
DIM
100
AcDbLine
 10
2240.0
 20
-1357.0
 30
0.0
 11
2237.947879140046
 21
-1351.3618442752845
 31
0.0
  0
LINE
  5
2A8
330
17
100
AcDbEntity
  8
DIM
100
AcDbLine
 10
2240.0
 20
-1357.0
 30
0.0
 11
2242.052120859954
 21
-1351.3618442752845
 31
0.0
  0
LINE
  5
2A9
330
17
100
AcDbEntity
  8
DIM
100
AcDbLine
 10
2240.0
 20
-1342.0
 30
0.0
 11
2242.052120859954
 21
-1347.6381557247155
 31
0.0
  0
LINE
  5
2AA
330
17
100
AcDbEntity
  8
DIM
100
AcDbLine
 10
2240.0
 20
-1342.0
 30
0.0
 11
2237.947879140046
 21
-1347.6381557247155
 31
0.0
  0
TEXT
  5
2AB
330
17
100
AcDbEntity
  8
DIM
100
AcDbText
 10
2245.5
 20
-1349.5
 30
0.0
 40
11.0
  1
15
 50
90.0
 72
1
 11
2245.5
 21
-1349.5
 31
0.0
100
AcDbText
 73
1
  0
TEXT
  5
2AC
330
17
100
AcDbEntity
  8
NOTE
100
AcDbText
 10
2146.0
 20
-1326.0
 30
0.0
 40
11.0
  1
t = 0.25  |  hook 16 deg inward  |  opening 62.5
 11
2146.0
 21
-1326.0
 31
0.0
100
AcDbText
 73
1
  0
SOLID
  5
2AD
330
17
100
AcDbEntity
  8
SWATCH
 62
4
100
AcDbTrace
 10
0.0
 20
-1725.0
 30
0.0
 11
26.0
 21
-1725.0
 31
0.0
 12
0.0
 22
-1699.0
 32
0.0
 13
26.0
 23
-1699.0
 33
0.0
  0
TEXT
  5
2AE
330
17
100
AcDbEntity
  8
TITLE
 62
4
100
AcDbText
 10
38.0
 20
-1727.0
 30
0.0
 40
26.0
  1
R250
 11
38.0
 21
-1727.0
 31
0.0
100
AcDbText
 73
1
  0
TEXT
  5
2AF
330
17
100
AcDbEntity
  8
TITLE
100
AcDbText
 10
38.0
 20
-1753.0
 30
0.0
 40
14.0
  1
colour: cyan   |   QTY = 52 pcs
 11
38.0
 21
-1753.0
 31
0.0
100
AcDbText
 73
1
  0
TEXT
  5
2B0
330
17
100
AcDbEntity
  8
TITLE
100
AcDbText
 10
0.0
 20
-1777.0
 30
0.0
 40
13.0
  1
FRONT VIEW (main face)
 11
0.0
 21
-1777.0
 31
0.0
100
AcDbText
 73
1
  0
LWPOLYLINE
  5
2B1
330
17
100
AcDbEntity
  8
OUTLINE
 62
4
100
AcDbPolyline
 90
5
 70
0
 10
0.0
 20
-1881.0
 10
250.0
 20
-1881.0
 10
250.0
 20
-1813.0
 10
0.0
 20
-1813.0
 10
0.0
 20
-1881.0
  0
CIRCLE
  5
2B2
330
17
100
AcDbEntity
  8
HOLE
100
AcDbCircle
 10
62.5
 20
-1847.0
 30
0.0
 40
1.75
  0
LINE
  5
2B3
330
17
100
AcDbEntity
  8
CL
100
AcDbLine
 10
58.35
 20
-1847.0
 30
0.0
 11
66.65
 21
-1847.0
 31
0.0
  0
LINE
  5
2B4
330
17
100
AcDbEntity
  8
CL
100
AcDbLine
 10
62.5
 20
-1851.15
 30
0.0
 11
62.5
 21
-1842.85
 31
0.0
  0
CIRCLE
  5
2B5
330
17
100
AcDbEntity
  8
HOLE
100
AcDbCircle
 10
187.5
 20
-1847.0
 30
0.0
 40
1.75
  0
LINE
  5
2B6
330
17
100
AcDbEntity
  8
CL
100
AcDbLine
 10
183.35
 20
-1847.0
 30
0.0
 11
191.65
 21
-1847.0
 31
0.0
  0
LINE
  5
2B7
330
17
100
AcDbEntity
  8
CL
100
AcDbLine
 10
187.5
 20
-1851.15
 30
0.0
 11
187.5
 21
-1842.85
 31
0.0
  0
LINE
  5
2B8
330
17
100
AcDbEntity
  8
DIM
100
AcDbLine
 10
0.0
 20
-1881.0
 30
0.0
 11
-36.0
 21
-1881.0
 31
0.0
  0
LINE
  5
2B9
330
17
100
AcDbEntity
  8
DIM
100
AcDbLine
 10
0.0
 20
-1813.0
 30
0.0
 11
-36.0
 21
-1813.0
 31
0.0
  0
LINE
  5
2BA
330
17
100
AcDbEntity
  8
DIM
100
AcDbLine
 10
-36.0
 20
-1881.0
 30
0.0
 11
-36.0
 21
-1813.0
 31
0.0
  0
LINE
  5
2BB
330
17
100
AcDbEntity
  8
DIM
100
AcDbLine
 10
-36.0
 20
-1881.0
 30
0.0
 11
-38.052120859954016
 21
-1875.3618442752845
 31
0.0
  0
LINE
  5
2BC
330
17
100
AcDbEntity
  8
DIM
100
AcDbLine
 10
-36.0
 20
-1881.0
 30
0.0
 11
-33.947879140045984
 21
-1875.3618442752845
 31
0.0
  0
LINE
  5
2BD
330
17
100
AcDbEntity
  8
DIM
100
AcDbLine
 10
-36.0
 20
-1813.0
 30
0.0
 11
-33.947879140045984
 21
-1818.6381557247155
 31
0.0
  0
LINE
  5
2BE
330
17
100
AcDbEntity
  8
DIM
100
AcDbLine
 10
-36.0
 20
-1813.0
 30
0.0
 11
-38.052120859954016
 21
-1818.6381557247155
 31
0.0
  0
TEXT
  5
2BF
330
17
100
AcDbEntity
  8
DIM
100
AcDbText
 10
-42.0
 20
-1847.0
 30
0.0
 40
12.0
  1
68
 50
90.0
 72
1
 11
-42.0
 21
-1847.0
 31
0.0
100
AcDbText
 73
1
  0
LINE
  5
2C0
330
17
100
AcDbEntity
  8
DIM
100
AcDbLine
 10
0.0
 20
-1881.0
 30
0.0
 11
0.0
 21
-1915.0
 31
0.0
  0
LINE
  5
2C1
330
17
100
AcDbEntity
  8
DIM
100
AcDbLine
 10
250.0
 20
-1881.0
 30
0.0
 11
250.0
 21
-1915.0
 31
0.0
  0
LINE
  5
2C2
330
17
100
AcDbEntity
  8
DIM
100
AcDbLine
 10
0.0
 20
-1915.0
 30
0.0
 11
250.0
 21
-1915.0
 31
0.0
  0
LINE
  5
2C3
330
17
100
AcDbEntity
  8
DIM
100
AcDbLine
 10
0.0
 20
-1915.0
 30
0.0
 11
5.638155724715451
 21
-1912.947879140046
 31
0.0
  0
LINE
  5
2C4
330
17
100
AcDbEntity
  8
DIM
100
AcDbLine
 10
0.0
 20
-1915.0
 30
0.0
 11
5.638155724715451
 21
-1917.052120859954
 31
0.0
  0
LINE
  5
2C5
330
17
100
AcDbEntity
  8
DIM
100
AcDbLine
 10
250.0
 20
-1915.0
 30
0.0
 11
244.36184427528454
 21
-1917.052120859954
 31
0.0
  0
LINE
  5
2C6
330
17
100
AcDbEntity
  8
DIM
100
AcDbLine
 10
250.0
 20
-1915.0
 30
0.0
 11
244.36184427528454
 21
-1912.947879140046
 31
0.0
  0
TEXT
  5
2C7
330
17
100
AcDbEntity
  8
DIM
100
AcDbText
 10
125.0
 20
-1909.15
 30
0.0
 40
13.0
  1
250
 72
1
 11
125.0
 21
-1909.15
 31
0.0
100
AcDbText
 73
1
  0
LINE
  5
2C8
330
17
100
AcDbEntity
  8
DIM
100
AcDbLine
 10
0.0
 20
-1813.0
 30
0.0
 11
0.0
 21
-1791.0
 31
0.0
  0
LINE
  5
2C9
330
17
100
AcDbEntity
  8
DIM
100
AcDbLine
 10
62.5
 20
-1813.0
 30
0.0
 11
62.5
 21
-1791.0
 31
0.0
  0
LINE
  5
2CA
330
17
100
AcDbEntity
  8
DIM
100
AcDbLine
 10
0.0
 20
-1791.0
 30
0.0
 11
62.5
 21
-1791.0
 31
0.0
  0
LINE
  5
2CB
330
17
100
AcDbEntity
  8
DIM
100
AcDbLine
 10
0.0
 20
-1791.0
 30
0.0
 11
5.638155724715451
 21
-1788.947879140046
 31
0.0
  0
LINE
  5
2CC
330
17
100
AcDbEntity
  8
DIM
100
AcDbLine
 10
0.0
 20
-1791.0
 30
0.0
 11
5.638155724715451
 21
-1793.052120859954
 31
0.0
  0
LINE
  5
2CD
330
17
100
AcDbEntity
  8
DIM
100
AcDbLine
 10
62.5
 20
-1791.0
 30
0.0
 11
56.86184427528455
 21
-1793.052120859954
 31
0.0
  0
LINE
  5
2CE
330
17
100
AcDbEntity
  8
DIM
100
AcDbLine
 10
62.5
 20
-1791.0
 30
0.0
 11
56.861844275284554
 21
-1788.947879140046
 31
0.0
  0
TEXT
  5
2CF
330
17
100
AcDbEntity
  8
DIM
100
AcDbText
 10
31.25
 20
-1786.05
 30
0.0
 40
11.0
  1
62.5
 72
1
 11
31.25
 21
-1786.05
 31
0.0
100
AcDbText
 73
1
  0
LINE
  5
2D0
330
17
100
AcDbEntity
  8
DIM
100
AcDbLine
 10
62.5
 20
-1813.0
 30
0.0
 11
62.5
 21
-1791.0
 31
0.0
  0
LINE
  5
2D1
330
17
100
AcDbEntity
  8
DIM
100
AcDbLine
 10
187.5
 20
-1813.0
 30
0.0
 11
187.5
 21
-1791.0
 31
0.0
  0
LINE
  5
2D2
330
17
100
AcDbEntity
  8
DIM
100
AcDbLine
 10
62.5
 20
-1791.0
 30
0.0
 11
187.5
 21
-1791.0
 31
0.0
  0
LINE
  5
2D3
330
17
100
AcDbEntity
  8
DIM
100
AcDbLine
 10
62.5
 20
-1791.0
 30
0.0
 11
68.13815572471545
 21
-1788.947879140046
 31
0.0
  0
LINE
  5
2D4
330
17
100
AcDbEntity
  8
DIM
100
AcDbLine
 10
62.5
 20
-1791.0
 30
0.0
 11
68.13815572471545
 21
-1793.052120859954
 31
0.0
  0
LINE
  5
2D5
330
17
100
AcDbEntity
  8
DIM
100
AcDbLine
 10
187.5
 20
-1791.0
 30
0.0
 11
181.86184427528454
 21
-1793.052120859954
 31
0.0
  0
LINE
  5
2D6
330
17
100
AcDbEntity
  8
DIM
100
AcDbLine
 10
187.5
 20
-1791.0
 30
0.0
 11
181.86184427528454
 21
-1788.947879140046
 31
0.0
  0
TEXT
  5
2D7
330
17
100
AcDbEntity
  8
DIM
100
AcDbText
 10
125.0
 20
-1786.05
 30
0.0
 40
11.0
  1
125
 72
1
 11
125.0
 21
-1786.05
 31
0.0
100
AcDbText
 73
1
  0
LINE
  5
2D8
330
17
100
AcDbEntity
  8
DIM
100
AcDbLine
 10
187.5
 20
-1813.0
 30
0.0
 11
187.5
 21
-1791.0
 31
0.0
  0
LINE
  5
2D9
330
17
100
AcDbEntity
  8
DIM
100
AcDbLine
 10
250.0
 20
-1813.0
 30
0.0
 11
250.0
 21
-1791.0
 31
0.0
  0
LINE
  5
2DA
330
17
100
AcDbEntity
  8
DIM
100
AcDbLine
 10
187.5
 20
-1791.0
 30
0.0
 11
250.0
 21
-1791.0
 31
0.0
  0
LINE
  5
2DB
330
17
100
AcDbEntity
  8
DIM
100
AcDbLine
 10
187.5
 20
-1791.0
 30
0.0
 11
193.13815572471546
 21
-1788.947879140046
 31
0.0
  0
LINE
  5
2DC
330
17
100
AcDbEntity
  8
DIM
100
AcDbLine
 10
187.5
 20
-1791.0
 30
0.0
 11
193.13815572471546
 21
-1793.052120859954
 31
0.0
  0
LINE
  5
2DD
330
17
100
AcDbEntity
  8
DIM
100
AcDbLine
 10
250.0
 20
-1791.0
 30
0.0
 11
244.36184427528454
 21
-1793.052120859954
 31
0.0
  0
LINE
  5
2DE
330
17
100
AcDbEntity
  8
DIM
100
AcDbLine
 10
250.0
 20
-1791.0
 30
0.0
 11
244.36184427528454
 21
-1788.947879140046
 31
0.0
  0
TEXT
  5
2DF
330
17
100
AcDbEntity
  8
DIM
100
AcDbText
 10
218.75
 20
-1786.05
 30
0.0
 40
11.0
  1
62.5
 72
1
 11
218.75
 21
-1786.05
 31
0.0
100
AcDbText
 73
1
  0
TEXT
  5
2E0
330
17
100
AcDbEntity
  8
NOTE
100
AcDbText
 10
0.0
 20
-1939.0
 30
0.0
 40
12.0
  1
2 x dia 3.5
 11
0.0
 21
-1939.0
 31
0.0
100
AcDbText
 73
1
  0
LINE
  5
2E1
330
17
100
AcDbEntity
  8
DIM
100
AcDbLine
 10
187.5
 20
-1847.0
 30
0.0
 11
284.0
 21
-1847.0
 31
0.0
  0
LINE
  5
2E2
330
17
100
AcDbEntity
  8
DIM
100
AcDbLine
 10
187.5
 20
-1847.0
 30
0.0
 11
193.13815572471546
 21
-1844.947879140046
 31
0.0
  0
LINE
  5
2E3
330
17
100
AcDbEntity
  8
DIM
100
AcDbLine
 10
187.5
 20
-1847.0
 30
0.0
 11
193.13815572471546
 21
-1849.052120859954
 31
0.0
  0
TEXT
  5
2E4
330
17
100
AcDbEntity
  8
DIM
100
AcDbText
 10
288.0
 20
-1847.0
 30
0.0
 40
12.0
  1
%%c3.5
 11
288.0
 21
-1847.0
 31
0.0
100
AcDbText
 73
2
  0
TEXT
  5
2E5
330
17
100
AcDbEntity
  8
TITLE
100
AcDbText
 10
0.0
 20
-1977.0
 30
0.0
 40
13.0
  1
TOP VIEW (plan; opens upward)
 11
0.0
 21
-1977.0
 31
0.0
100
AcDbText
 73
1
  0
LWPOLYLINE
  5
2E6
330
17
100
AcDbEntity
  8
OUTLINE
 62
4
100
AcDbPolyline
 90
5
 70
0
 10
0.0
 20
-2063.0
 10
250.0
 20
-2063.0
 10
250.0
 20
-1995.0
 10
0.0
 20
-1995.0
 10
0.0
 20
-2063.0
  0
LINE
  5
2E7
330
17
100
AcDbEntity
  8
OUTLINE
 62
4
100
AcDbLine
 10
0.0
 20
-2060.25
 30
0.0
 11
250.0
 21
-2060.25
 31
0.0
  0
LINE
  5
2E8
330
17
100
AcDbEntity
  8
OUTLINE
 62
4
100
AcDbLine
 10
0.0
 20
-1997.75
 30
0.0
 11
250.0
 21
-1997.75
 31
0.0
  0
LINE
  5
2E9
330
17
100
AcDbEntity
  8
DIM
100
AcDbLine
 10
0.0
 20
-2060.25
 30
0.0
 11
-36.0
 21
-2060.25
 31
0.0
  0
LINE
  5
2EA
330
17
100
AcDbEntity
  8
DIM
100
AcDbLine
 10
0.0
 20
-1997.75
 30
0.0
 11
-36.0
 21
-1997.75
 31
0.0
  0
LINE
  5
2EB
330
17
100
AcDbEntity
  8
DIM
100
AcDbLine
 10
-36.0
 20
-2060.25
 30
0.0
 11
-36.0
 21
-1997.75
 31
0.0
  0
LINE
  5
2EC
330
17
100
AcDbEntity
  8
DIM
100
AcDbLine
 10
-36.0
 20
-2060.25
 30
0.0
 11
-38.052120859954016
 21
-2054.6118442752845
 31
0.0
  0
LINE
  5
2ED
330
17
100
AcDbEntity
  8
DIM
100
AcDbLine
 10
-36.0
 20
-2060.25
 30
0.0
 11
-33.947879140045984
 21
-2054.6118442752845
 31
0.0
  0
LINE
  5
2EE
330
17
100
AcDbEntity
  8
DIM
100
AcDbLine
 10
-36.0
 20
-1997.75
 30
0.0
 11
-33.947879140045984
 21
-2003.3881557247155
 31
0.0
  0
LINE
  5
2EF
330
17
100
AcDbEntity
  8
DIM
100
AcDbLine
 10
-36.0
 20
-1997.75
 30
0.0
 11
-38.052120859954016
 21
-2003.3881557247155
 31
0.0
  0
TEXT
  5
2F0
330
17
100
AcDbEntity
  8
DIM
100
AcDbText
 10
-41.5
 20
-2029.0
 30
0.0
 40
11.0
  1
62.5
 50
90.0
 72
1
 11
-41.5
 21
-2029.0
 31
0.0
100
AcDbText
 73
1
  0
LINE
  5
2F1
330
17
100
AcDbEntity
  8
DIM
100
AcDbLine
 10
0.0
 20
-2063.0
 30
0.0
 11
0.0
 21
-2095.0
 31
0.0
  0
LINE
  5
2F2
330
17
100
AcDbEntity
  8
DIM
100
AcDbLine
 10
250.0
 20
-2063.0
 30
0.0
 11
250.0
 21
-2095.0
 31
0.0
  0
LINE
  5
2F3
330
17
100
AcDbEntity
  8
DIM
100
AcDbLine
 10
0.0
 20
-2095.0
 30
0.0
 11
250.0
 21
-2095.0
 31
0.0
  0
LINE
  5
2F4
330
17
100
AcDbEntity
  8
DIM
100
AcDbLine
 10
0.0
 20
-2095.0
 30
0.0
 11
5.638155724715451
 21
-2092.947879140046
 31
0.0
  0
LINE
  5
2F5
330
17
100
AcDbEntity
  8
DIM
100
AcDbLine
 10
0.0
 20
-2095.0
 30
0.0
 11
5.638155724715451
 21
-2097.052120859954
 31
0.0
  0
LINE
  5
2F6
330
17
100
AcDbEntity
  8
DIM
100
AcDbLine
 10
250.0
 20
-2095.0
 30
0.0
 11
244.36184427528454
 21
-2097.052120859954
 31
0.0
  0
LINE
  5
2F7
330
17
100
AcDbEntity
  8
DIM
100
AcDbLine
 10
250.0
 20
-2095.0
 30
0.0
 11
244.36184427528454
 21
-2092.947879140046
 31
0.0
  0
TEXT
  5
2F8
330
17
100
AcDbEntity
  8
DIM
100
AcDbText
 10
125.0
 20
-2089.6
 30
0.0
 40
12.0
  1
250
 72
1
 11
125.0
 21
-2089.6
 31
0.0
100
AcDbText
 73
1
  0
TEXT
  5
2F9
330
17
100
AcDbEntity
  8
TITLE
100
AcDbText
 10
466.0
 20
-1777.0
 30
0.0
 40
13.0
  1
SIDE VIEW (cross-section, opens up - M)
 11
466.0
 21
-1777.0
 31
0.0
100
AcDbText
 73
1
  0
LWPOLYLINE
  5
2FA
330
17
100
AcDbEntity
  8
SECT
 62
4
100
AcDbPolyline
 90
6
 70
0
 10
468.75
 20
-1871.6144422615148
 10
466.0
 20
-1862.0
 10
466.0
 20
-1877.0
 10
534.0
 20
-1877.0
 10
534.0
 20
-1862.0
 10
531.25
 20
-1871.6144422615148
  0
LINE
  5
2FB
330
17
100
AcDbEntity
  8
DIM
100
AcDbLine
 10
466.0
 20
-1877.0
 30
0.0
 11
466.0
 21
-1897.0
 31
0.0
  0
LINE
  5
2FC
330
17
100
AcDbEntity
  8
DIM
100
AcDbLine
 10
534.0
 20
-1877.0
 30
0.0
 11
534.0
 21
-1897.0
 31
0.0
  0
LINE
  5
2FD
330
17
100
AcDbEntity
  8
DIM
100
AcDbLine
 10
466.0
 20
-1897.0
 30
0.0
 11
534.0
 21
-1897.0
 31
0.0
  0
LINE
  5
2FE
330
17
100
AcDbEntity
  8
DIM
100
AcDbLine
 10
466.0
 20
-1897.0
 30
0.0
 11
471.63815572471543
 21
-1894.947879140046
 31
0.0
  0
LINE
  5
2FF
330
17
100
AcDbEntity
  8
DIM
100
AcDbLine
 10
466.0
 20
-1897.0
 30
0.0
 11
471.63815572471543
 21
-1899.052120859954
 31
0.0
  0
LINE
  5
300
330
17
100
AcDbEntity
  8
DIM
100
AcDbLine
 10
534.0
 20
-1897.0
 30
0.0
 11
528.3618442752845
 21
-1899.052120859954
 31
0.0
  0
LINE
  5
301
330
17
100
AcDbEntity
  8
DIM
100
AcDbLine
 10
534.0
 20
-1897.0
 30
0.0
 11
528.3618442752845
 21
-1894.947879140046
 31
0.0
  0
TEXT
  5
302
330
17
100
AcDbEntity
  8
DIM
100
AcDbText
 10
500.0
 20
-1892.05
 30
0.0
 40
11.0
  1
68
 72
1
 11
500.0
 21
-1892.05
 31
0.0
100
AcDbText
 73
1
  0
LINE
  5
303
330
17
100
AcDbEntity
  8
DIM
100
AcDbLine
 10
534.0
 20
-1877.0
 30
0.0
 11
560.0
 21
-1877.0
 31
0.0
  0
LINE
  5
304
330
17
100
AcDbEntity
  8
DIM
100
AcDbLine
 10
534.0
 20
-1862.0
 30
0.0
 11
560.0
 21
-1862.0
 31
0.0
  0
LINE
  5
305
330
17
100
AcDbEntity
  8
DIM
100
AcDbLine
 10
560.0
 20
-1877.0
 30
0.0
 11
560.0
 21
-1862.0
 31
0.0
  0
LINE
  5
306
330
17
100
AcDbEntity
  8
DIM
100
AcDbLine
 10
560.0
 20
-1877.0
 30
0.0
 11
557.947879140046
 21
-1871.3618442752845
 31
0.0
  0
LINE
  5
307
330
17
100
AcDbEntity
  8
DIM
100
AcDbLine
 10
560.0
 20
-1877.0
 30
0.0
 11
562.052120859954
 21
-1871.3618442752845
 31
0.0
  0
LINE
  5
308
330
17
100
AcDbEntity
  8
DIM
100
AcDbLine
 10
560.0
 20
-1862.0
 30
0.0
 11
562.052120859954
 21
-1867.6381557247155
 31
0.0
  0
LINE
  5
309
330
17
100
AcDbEntity
  8
DIM
100
AcDbLine
 10
560.0
 20
-1862.0
 30
0.0
 11
557.947879140046
 21
-1867.6381557247155
 31
0.0
  0
TEXT
  5
30A
330
17
100
AcDbEntity
  8
DIM
100
AcDbText
 10
565.5
 20
-1869.5
 30
0.0
 40
11.0
  1
15
 50
90.0
 72
1
 11
565.5
 21
-1869.5
 31
0.0
100
AcDbText
 73
1
  0
TEXT
  5
30B
330
17
100
AcDbEntity
  8
NOTE
100
AcDbText
 10
466.0
 20
-1846.0
 30
0.0
 40
11.0
  1
t = 0.25  |  hook 16 deg inward  |  opening 62.5
 11
466.0
 21
-1846.0
 31
0.0
100
AcDbText
 73
1
  0
SOLID
  5
30C
330
17
100
AcDbEntity
  8
SWATCH
 62
140
100
AcDbTrace
 10
1680.0
 20
-1725.0
 30
0.0
 11
1706.0
 21
-1725.0
 31
0.0
 12
1680.0
 22
-1699.0
 32
0.0
 13
1706.0
 23
-1699.0
 33
0.0
  0
TEXT
  5
30D
330
17
100
AcDbEntity
  8
TITLE
 62
140
100
AcDbText
 10
1718.0
 20
-1727.0
 30
0.0
 40
26.0
  1
R100
 11
1718.0
 21
-1727.0
 31
0.0
100
AcDbText
 73
1
  0
TEXT
  5
30E
330
17
100
AcDbEntity
  8
TITLE
100
AcDbText
 10
1718.0
 20
-1753.0
 30
0.0
 40
14.0
  1
colour: ltblue   |   QTY = 205 pcs
 11
1718.0
 21
-1753.0
 31
0.0
100
AcDbText
 73
1
  0
TEXT
  5
30F
330
17
100
AcDbEntity
  8
TITLE
100
AcDbText
 10
1680.0
 20
-1777.0
 30
0.0
 40
13.0
  1
FRONT VIEW (main face)
 11
1680.0
 21
-1777.0
 31
0.0
100
AcDbText
 73
1
  0
LWPOLYLINE
  5
310
330
17
100
AcDbEntity
  8
OUTLINE
 62
140
100
AcDbPolyline
 90
5
 70
0
 10
1680.0
 20
-1881.0
 10
1780.0
 20
-1881.0
 10
1780.0
 20
-1813.0
 10
1680.0
 20
-1813.0
 10
1680.0
 20
-1881.0
  0
CIRCLE
  5
311
330
17
100
AcDbEntity
  8
HOLE
100
AcDbCircle
 10
1705.0
 20
-1847.0
 30
0.0
 40
1.75
  0
LINE
  5
312
330
17
100
AcDbEntity
  8
CL
100
AcDbLine
 10
1700.85
 20
-1847.0
 30
0.0
 11
1709.15
 21
-1847.0
 31
0.0
  0
LINE
  5
313
330
17
100
AcDbEntity
  8
CL
100
AcDbLine
 10
1705.0
 20
-1851.15
 30
0.0
 11
1705.0
 21
-1842.85
 31
0.0
  0
CIRCLE
  5
314
330
17
100
AcDbEntity
  8
HOLE
100
AcDbCircle
 10
1755.0
 20
-1847.0
 30
0.0
 40
1.75
  0
LINE
  5
315
330
17
100
AcDbEntity
  8
CL
100
AcDbLine
 10
1750.85
 20
-1847.0
 30
0.0
 11
1759.15
 21
-1847.0
 31
0.0
  0
LINE
  5
316
330
17
100
AcDbEntity
  8
CL
100
AcDbLine
 10
1755.0
 20
-1851.15
 30
0.0
 11
1755.0
 21
-1842.85
 31
0.0
  0
LINE
  5
317
330
17
100
AcDbEntity
  8
DIM
100
AcDbLine
 10
1680.0
 20
-1881.0
 30
0.0
 11
1644.0
 21
-1881.0
 31
0.0
  0
LINE
  5
318
330
17
100
AcDbEntity
  8
DIM
100
AcDbLine
 10
1680.0
 20
-1813.0
 30
0.0
 11
1644.0
 21
-1813.0
 31
0.0
  0
LINE
  5
319
330
17
100
AcDbEntity
  8
DIM
100
AcDbLine
 10
1644.0
 20
-1881.0
 30
0.0
 11
1644.0
 21
-1813.0
 31
0.0
  0
LINE
  5
31A
330
17
100
AcDbEntity
  8
DIM
100
AcDbLine
 10
1644.0
 20
-1881.0
 30
0.0
 11
1641.947879140046
 21
-1875.3618442752845
 31
0.0
  0
LINE
  5
31B
330
17
100
AcDbEntity
  8
DIM
100
AcDbLine
 10
1644.0
 20
-1881.0
 30
0.0
 11
1646.052120859954
 21
-1875.3618442752845
 31
0.0
  0
LINE
  5
31C
330
17
100
AcDbEntity
  8
DIM
100
AcDbLine
 10
1644.0
 20
-1813.0
 30
0.0
 11
1646.052120859954
 21
-1818.6381557247155
 31
0.0
  0
LINE
  5
31D
330
17
100
AcDbEntity
  8
DIM
100
AcDbLine
 10
1644.0
 20
-1813.0
 30
0.0
 11
1641.947879140046
 21
-1818.6381557247155
 31
0.0
  0
TEXT
  5
31E
330
17
100
AcDbEntity
  8
DIM
100
AcDbText
 10
1638.0
 20
-1847.0
 30
0.0
 40
12.0
  1
68
 50
90.0
 72
1
 11
1638.0
 21
-1847.0
 31
0.0
100
AcDbText
 73
1
  0
LINE
  5
31F
330
17
100
AcDbEntity
  8
DIM
100
AcDbLine
 10
1680.0
 20
-1881.0
 30
0.0
 11
1680.0
 21
-1915.0
 31
0.0
  0
LINE
  5
320
330
17
100
AcDbEntity
  8
DIM
100
AcDbLine
 10
1780.0
 20
-1881.0
 30
0.0
 11
1780.0
 21
-1915.0
 31
0.0
  0
LINE
  5
321
330
17
100
AcDbEntity
  8
DIM
100
AcDbLine
 10
1680.0
 20
-1915.0
 30
0.0
 11
1780.0
 21
-1915.0
 31
0.0
  0
LINE
  5
322
330
17
100
AcDbEntity
  8
DIM
100
AcDbLine
 10
1680.0
 20
-1915.0
 30
0.0
 11
1685.6381557247155
 21
-1912.947879140046
 31
0.0
  0
LINE
  5
323
330
17
100
AcDbEntity
  8
DIM
100
AcDbLine
 10
1680.0
 20
-1915.0
 30
0.0
 11
1685.6381557247155
 21
-1917.052120859954
 31
0.0
  0
LINE
  5
324
330
17
100
AcDbEntity
  8
DIM
100
AcDbLine
 10
1780.0
 20
-1915.0
 30
0.0
 11
1774.3618442752845
 21
-1917.052120859954
 31
0.0
  0
LINE
  5
325
330
17
100
AcDbEntity
  8
DIM
100
AcDbLine
 10
1780.0
 20
-1915.0
 30
0.0
 11
1774.3618442752845
 21
-1912.947879140046
 31
0.0
  0
TEXT
  5
326
330
17
100
AcDbEntity
  8
DIM
100
AcDbText
 10
1730.0
 20
-1909.15
 30
0.0
 40
13.0
  1
100
 72
1
 11
1730.0
 21
-1909.15
 31
0.0
100
AcDbText
 73
1
  0
LINE
  5
327
330
17
100
AcDbEntity
  8
DIM
100
AcDbLine
 10
1680.0
 20
-1813.0
 30
0.0
 11
1680.0
 21
-1791.0
 31
0.0
  0
LINE
  5
328
330
17
100
AcDbEntity
  8
DIM
100
AcDbLine
 10
1705.0
 20
-1813.0
 30
0.0
 11
1705.0
 21
-1791.0
 31
0.0
  0
LINE
  5
329
330
17
100
AcDbEntity
  8
DIM
100
AcDbLine
 10
1680.0
 20
-1791.0
 30
0.0
 11
1705.0
 21
-1791.0
 31
0.0
  0
LINE
  5
32A
330
17
100
AcDbEntity
  8
DIM
100
AcDbLine
 10
1680.0
 20
-1791.0
 30
0.0
 11
1685.6381557247155
 21
-1788.947879140046
 31
0.0
  0
LINE
  5
32B
330
17
100
AcDbEntity
  8
DIM
100
AcDbLine
 10
1680.0
 20
-1791.0
 30
0.0
 11
1685.6381557247155
 21
-1793.052120859954
 31
0.0
  0
LINE
  5
32C
330
17
100
AcDbEntity
  8
DIM
100
AcDbLine
 10
1705.0
 20
-1791.0
 30
0.0
 11
1699.3618442752845
 21
-1793.052120859954
 31
0.0
  0
LINE
  5
32D
330
17
100
AcDbEntity
  8
DIM
100
AcDbLine
 10
1705.0
 20
-1791.0
 30
0.0
 11
1699.3618442752845
 21
-1788.947879140046
 31
0.0
  0
TEXT
  5
32E
330
17
100
AcDbEntity
  8
DIM
100
AcDbText
 10
1692.5
 20
-1786.05
 30
0.0
 40
11.0
  1
25
 72
1
 11
1692.5
 21
-1786.05
 31
0.0
100
AcDbText
 73
1
  0
LINE
  5
32F
330
17
100
AcDbEntity
  8
DIM
100
AcDbLine
 10
1705.0
 20
-1813.0
 30
0.0
 11
1705.0
 21
-1791.0
 31
0.0
  0
LINE
  5
330
330
17
100
AcDbEntity
  8
DIM
100
AcDbLine
 10
1755.0
 20
-1813.0
 30
0.0
 11
1755.0
 21
-1791.0
 31
0.0
  0
LINE
  5
331
330
17
100
AcDbEntity
  8
DIM
100
AcDbLine
 10
1705.0
 20
-1791.0
 30
0.0
 11
1755.0
 21
-1791.0
 31
0.0
  0
LINE
  5
332
330
17
100
AcDbEntity
  8
DIM
100
AcDbLine
 10
1705.0
 20
-1791.0
 30
0.0
 11
1710.6381557247155
 21
-1788.947879140046
 31
0.0
  0
LINE
  5
333
330
17
100
AcDbEntity
  8
DIM
100
AcDbLine
 10
1705.0
 20
-1791.0
 30
0.0
 11
1710.6381557247155
 21
-1793.052120859954
 31
0.0
  0
LINE
  5
334
330
17
100
AcDbEntity
  8
DIM
100
AcDbLine
 10
1755.0
 20
-1791.0
 30
0.0
 11
1749.3618442752845
 21
-1793.052120859954
 31
0.0
  0
LINE
  5
335
330
17
100
AcDbEntity
  8
DIM
100
AcDbLine
 10
1755.0
 20
-1791.0
 30
0.0
 11
1749.3618442752845
 21
-1788.947879140046
 31
0.0
  0
TEXT
  5
336
330
17
100
AcDbEntity
  8
DIM
100
AcDbText
 10
1730.0
 20
-1786.05
 30
0.0
 40
11.0
  1
50
 72
1
 11
1730.0
 21
-1786.05
 31
0.0
100
AcDbText
 73
1
  0
LINE
  5
337
330
17
100
AcDbEntity
  8
DIM
100
AcDbLine
 10
1755.0
 20
-1813.0
 30
0.0
 11
1755.0
 21
-1791.0
 31
0.0
  0
LINE
  5
338
330
17
100
AcDbEntity
  8
DIM
100
AcDbLine
 10
1780.0
 20
-1813.0
 30
0.0
 11
1780.0
 21
-1791.0
 31
0.0
  0
LINE
  5
339
330
17
100
AcDbEntity
  8
DIM
100
AcDbLine
 10
1755.0
 20
-1791.0
 30
0.0
 11
1780.0
 21
-1791.0
 31
0.0
  0
LINE
  5
33A
330
17
100
AcDbEntity
  8
DIM
100
AcDbLine
 10
1755.0
 20
-1791.0
 30
0.0
 11
1760.6381557247155
 21
-1788.947879140046
 31
0.0
  0
LINE
  5
33B
330
17
100
AcDbEntity
  8
DIM
100
AcDbLine
 10
1755.0
 20
-1791.0
 30
0.0
 11
1760.6381557247155
 21
-1793.052120859954
 31
0.0
  0
LINE
  5
33C
330
17
100
AcDbEntity
  8
DIM
100
AcDbLine
 10
1780.0
 20
-1791.0
 30
0.0
 11
1774.3618442752845
 21
-1793.052120859954
 31
0.0
  0
LINE
  5
33D
330
17
100
AcDbEntity
  8
DIM
100
AcDbLine
 10
1780.0
 20
-1791.0
 30
0.0
 11
1774.3618442752845
 21
-1788.947879140046
 31
0.0
  0
TEXT
  5
33E
330
17
100
AcDbEntity
  8
DIM
100
AcDbText
 10
1767.5
 20
-1786.05
 30
0.0
 40
11.0
  1
25
 72
1
 11
1767.5
 21
-1786.05
 31
0.0
100
AcDbText
 73
1
  0
TEXT
  5
33F
330
17
100
AcDbEntity
  8
NOTE
100
AcDbText
 10
1680.0
 20
-1939.0
 30
0.0
 40
12.0
  1
2 x dia 3.5
 11
1680.0
 21
-1939.0
 31
0.0
100
AcDbText
 73
1
  0
LINE
  5
340
330
17
100
AcDbEntity
  8
DIM
100
AcDbLine
 10
1755.0
 20
-1847.0
 30
0.0
 11
1814.0
 21
-1847.0
 31
0.0
  0
LINE
  5
341
330
17
100
AcDbEntity
  8
DIM
100
AcDbLine
 10
1755.0
 20
-1847.0
 30
0.0
 11
1760.6381557247155
 21
-1844.947879140046
 31
0.0
  0
LINE
  5
342
330
17
100
AcDbEntity
  8
DIM
100
AcDbLine
 10
1755.0
 20
-1847.0
 30
0.0
 11
1760.6381557247155
 21
-1849.052120859954
 31
0.0
  0
TEXT
  5
343
330
17
100
AcDbEntity
  8
DIM
100
AcDbText
 10
1818.0
 20
-1847.0
 30
0.0
 40
12.0
  1
%%c3.5
 11
1818.0
 21
-1847.0
 31
0.0
100
AcDbText
 73
2
  0
TEXT
  5
344
330
17
100
AcDbEntity
  8
TITLE
100
AcDbText
 10
1680.0
 20
-1977.0
 30
0.0
 40
13.0
  1
TOP VIEW (plan; opens upward)
 11
1680.0
 21
-1977.0
 31
0.0
100
AcDbText
 73
1
  0
LWPOLYLINE
  5
345
330
17
100
AcDbEntity
  8
OUTLINE
 62
140
100
AcDbPolyline
 90
5
 70
0
 10
1680.0
 20
-2063.0
 10
1780.0
 20
-2063.0
 10
1780.0
 20
-1995.0
 10
1680.0
 20
-1995.0
 10
1680.0
 20
-2063.0
  0
LINE
  5
346
330
17
100
AcDbEntity
  8
OUTLINE
 62
140
100
AcDbLine
 10
1680.0
 20
-2060.25
 30
0.0
 11
1780.0
 21
-2060.25
 31
0.0
  0
LINE
  5
347
330
17
100
AcDbEntity
  8
OUTLINE
 62
140
100
AcDbLine
 10
1680.0
 20
-1997.75
 30
0.0
 11
1780.0
 21
-1997.75
 31
0.0
  0
LINE
  5
348
330
17
100
AcDbEntity
  8
DIM
100
AcDbLine
 10
1680.0
 20
-2060.25
 30
0.0
 11
1644.0
 21
-2060.25
 31
0.0
  0
LINE
  5
349
330
17
100
AcDbEntity
  8
DIM
100
AcDbLine
 10
1680.0
 20
-1997.75
 30
0.0
 11
1644.0
 21
-1997.75
 31
0.0
  0
LINE
  5
34A
330
17
100
AcDbEntity
  8
DIM
100
AcDbLine
 10
1644.0
 20
-2060.25
 30
0.0
 11
1644.0
 21
-1997.75
 31
0.0
  0
LINE
  5
34B
330
17
100
AcDbEntity
  8
DIM
100
AcDbLine
 10
1644.0
 20
-2060.25
 30
0.0
 11
1641.947879140046
 21
-2054.6118442752845
 31
0.0
  0
LINE
  5
34C
330
17
100
AcDbEntity
  8
DIM
100
AcDbLine
 10
1644.0
 20
-2060.25
 30
0.0
 11
1646.052120859954
 21
-2054.6118442752845
 31
0.0
  0
LINE
  5
34D
330
17
100
AcDbEntity
  8
DIM
100
AcDbLine
 10
1644.0
 20
-1997.75
 30
0.0
 11
1646.052120859954
 21
-2003.3881557247155
 31
0.0
  0
LINE
  5
34E
330
17
100
AcDbEntity
  8
DIM
100
AcDbLine
 10
1644.0
 20
-1997.75
 30
0.0
 11
1641.947879140046
 21
-2003.3881557247155
 31
0.0
  0
TEXT
  5
34F
330
17
100
AcDbEntity
  8
DIM
100
AcDbText
 10
1638.5
 20
-2029.0
 30
0.0
 40
11.0
  1
62.5
 50
90.0
 72
1
 11
1638.5
 21
-2029.0
 31
0.0
100
AcDbText
 73
1
  0
LINE
  5
350
330
17
100
AcDbEntity
  8
DIM
100
AcDbLine
 10
1680.0
 20
-2063.0
 30
0.0
 11
1680.0
 21
-2095.0
 31
0.0
  0
LINE
  5
351
330
17
100
AcDbEntity
  8
DIM
100
AcDbLine
 10
1780.0
 20
-2063.0
 30
0.0
 11
1780.0
 21
-2095.0
 31
0.0
  0
LINE
  5
352
330
17
100
AcDbEntity
  8
DIM
100
AcDbLine
 10
1680.0
 20
-2095.0
 30
0.0
 11
1780.0
 21
-2095.0
 31
0.0
  0
LINE
  5
353
330
17
100
AcDbEntity
  8
DIM
100
AcDbLine
 10
1680.0
 20
-2095.0
 30
0.0
 11
1685.6381557247155
 21
-2092.947879140046
 31
0.0
  0
LINE
  5
354
330
17
100
AcDbEntity
  8
DIM
100
AcDbLine
 10
1680.0
 20
-2095.0
 30
0.0
 11
1685.6381557247155
 21
-2097.052120859954
 31
0.0
  0
LINE
  5
355
330
17
100
AcDbEntity
  8
DIM
100
AcDbLine
 10
1780.0
 20
-2095.0
 30
0.0
 11
1774.3618442752845
 21
-2097.052120859954
 31
0.0
  0
LINE
  5
356
330
17
100
AcDbEntity
  8
DIM
100
AcDbLine
 10
1780.0
 20
-2095.0
 30
0.0
 11
1774.3618442752845
 21
-2092.947879140046
 31
0.0
  0
TEXT
  5
357
330
17
100
AcDbEntity
  8
DIM
100
AcDbText
 10
1730.0
 20
-2089.6
 30
0.0
 40
12.0
  1
100
 72
1
 11
1730.0
 21
-2089.6
 31
0.0
100
AcDbText
 73
1
  0
TEXT
  5
358
330
17
100
AcDbEntity
  8
TITLE
100
AcDbText
 10
2146.0
 20
-1777.0
 30
0.0
 40
13.0
  1
SIDE VIEW (cross-section, opens up - M)
 11
2146.0
 21
-1777.0
 31
0.0
100
AcDbText
 73
1
  0
LWPOLYLINE
  5
359
330
17
100
AcDbEntity
  8
SECT
 62
140
100
AcDbPolyline
 90
6
 70
0
 10
2148.75
 20
-1871.6144422615148
 10
2146.0
 20
-1862.0
 10
2146.0
 20
-1877.0
 10
2214.0
 20
-1877.0
 10
2214.0
 20
-1862.0
 10
2211.25
 20
-1871.6144422615148
  0
LINE
  5
35A
330
17
100
AcDbEntity
  8
DIM
100
AcDbLine
 10
2146.0
 20
-1877.0
 30
0.0
 11
2146.0
 21
-1897.0
 31
0.0
  0
LINE
  5
35B
330
17
100
AcDbEntity
  8
DIM
100
AcDbLine
 10
2214.0
 20
-1877.0
 30
0.0
 11
2214.0
 21
-1897.0
 31
0.0
  0
LINE
  5
35C
330
17
100
AcDbEntity
  8
DIM
100
AcDbLine
 10
2146.0
 20
-1897.0
 30
0.0
 11
2214.0
 21
-1897.0
 31
0.0
  0
LINE
  5
35D
330
17
100
AcDbEntity
  8
DIM
100
AcDbLine
 10
2146.0
 20
-1897.0
 30
0.0
 11
2151.6381557247155
 21
-1894.947879140046
 31
0.0
  0
LINE
  5
35E
330
17
100
AcDbEntity
  8
DIM
100
AcDbLine
 10
2146.0
 20
-1897.0
 30
0.0
 11
2151.6381557247155
 21
-1899.052120859954
 31
0.0
  0
LINE
  5
35F
330
17
100
AcDbEntity
  8
DIM
100
AcDbLine
 10
2214.0
 20
-1897.0
 30
0.0
 11
2208.3618442752845
 21
-1899.052120859954
 31
0.0
  0
LINE
  5
360
330
17
100
AcDbEntity
  8
DIM
100
AcDbLine
 10
2214.0
 20
-1897.0
 30
0.0
 11
2208.3618442752845
 21
-1894.947879140046
 31
0.0
  0
TEXT
  5
361
330
17
100
AcDbEntity
  8
DIM
100
AcDbText
 10
2180.0
 20
-1892.05
 30
0.0
 40
11.0
  1
68
 72
1
 11
2180.0
 21
-1892.05
 31
0.0
100
AcDbText
 73
1
  0
LINE
  5
362
330
17
100
AcDbEntity
  8
DIM
100
AcDbLine
 10
2214.0
 20
-1877.0
 30
0.0
 11
2240.0
 21
-1877.0
 31
0.0
  0
LINE
  5
363
330
17
100
AcDbEntity
  8
DIM
100
AcDbLine
 10
2214.0
 20
-1862.0
 30
0.0
 11
2240.0
 21
-1862.0
 31
0.0
  0
LINE
  5
364
330
17
100
AcDbEntity
  8
DIM
100
AcDbLine
 10
2240.0
 20
-1877.0
 30
0.0
 11
2240.0
 21
-1862.0
 31
0.0
  0
LINE
  5
365
330
17
100
AcDbEntity
  8
DIM
100
AcDbLine
 10
2240.0
 20
-1877.0
 30
0.0
 11
2237.947879140046
 21
-1871.3618442752845
 31
0.0
  0
LINE
  5
366
330
17
100
AcDbEntity
  8
DIM
100
AcDbLine
 10
2240.0
 20
-1877.0
 30
0.0
 11
2242.052120859954
 21
-1871.3618442752845
 31
0.0
  0
LINE
  5
367
330
17
100
AcDbEntity
  8
DIM
100
AcDbLine
 10
2240.0
 20
-1862.0
 30
0.0
 11
2242.052120859954
 21
-1867.6381557247155
 31
0.0
  0
LINE
  5
368
330
17
100
AcDbEntity
  8
DIM
100
AcDbLine
 10
2240.0
 20
-1862.0
 30
0.0
 11
2237.947879140046
 21
-1867.6381557247155
 31
0.0
  0
TEXT
  5
369
330
17
100
AcDbEntity
  8
DIM
100
AcDbText
 10
2245.5
 20
-1869.5
 30
0.0
 40
11.0
  1
15
 50
90.0
 72
1
 11
2245.5
 21
-1869.5
 31
0.0
100
AcDbText
 73
1
  0
TEXT
  5
36A
330
17
100
AcDbEntity
  8
NOTE
100
AcDbText
 10
2146.0
 20
-1846.0
 30
0.0
 40
11.0
  1
t = 0.25  |  hook 16 deg inward  |  opening 62.5
 11
2146.0
 21
-1846.0
 31
0.0
100
AcDbText
 73
1
  0
SOLID
  5
36B
330
17
100
AcDbEntity
  8
SWATCH
 62
210
100
AcDbTrace
 10
0.0
 20
-2245.0
 30
0.0
 11
26.0
 21
-2245.0
 31
0.0
 12
0.0
 22
-2219.0
 32
0.0
 13
26.0
 23
-2219.0
 33
0.0
  0
TEXT
  5
36C
330
17
100
AcDbEntity
  8
TITLE
 62
210
100
AcDbText
 10
38.0
 20
-2247.0
 30
0.0
 40
26.0
  1
R50
 11
38.0
 21
-2247.0
 31
0.0
100
AcDbText
 73
1
  0
TEXT
  5
36D
330
17
100
AcDbEntity
  8
TITLE
100
AcDbText
 10
38.0
 20
-2273.0
 30
0.0
 40
14.0
  1
colour: violet   |   QTY = 120 pcs
 11
38.0
 21
-2273.0
 31
0.0
100
AcDbText
 73
1
  0
TEXT
  5
36E
330
17
100
AcDbEntity
  8
TITLE
100
AcDbText
 10
0.0
 20
-2297.0
 30
0.0
 40
13.0
  1
FRONT VIEW (main face)
 11
0.0
 21
-2297.0
 31
0.0
100
AcDbText
 73
1
  0
LWPOLYLINE
  5
36F
330
17
100
AcDbEntity
  8
OUTLINE
 62
210
100
AcDbPolyline
 90
5
 70
0
 10
0.0
 20
-2401.0
 10
50.0
 20
-2401.0
 10
50.0
 20
-2333.0
 10
0.0
 20
-2333.0
 10
0.0
 20
-2401.0
  0
CIRCLE
  5
370
330
17
100
AcDbEntity
  8
HOLE
100
AcDbCircle
 10
12.5
 20
-2367.0
 30
0.0
 40
1.75
  0
LINE
  5
371
330
17
100
AcDbEntity
  8
CL
100
AcDbLine
 10
8.35
 20
-2367.0
 30
0.0
 11
16.65
 21
-2367.0
 31
0.0
  0
LINE
  5
372
330
17
100
AcDbEntity
  8
CL
100
AcDbLine
 10
12.5
 20
-2371.15
 30
0.0
 11
12.5
 21
-2362.85
 31
0.0
  0
CIRCLE
  5
373
330
17
100
AcDbEntity
  8
HOLE
100
AcDbCircle
 10
37.5
 20
-2367.0
 30
0.0
 40
1.75
  0
LINE
  5
374
330
17
100
AcDbEntity
  8
CL
100
AcDbLine
 10
33.35
 20
-2367.0
 30
0.0
 11
41.65
 21
-2367.0
 31
0.0
  0
LINE
  5
375
330
17
100
AcDbEntity
  8
CL
100
AcDbLine
 10
37.5
 20
-2371.15
 30
0.0
 11
37.5
 21
-2362.85
 31
0.0
  0
LINE
  5
376
330
17
100
AcDbEntity
  8
DIM
100
AcDbLine
 10
0.0
 20
-2401.0
 30
0.0
 11
-36.0
 21
-2401.0
 31
0.0
  0
LINE
  5
377
330
17
100
AcDbEntity
  8
DIM
100
AcDbLine
 10
0.0
 20
-2333.0
 30
0.0
 11
-36.0
 21
-2333.0
 31
0.0
  0
LINE
  5
378
330
17
100
AcDbEntity
  8
DIM
100
AcDbLine
 10
-36.0
 20
-2401.0
 30
0.0
 11
-36.0
 21
-2333.0
 31
0.0
  0
LINE
  5
379
330
17
100
AcDbEntity
  8
DIM
100
AcDbLine
 10
-36.0
 20
-2401.0
 30
0.0
 11
-38.052120859954016
 21
-2395.3618442752845
 31
0.0
  0
LINE
  5
37A
330
17
100
AcDbEntity
  8
DIM
100
AcDbLine
 10
-36.0
 20
-2401.0
 30
0.0
 11
-33.947879140045984
 21
-2395.3618442752845
 31
0.0
  0
LINE
  5
37B
330
17
100
AcDbEntity
  8
DIM
100
AcDbLine
 10
-36.0
 20
-2333.0
 30
0.0
 11
-33.947879140045984
 21
-2338.6381557247155
 31
0.0
  0
LINE
  5
37C
330
17
100
AcDbEntity
  8
DIM
100
AcDbLine
 10
-36.0
 20
-2333.0
 30
0.0
 11
-38.052120859954016
 21
-2338.6381557247155
 31
0.0
  0
TEXT
  5
37D
330
17
100
AcDbEntity
  8
DIM
100
AcDbText
 10
-42.0
 20
-2367.0
 30
0.0
 40
12.0
  1
68
 50
90.0
 72
1
 11
-42.0
 21
-2367.0
 31
0.0
100
AcDbText
 73
1
  0
LINE
  5
37E
330
17
100
AcDbEntity
  8
DIM
100
AcDbLine
 10
0.0
 20
-2401.0
 30
0.0
 11
0.0
 21
-2435.0
 31
0.0
  0
LINE
  5
37F
330
17
100
AcDbEntity
  8
DIM
100
AcDbLine
 10
50.0
 20
-2401.0
 30
0.0
 11
50.0
 21
-2435.0
 31
0.0
  0
LINE
  5
380
330
17
100
AcDbEntity
  8
DIM
100
AcDbLine
 10
0.0
 20
-2435.0
 30
0.0
 11
50.0
 21
-2435.0
 31
0.0
  0
LINE
  5
381
330
17
100
AcDbEntity
  8
DIM
100
AcDbLine
 10
0.0
 20
-2435.0
 30
0.0
 11
5.638155724715451
 21
-2432.947879140046
 31
0.0
  0
LINE
  5
382
330
17
100
AcDbEntity
  8
DIM
100
AcDbLine
 10
0.0
 20
-2435.0
 30
0.0
 11
5.638155724715451
 21
-2437.052120859954
 31
0.0
  0
LINE
  5
383
330
17
100
AcDbEntity
  8
DIM
100
AcDbLine
 10
50.0
 20
-2435.0
 30
0.0
 11
44.36184427528455
 21
-2437.052120859954
 31
0.0
  0
LINE
  5
384
330
17
100
AcDbEntity
  8
DIM
100
AcDbLine
 10
50.0
 20
-2435.0
 30
0.0
 11
44.361844275284554
 21
-2432.947879140046
 31
0.0
  0
TEXT
  5
385
330
17
100
AcDbEntity
  8
DIM
100
AcDbText
 10
25.0
 20
-2429.15
 30
0.0
 40
13.0
  1
50
 72
1
 11
25.0
 21
-2429.15
 31
0.0
100
AcDbText
 73
1
  0
LINE
  5
386
330
17
100
AcDbEntity
  8
DIM
100
AcDbLine
 10
0.0
 20
-2333.0
 30
0.0
 11
0.0
 21
-2311.0
 31
0.0
  0
LINE
  5
387
330
17
100
AcDbEntity
  8
DIM
100
AcDbLine
 10
12.5
 20
-2333.0
 30
0.0
 11
12.5
 21
-2311.0
 31
0.0
  0
LINE
  5
388
330
17
100
AcDbEntity
  8
DIM
100
AcDbLine
 10
0.0
 20
-2311.0
 30
0.0
 11
12.5
 21
-2311.0
 31
0.0
  0
LINE
  5
389
330
17
100
AcDbEntity
  8
DIM
100
AcDbLine
 10
0.0
 20
-2311.0
 30
0.0
 11
5.638155724715451
 21
-2308.947879140046
 31
0.0
  0
LINE
  5
38A
330
17
100
AcDbEntity
  8
DIM
100
AcDbLine
 10
0.0
 20
-2311.0
 30
0.0
 11
5.638155724715451
 21
-2313.052120859954
 31
0.0
  0
LINE
  5
38B
330
17
100
AcDbEntity
  8
DIM
100
AcDbLine
 10
12.5
 20
-2311.0
 30
0.0
 11
6.861844275284549
 21
-2313.052120859954
 31
0.0
  0
LINE
  5
38C
330
17
100
AcDbEntity
  8
DIM
100
AcDbLine
 10
12.5
 20
-2311.0
 30
0.0
 11
6.86184427528455
 21
-2308.947879140046
 31
0.0
  0
TEXT
  5
38D
330
17
100
AcDbEntity
  8
DIM
100
AcDbText
 10
6.25
 20
-2306.05
 30
0.0
 40
11.0
  1
12.5
 72
1
 11
6.25
 21
-2306.05
 31
0.0
100
AcDbText
 73
1
  0
LINE
  5
38E
330
17
100
AcDbEntity
  8
DIM
100
AcDbLine
 10
12.5
 20
-2333.0
 30
0.0
 11
12.5
 21
-2311.0
 31
0.0
  0
LINE
  5
38F
330
17
100
AcDbEntity
  8
DIM
100
AcDbLine
 10
37.5
 20
-2333.0
 30
0.0
 11
37.5
 21
-2311.0
 31
0.0
  0
LINE
  5
390
330
17
100
AcDbEntity
  8
DIM
100
AcDbLine
 10
12.5
 20
-2311.0
 30
0.0
 11
37.5
 21
-2311.0
 31
0.0
  0
LINE
  5
391
330
17
100
AcDbEntity
  8
DIM
100
AcDbLine
 10
12.5
 20
-2311.0
 30
0.0
 11
18.13815572471545
 21
-2308.947879140046
 31
0.0
  0
LINE
  5
392
330
17
100
AcDbEntity
  8
DIM
100
AcDbLine
 10
12.5
 20
-2311.0
 30
0.0
 11
18.13815572471545
 21
-2313.052120859954
 31
0.0
  0
LINE
  5
393
330
17
100
AcDbEntity
  8
DIM
100
AcDbLine
 10
37.5
 20
-2311.0
 30
0.0
 11
31.86184427528455
 21
-2313.052120859954
 31
0.0
  0
LINE
  5
394
330
17
100
AcDbEntity
  8
DIM
100
AcDbLine
 10
37.5
 20
-2311.0
 30
0.0
 11
31.86184427528455
 21
-2308.947879140046
 31
0.0
  0
TEXT
  5
395
330
17
100
AcDbEntity
  8
DIM
100
AcDbText
 10
25.0
 20
-2306.05
 30
0.0
 40
11.0
  1
25
 72
1
 11
25.0
 21
-2306.05
 31
0.0
100
AcDbText
 73
1
  0
LINE
  5
396
330
17
100
AcDbEntity
  8
DIM
100
AcDbLine
 10
37.5
 20
-2333.0
 30
0.0
 11
37.5
 21
-2311.0
 31
0.0
  0
LINE
  5
397
330
17
100
AcDbEntity
  8
DIM
100
AcDbLine
 10
50.0
 20
-2333.0
 30
0.0
 11
50.0
 21
-2311.0
 31
0.0
  0
LINE
  5
398
330
17
100
AcDbEntity
  8
DIM
100
AcDbLine
 10
37.5
 20
-2311.0
 30
0.0
 11
50.0
 21
-2311.0
 31
0.0
  0
LINE
  5
399
330
17
100
AcDbEntity
  8
DIM
100
AcDbLine
 10
37.5
 20
-2311.0
 30
0.0
 11
43.13815572471545
 21
-2308.947879140046
 31
0.0
  0
LINE
  5
39A
330
17
100
AcDbEntity
  8
DIM
100
AcDbLine
 10
37.5
 20
-2311.0
 30
0.0
 11
43.13815572471545
 21
-2313.052120859954
 31
0.0
  0
LINE
  5
39B
330
17
100
AcDbEntity
  8
DIM
100
AcDbLine
 10
50.0
 20
-2311.0
 30
0.0
 11
44.36184427528455
 21
-2313.052120859954
 31
0.0
  0
LINE
  5
39C
330
17
100
AcDbEntity
  8
DIM
100
AcDbLine
 10
50.0
 20
-2311.0
 30
0.0
 11
44.361844275284554
 21
-2308.947879140046
 31
0.0
  0
TEXT
  5
39D
330
17
100
AcDbEntity
  8
DIM
100
AcDbText
 10
43.75
 20
-2306.05
 30
0.0
 40
11.0
  1
12.5
 72
1
 11
43.75
 21
-2306.05
 31
0.0
100
AcDbText
 73
1
  0
TEXT
  5
39E
330
17
100
AcDbEntity
  8
NOTE
100
AcDbText
 10
0.0
 20
-2459.0
 30
0.0
 40
12.0
  1
2 x dia 3.5
 11
0.0
 21
-2459.0
 31
0.0
100
AcDbText
 73
1
  0
LINE
  5
39F
330
17
100
AcDbEntity
  8
DIM
100
AcDbLine
 10
37.5
 20
-2367.0
 30
0.0
 11
84.0
 21
-2367.0
 31
0.0
  0
LINE
  5
3A0
330
17
100
AcDbEntity
  8
DIM
100
AcDbLine
 10
37.5
 20
-2367.0
 30
0.0
 11
43.13815572471545
 21
-2364.947879140046
 31
0.0
  0
LINE
  5
3A1
330
17
100
AcDbEntity
  8
DIM
100
AcDbLine
 10
37.5
 20
-2367.0
 30
0.0
 11
43.13815572471545
 21
-2369.052120859954
 31
0.0
  0
TEXT
  5
3A2
330
17
100
AcDbEntity
  8
DIM
100
AcDbText
 10
88.0
 20
-2367.0
 30
0.0
 40
12.0
  1
%%c3.5
 11
88.0
 21
-2367.0
 31
0.0
100
AcDbText
 73
2
  0
TEXT
  5
3A3
330
17
100
AcDbEntity
  8
TITLE
100
AcDbText
 10
0.0
 20
-2497.0
 30
0.0
 40
13.0
  1
TOP VIEW (plan; opens upward)
 11
0.0
 21
-2497.0
 31
0.0
100
AcDbText
 73
1
  0
LWPOLYLINE
  5
3A4
330
17
100
AcDbEntity
  8
OUTLINE
 62
210
100
AcDbPolyline
 90
5
 70
0
 10
0.0
 20
-2583.0
 10
50.0
 20
-2583.0
 10
50.0
 20
-2515.0
 10
0.0
 20
-2515.0
 10
0.0
 20
-2583.0
  0
LINE
  5
3A5
330
17
100
AcDbEntity
  8
OUTLINE
 62
210
100
AcDbLine
 10
0.0
 20
-2580.25
 30
0.0
 11
50.0
 21
-2580.25
 31
0.0
  0
LINE
  5
3A6
330
17
100
AcDbEntity
  8
OUTLINE
 62
210
100
AcDbLine
 10
0.0
 20
-2517.75
 30
0.0
 11
50.0
 21
-2517.75
 31
0.0
  0
LINE
  5
3A7
330
17
100
AcDbEntity
  8
DIM
100
AcDbLine
 10
0.0
 20
-2580.25
 30
0.0
 11
-36.0
 21
-2580.25
 31
0.0
  0
LINE
  5
3A8
330
17
100
AcDbEntity
  8
DIM
100
AcDbLine
 10
0.0
 20
-2517.75
 30
0.0
 11
-36.0
 21
-2517.75
 31
0.0
  0
LINE
  5
3A9
330
17
100
AcDbEntity
  8
DIM
100
AcDbLine
 10
-36.0
 20
-2580.25
 30
0.0
 11
-36.0
 21
-2517.75
 31
0.0
  0
LINE
  5
3AA
330
17
100
AcDbEntity
  8
DIM
100
AcDbLine
 10
-36.0
 20
-2580.25
 30
0.0
 11
-38.052120859954016
 21
-2574.6118442752845
 31
0.0
  0
LINE
  5
3AB
330
17
100
AcDbEntity
  8
DIM
100
AcDbLine
 10
-36.0
 20
-2580.25
 30
0.0
 11
-33.947879140045984
 21
-2574.6118442752845
 31
0.0
  0
LINE
  5
3AC
330
17
100
AcDbEntity
  8
DIM
100
AcDbLine
 10
-36.0
 20
-2517.75
 30
0.0
 11
-33.947879140045984
 21
-2523.3881557247155
 31
0.0
  0
LINE
  5
3AD
330
17
100
AcDbEntity
  8
DIM
100
AcDbLine
 10
-36.0
 20
-2517.75
 30
0.0
 11
-38.052120859954016
 21
-2523.3881557247155
 31
0.0
  0
TEXT
  5
3AE
330
17
100
AcDbEntity
  8
DIM
100
AcDbText
 10
-41.5
 20
-2549.0
 30
0.0
 40
11.0
  1
62.5
 50
90.0
 72
1
 11
-41.5
 21
-2549.0
 31
0.0
100
AcDbText
 73
1
  0
LINE
  5
3AF
330
17
100
AcDbEntity
  8
DIM
100
AcDbLine
 10
0.0
 20
-2583.0
 30
0.0
 11
0.0
 21
-2615.0
 31
0.0
  0
LINE
  5
3B0
330
17
100
AcDbEntity
  8
DIM
100
AcDbLine
 10
50.0
 20
-2583.0
 30
0.0
 11
50.0
 21
-2615.0
 31
0.0
  0
LINE
  5
3B1
330
17
100
AcDbEntity
  8
DIM
100
AcDbLine
 10
0.0
 20
-2615.0
 30
0.0
 11
50.0
 21
-2615.0
 31
0.0
  0
LINE
  5
3B2
330
17
100
AcDbEntity
  8
DIM
100
AcDbLine
 10
0.0
 20
-2615.0
 30
0.0
 11
5.638155724715451
 21
-2612.947879140046
 31
0.0
  0
LINE
  5
3B3
330
17
100
AcDbEntity
  8
DIM
100
AcDbLine
 10
0.0
 20
-2615.0
 30
0.0
 11
5.638155724715451
 21
-2617.052120859954
 31
0.0
  0
LINE
  5
3B4
330
17
100
AcDbEntity
  8
DIM
100
AcDbLine
 10
50.0
 20
-2615.0
 30
0.0
 11
44.36184427528455
 21
-2617.052120859954
 31
0.0
  0
LINE
  5
3B5
330
17
100
AcDbEntity
  8
DIM
100
AcDbLine
 10
50.0
 20
-2615.0
 30
0.0
 11
44.361844275284554
 21
-2612.947879140046
 31
0.0
  0
TEXT
  5
3B6
330
17
100
AcDbEntity
  8
DIM
100
AcDbText
 10
25.0
 20
-2609.6
 30
0.0
 40
12.0
  1
50
 72
1
 11
25.0
 21
-2609.6
 31
0.0
100
AcDbText
 73
1
  0
TEXT
  5
3B7
330
17
100
AcDbEntity
  8
TITLE
100
AcDbText
 10
466.0
 20
-2297.0
 30
0.0
 40
13.0
  1
SIDE VIEW (cross-section, opens up - M)
 11
466.0
 21
-2297.0
 31
0.0
100
AcDbText
 73
1
  0
LWPOLYLINE
  5
3B8
330
17
100
AcDbEntity
  8
SECT
 62
210
100
AcDbPolyline
 90
6
 70
0
 10
468.75
 20
-2391.614442261515
 10
466.0
 20
-2382.0
 10
466.0
 20
-2397.0
 10
534.0
 20
-2397.0
 10
534.0
 20
-2382.0
 10
531.25
 20
-2391.614442261515
  0
LINE
  5
3B9
330
17
100
AcDbEntity
  8
DIM
100
AcDbLine
 10
466.0
 20
-2397.0
 30
0.0
 11
466.0
 21
-2417.0
 31
0.0
  0
LINE
  5
3BA
330
17
100
AcDbEntity
  8
DIM
100
AcDbLine
 10
534.0
 20
-2397.0
 30
0.0
 11
534.0
 21
-2417.0
 31
0.0
  0
LINE
  5
3BB
330
17
100
AcDbEntity
  8
DIM
100
AcDbLine
 10
466.0
 20
-2417.0
 30
0.0
 11
534.0
 21
-2417.0
 31
0.0
  0
LINE
  5
3BC
330
17
100
AcDbEntity
  8
DIM
100
AcDbLine
 10
466.0
 20
-2417.0
 30
0.0
 11
471.63815572471543
 21
-2414.947879140046
 31
0.0
  0
LINE
  5
3BD
330
17
100
AcDbEntity
  8
DIM
100
AcDbLine
 10
466.0
 20
-2417.0
 30
0.0
 11
471.63815572471543
 21
-2419.052120859954
 31
0.0
  0
LINE
  5
3BE
330
17
100
AcDbEntity
  8
DIM
100
AcDbLine
 10
534.0
 20
-2417.0
 30
0.0
 11
528.3618442752845
 21
-2419.052120859954
 31
0.0
  0
LINE
  5
3BF
330
17
100
AcDbEntity
  8
DIM
100
AcDbLine
 10
534.0
 20
-2417.0
 30
0.0
 11
528.3618442752845
 21
-2414.947879140046
 31
0.0
  0
TEXT
  5
3C0
330
17
100
AcDbEntity
  8
DIM
100
AcDbText
 10
500.0
 20
-2412.05
 30
0.0
 40
11.0
  1
68
 72
1
 11
500.0
 21
-2412.05
 31
0.0
100
AcDbText
 73
1
  0
LINE
  5
3C1
330
17
100
AcDbEntity
  8
DIM
100
AcDbLine
 10
534.0
 20
-2397.0
 30
0.0
 11
560.0
 21
-2397.0
 31
0.0
  0
LINE
  5
3C2
330
17
100
AcDbEntity
  8
DIM
100
AcDbLine
 10
534.0
 20
-2382.0
 30
0.0
 11
560.0
 21
-2382.0
 31
0.0
  0
LINE
  5
3C3
330
17
100
AcDbEntity
  8
DIM
100
AcDbLine
 10
560.0
 20
-2397.0
 30
0.0
 11
560.0
 21
-2382.0
 31
0.0
  0
LINE
  5
3C4
330
17
100
AcDbEntity
  8
DIM
100
AcDbLine
 10
560.0
 20
-2397.0
 30
0.0
 11
557.947879140046
 21
-2391.3618442752845
 31
0.0
  0
LINE
  5
3C5
330
17
100
AcDbEntity
  8
DIM
100
AcDbLine
 10
560.0
 20
-2397.0
 30
0.0
 11
562.052120859954
 21
-2391.3618442752845
 31
0.0
  0
LINE
  5
3C6
330
17
100
AcDbEntity
  8
DIM
100
AcDbLine
 10
560.0
 20
-2382.0
 30
0.0
 11
562.052120859954
 21
-2387.6381557247155
 31
0.0
  0
LINE
  5
3C7
330
17
100
AcDbEntity
  8
DIM
100
AcDbLine
 10
560.0
 20
-2382.0
 30
0.0
 11
557.947879140046
 21
-2387.6381557247155
 31
0.0
  0
TEXT
  5
3C8
330
17
100
AcDbEntity
  8
DIM
100
AcDbText
 10
565.5
 20
-2389.5
 30
0.0
 40
11.0
  1
15
 50
90.0
 72
1
 11
565.5
 21
-2389.5
 31
0.0
100
AcDbText
 73
1
  0
TEXT
  5
3C9
330
17
100
AcDbEntity
  8
NOTE
100
AcDbText
 10
466.0
 20
-2366.0
 30
0.0
 40
11.0
  1
t = 0.25  |  hook 16 deg inward  |  opening 62.5
 11
466.0
 21
-2366.0
 31
0.0
100
AcDbText
 73
1
  0
SOLID
  5
3CA
330
17
100
AcDbEntity
  8
SWATCH
 62
8
100
AcDbTrace
 10
1680.0
 20
-2245.0
 30
0.0
 11
1706.0
 21
-2245.0
 31
0.0
 12
1680.0
 22
-2219.0
 32
0.0
 13
1706.0
 23
-2219.0
 33
0.0
  0
TEXT
  5
3CB
330
17
100
AcDbEntity
  8
TITLE
 62
8
100
AcDbText
 10
1718.0
 20
-2247.0
 30
0.0
 40
26.0
  1
R20
 11
1718.0
 21
-2247.0
 31
0.0
100
AcDbText
 73
1
  0
TEXT
  5
3CC
330
17
100
AcDbEntity
  8
TITLE
100
AcDbText
 10
1718.0
 20
-2273.0
 30
0.0
 40
14.0
  1
colour: grey   |   QTY = 9 pcs
 11
1718.0
 21
-2273.0
 31
0.0
100
AcDbText
 73
1
  0
TEXT
  5
3CD
330
17
100
AcDbEntity
  8
TITLE
100
AcDbText
 10
1680.0
 20
-2297.0
 30
0.0
 40
13.0
  1
FRONT VIEW (main face)
 11
1680.0
 21
-2297.0
 31
0.0
100
AcDbText
 73
1
  0
LWPOLYLINE
  5
3CE
330
17
100
AcDbEntity
  8
OUTLINE
 62
8
100
AcDbPolyline
 90
5
 70
0
 10
1680.0
 20
-2401.0
 10
1700.0
 20
-2401.0
 10
1700.0
 20
-2333.0
 10
1680.0
 20
-2333.0
 10
1680.0
 20
-2401.0
  0
CIRCLE
  5
3CF
330
17
100
AcDbEntity
  8
HOLE
100
AcDbCircle
 10
1690.0
 20
-2384.0
 30
0.0
 40
1.75
  0
LINE
  5
3D0
330
17
100
AcDbEntity
  8
CL
100
AcDbLine
 10
1685.85
 20
-2384.0
 30
0.0
 11
1694.15
 21
-2384.0
 31
0.0
  0
LINE
  5
3D1
330
17
100
AcDbEntity
  8
CL
100
AcDbLine
 10
1690.0
 20
-2388.15
 30
0.0
 11
1690.0
 21
-2379.85
 31
0.0
  0
CIRCLE
  5
3D2
330
17
100
AcDbEntity
  8
HOLE
100
AcDbCircle
 10
1690.0
 20
-2350.0
 30
0.0
 40
1.75
  0
LINE
  5
3D3
330
17
100
AcDbEntity
  8
CL
100
AcDbLine
 10
1685.85
 20
-2350.0
 30
0.0
 11
1694.15
 21
-2350.0
 31
0.0
  0
LINE
  5
3D4
330
17
100
AcDbEntity
  8
CL
100
AcDbLine
 10
1690.0
 20
-2354.15
 30
0.0
 11
1690.0
 21
-2345.85
 31
0.0
  0
LINE
  5
3D5
330
17
100
AcDbEntity
  8
DIM
100
AcDbLine
 10
1680.0
 20
-2401.0
 30
0.0
 11
1644.0
 21
-2401.0
 31
0.0
  0
LINE
  5
3D6
330
17
100
AcDbEntity
  8
DIM
100
AcDbLine
 10
1680.0
 20
-2333.0
 30
0.0
 11
1644.0
 21
-2333.0
 31
0.0
  0
LINE
  5
3D7
330
17
100
AcDbEntity
  8
DIM
100
AcDbLine
 10
1644.0
 20
-2401.0
 30
0.0
 11
1644.0
 21
-2333.0
 31
0.0
  0
LINE
  5
3D8
330
17
100
AcDbEntity
  8
DIM
100
AcDbLine
 10
1644.0
 20
-2401.0
 30
0.0
 11
1641.947879140046
 21
-2395.3618442752845
 31
0.0
  0
LINE
  5
3D9
330
17
100
AcDbEntity
  8
DIM
100
AcDbLine
 10
1644.0
 20
-2401.0
 30
0.0
 11
1646.052120859954
 21
-2395.3618442752845
 31
0.0
  0
LINE
  5
3DA
330
17
100
AcDbEntity
  8
DIM
100
AcDbLine
 10
1644.0
 20
-2333.0
 30
0.0
 11
1646.052120859954
 21
-2338.6381557247155
 31
0.0
  0
LINE
  5
3DB
330
17
100
AcDbEntity
  8
DIM
100
AcDbLine
 10
1644.0
 20
-2333.0
 30
0.0
 11
1641.947879140046
 21
-2338.6381557247155
 31
0.0
  0
TEXT
  5
3DC
330
17
100
AcDbEntity
  8
DIM
100
AcDbText
 10
1638.0
 20
-2367.0
 30
0.0
 40
12.0
  1
68
 50
90.0
 72
1
 11
1638.0
 21
-2367.0
 31
0.0
100
AcDbText
 73
1
  0
LINE
  5
3DD
330
17
100
AcDbEntity
  8
DIM
100
AcDbLine
 10
1680.0
 20
-2401.0
 30
0.0
 11
1680.0
 21
-2435.0
 31
0.0
  0
LINE
  5
3DE
330
17
100
AcDbEntity
  8
DIM
100
AcDbLine
 10
1700.0
 20
-2401.0
 30
0.0
 11
1700.0
 21
-2435.0
 31
0.0
  0
LINE
  5
3DF
330
17
100
AcDbEntity
  8
DIM
100
AcDbLine
 10
1680.0
 20
-2435.0
 30
0.0
 11
1700.0
 21
-2435.0
 31
0.0
  0
LINE
  5
3E0
330
17
100
AcDbEntity
  8
DIM
100
AcDbLine
 10
1680.0
 20
-2435.0
 30
0.0
 11
1685.6381557247155
 21
-2432.947879140046
 31
0.0
  0
LINE
  5
3E1
330
17
100
AcDbEntity
  8
DIM
100
AcDbLine
 10
1680.0
 20
-2435.0
 30
0.0
 11
1685.6381557247155
 21
-2437.052120859954
 31
0.0
  0
LINE
  5
3E2
330
17
100
AcDbEntity
  8
DIM
100
AcDbLine
 10
1700.0
 20
-2435.0
 30
0.0
 11
1694.3618442752845
 21
-2437.052120859954
 31
0.0
  0
LINE
  5
3E3
330
17
100
AcDbEntity
  8
DIM
100
AcDbLine
 10
1700.0
 20
-2435.0
 30
0.0
 11
1694.3618442752845
 21
-2432.947879140046
 31
0.0
  0
TEXT
  5
3E4
330
17
100
AcDbEntity
  8
DIM
100
AcDbText
 10
1690.0
 20
-2429.15
 30
0.0
 40
13.0
  1
20
 72
1
 11
1690.0
 21
-2429.15
 31
0.0
100
AcDbText
 73
1
  0
LINE
  5
3E5
330
17
100
AcDbEntity
  8
DIM
100
AcDbLine
 10
1700.0
 20
-2401.0
 30
0.0
 11
1732.0
 21
-2401.0
 31
0.0
  0
LINE
  5
3E6
330
17
100
AcDbEntity
  8
DIM
100
AcDbLine
 10
1700.0
 20
-2384.0
 30
0.0
 11
1732.0
 21
-2384.0
 31
0.0
  0
LINE
  5
3E7
330
17
100
AcDbEntity
  8
DIM
100
AcDbLine
 10
1732.0
 20
-2401.0
 30
0.0
 11
1732.0
 21
-2384.0
 31
0.0
  0
LINE
  5
3E8
330
17
100
AcDbEntity
  8
DIM
100
AcDbLine
 10
1732.0
 20
-2401.0
 30
0.0
 11
1729.947879140046
 21
-2395.3618442752845
 31
0.0
  0
LINE
  5
3E9
330
17
100
AcDbEntity
  8
DIM
100
AcDbLine
 10
1732.0
 20
-2401.0
 30
0.0
 11
1734.052120859954
 21
-2395.3618442752845
 31
0.0
  0
LINE
  5
3EA
330
17
100
AcDbEntity
  8
DIM
100
AcDbLine
 10
1732.0
 20
-2384.0
 30
0.0
 11
1734.052120859954
 21
-2389.6381557247155
 31
0.0
  0
LINE
  5
3EB
330
17
100
AcDbEntity
  8
DIM
100
AcDbLine
 10
1732.0
 20
-2384.0
 30
0.0
 11
1729.947879140046
 21
-2389.6381557247155
 31
0.0
  0
TEXT
  5
3EC
330
17
100
AcDbEntity
  8
DIM
100
AcDbText
 10
1737.5
 20
-2392.5
 30
0.0
 40
11.0
  1
17
 50
90.0
 72
1
 11
1737.5
 21
-2392.5
 31
0.0
100
AcDbText
 73
1
  0
LINE
  5
3ED
330
17
100
AcDbEntity
  8
DIM
100
AcDbLine
 10
1700.0
 20
-2384.0
 30
0.0
 11
1732.0
 21
-2384.0
 31
0.0
  0
LINE
  5
3EE
330
17
100
AcDbEntity
  8
DIM
100
AcDbLine
 10
1700.0
 20
-2350.0
 30
0.0
 11
1732.0
 21
-2350.0
 31
0.0
  0
LINE
  5
3EF
330
17
100
AcDbEntity
  8
DIM
100
AcDbLine
 10
1732.0
 20
-2384.0
 30
0.0
 11
1732.0
 21
-2350.0
 31
0.0
  0
LINE
  5
3F0
330
17
100
AcDbEntity
  8
DIM
100
AcDbLine
 10
1732.0
 20
-2384.0
 30
0.0
 11
1729.947879140046
 21
-2378.3618442752845
 31
0.0
  0
LINE
  5
3F1
330
17
100
AcDbEntity
  8
DIM
100
AcDbLine
 10
1732.0
 20
-2384.0
 30
0.0
 11
1734.052120859954
 21
-2378.3618442752845
 31
0.0
  0
LINE
  5
3F2
330
17
100
AcDbEntity
  8
DIM
100
AcDbLine
 10
1732.0
 20
-2350.0
 30
0.0
 11
1734.052120859954
 21
-2355.6381557247155
 31
0.0
  0
LINE
  5
3F3
330
17
100
AcDbEntity
  8
DIM
100
AcDbLine
 10
1732.0
 20
-2350.0
 30
0.0
 11
1729.947879140046
 21
-2355.6381557247155
 31
0.0
  0
TEXT
  5
3F4
330
17
100
AcDbEntity
  8
DIM
100
AcDbText
 10
1737.5
 20
-2367.0
 30
0.0
 40
11.0
  1
34
 50
90.0
 72
1
 11
1737.5
 21
-2367.0
 31
0.0
100
AcDbText
 73
1
  0
LINE
  5
3F5
330
17
100
AcDbEntity
  8
DIM
100
AcDbLine
 10
1700.0
 20
-2350.0
 30
0.0
 11
1732.0
 21
-2350.0
 31
0.0
  0
LINE
  5
3F6
330
17
100
AcDbEntity
  8
DIM
100
AcDbLine
 10
1700.0
 20
-2333.0
 30
0.0
 11
1732.0
 21
-2333.0
 31
0.0
  0
LINE
  5
3F7
330
17
100
AcDbEntity
  8
DIM
100
AcDbLine
 10
1732.0
 20
-2350.0
 30
0.0
 11
1732.0
 21
-2333.0
 31
0.0
  0
LINE
  5
3F8
330
17
100
AcDbEntity
  8
DIM
100
AcDbLine
 10
1732.0
 20
-2350.0
 30
0.0
 11
1729.947879140046
 21
-2344.3618442752845
 31
0.0
  0
LINE
  5
3F9
330
17
100
AcDbEntity
  8
DIM
100
AcDbLine
 10
1732.0
 20
-2350.0
 30
0.0
 11
1734.052120859954
 21
-2344.3618442752845
 31
0.0
  0
LINE
  5
3FA
330
17
100
AcDbEntity
  8
DIM
100
AcDbLine
 10
1732.0
 20
-2333.0
 30
0.0
 11
1734.052120859954
 21
-2338.6381557247155
 31
0.0
  0
LINE
  5
3FB
330
17
100
AcDbEntity
  8
DIM
100
AcDbLine
 10
1732.0
 20
-2333.0
 30
0.0
 11
1729.947879140046
 21
-2338.6381557247155
 31
0.0
  0
TEXT
  5
3FC
330
17
100
AcDbEntity
  8
DIM
100
AcDbText
 10
1737.5
 20
-2341.5
 30
0.0
 40
11.0
  1
17
 50
90.0
 72
1
 11
1737.5
 21
-2341.5
 31
0.0
100
AcDbText
 73
1
  0
LINE
  5
3FD
330
17
100
AcDbEntity
  8
DIM
100
AcDbLine
 10
1680.0
 20
-2333.0
 30
0.0
 11
1680.0
 21
-2311.0
 31
0.0
  0
LINE
  5
3FE
330
17
100
AcDbEntity
  8
DIM
100
AcDbLine
 10
1690.0
 20
-2333.0
 30
0.0
 11
1690.0
 21
-2311.0
 31
0.0
  0
LINE
  5
3FF
330
17
100
AcDbEntity
  8
DIM
100
AcDbLine
 10
1680.0
 20
-2311.0
 30
0.0
 11
1690.0
 21
-2311.0
 31
0.0
  0
LINE
  5
400
330
17
100
AcDbEntity
  8
DIM
100
AcDbLine
 10
1680.0
 20
-2311.0
 30
0.0
 11
1685.6381557247155
 21
-2308.947879140046
 31
0.0
  0
LINE
  5
401
330
17
100
AcDbEntity
  8
DIM
100
AcDbLine
 10
1680.0
 20
-2311.0
 30
0.0
 11
1685.6381557247155
 21
-2313.052120859954
 31
0.0
  0
LINE
  5
402
330
17
100
AcDbEntity
  8
DIM
100
AcDbLine
 10
1690.0
 20
-2311.0
 30
0.0
 11
1684.3618442752845
 21
-2313.052120859954
 31
0.0
  0
LINE
  5
403
330
17
100
AcDbEntity
  8
DIM
100
AcDbLine
 10
1690.0
 20
-2311.0
 30
0.0
 11
1684.3618442752845
 21
-2308.947879140046
 31
0.0
  0
TEXT
  5
404
330
17
100
AcDbEntity
  8
DIM
100
AcDbText
 10
1685.0
 20
-2306.05
 30
0.0
 40
11.0
  1
10 (CL)
 72
1
 11
1685.0
 21
-2306.05
 31
0.0
100
AcDbText
 73
1
  0
TEXT
  5
405
330
17
100
AcDbEntity
  8
NOTE
100
AcDbText
 10
1680.0
 20
-2459.0
 30
0.0
 40
12.0
  1
2 x dia 3.5 (across 68 dir.)
 11
1680.0
 21
-2459.0
 31
0.0
100
AcDbText
 73
1
  0
LINE
  5
406
330
17
100
AcDbEntity
  8
DIM
100
AcDbLine
 10
1690.0
 20
-2350.0
 30
0.0
 11
1734.0
 21
-2350.0
 31
0.0
  0
LINE
  5
407
330
17
100
AcDbEntity
  8
DIM
100
AcDbLine
 10
1690.0
 20
-2350.0
 30
0.0
 11
1695.6381557247155
 21
-2347.947879140046
 31
0.0
  0
LINE
  5
408
330
17
100
AcDbEntity
  8
DIM
100
AcDbLine
 10
1690.0
 20
-2350.0
 30
0.0
 11
1695.6381557247155
 21
-2352.052120859954
 31
0.0
  0
TEXT
  5
409
330
17
100
AcDbEntity
  8
DIM
100
AcDbText
 10
1738.0
 20
-2350.0
 30
0.0
 40
12.0
  1
%%c3.5
 11
1738.0
 21
-2350.0
 31
0.0
100
AcDbText
 73
2
  0
TEXT
  5
40A
330
17
100
AcDbEntity
  8
TITLE
100
AcDbText
 10
1680.0
 20
-2497.0
 30
0.0
 40
13.0
  1
TOP VIEW (plan; opens upward)
 11
1680.0
 21
-2497.0
 31
0.0
100
AcDbText
 73
1
  0
LWPOLYLINE
  5
40B
330
17
100
AcDbEntity
  8
OUTLINE
 62
8
100
AcDbPolyline
 90
5
 70
0
 10
1680.0
 20
-2583.0
 10
1700.0
 20
-2583.0
 10
1700.0
 20
-2515.0
 10
1680.0
 20
-2515.0
 10
1680.0
 20
-2583.0
  0
LINE
  5
40C
330
17
100
AcDbEntity
  8
OUTLINE
 62
8
100
AcDbLine
 10
1680.0
 20
-2580.25
 30
0.0
 11
1700.0
 21
-2580.25
 31
0.0
  0
LINE
  5
40D
330
17
100
AcDbEntity
  8
OUTLINE
 62
8
100
AcDbLine
 10
1680.0
 20
-2517.75
 30
0.0
 11
1700.0
 21
-2517.75
 31
0.0
  0
LINE
  5
40E
330
17
100
AcDbEntity
  8
DIM
100
AcDbLine
 10
1680.0
 20
-2580.25
 30
0.0
 11
1644.0
 21
-2580.25
 31
0.0
  0
LINE
  5
40F
330
17
100
AcDbEntity
  8
DIM
100
AcDbLine
 10
1680.0
 20
-2517.75
 30
0.0
 11
1644.0
 21
-2517.75
 31
0.0
  0
LINE
  5
410
330
17
100
AcDbEntity
  8
DIM
100
AcDbLine
 10
1644.0
 20
-2580.25
 30
0.0
 11
1644.0
 21
-2517.75
 31
0.0
  0
LINE
  5
411
330
17
100
AcDbEntity
  8
DIM
100
AcDbLine
 10
1644.0
 20
-2580.25
 30
0.0
 11
1641.947879140046
 21
-2574.6118442752845
 31
0.0
  0
LINE
  5
412
330
17
100
AcDbEntity
  8
DIM
100
AcDbLine
 10
1644.0
 20
-2580.25
 30
0.0
 11
1646.052120859954
 21
-2574.6118442752845
 31
0.0
  0
LINE
  5
413
330
17
100
AcDbEntity
  8
DIM
100
AcDbLine
 10
1644.0
 20
-2517.75
 30
0.0
 11
1646.052120859954
 21
-2523.3881557247155
 31
0.0
  0
LINE
  5
414
330
17
100
AcDbEntity
  8
DIM
100
AcDbLine
 10
1644.0
 20
-2517.75
 30
0.0
 11
1641.947879140046
 21
-2523.3881557247155
 31
0.0
  0
TEXT
  5
415
330
17
100
AcDbEntity
  8
DIM
100
AcDbText
 10
1638.5
 20
-2549.0
 30
0.0
 40
11.0
  1
62.5
 50
90.0
 72
1
 11
1638.5
 21
-2549.0
 31
0.0
100
AcDbText
 73
1
  0
LINE
  5
416
330
17
100
AcDbEntity
  8
DIM
100
AcDbLine
 10
1680.0
 20
-2583.0
 30
0.0
 11
1680.0
 21
-2615.0
 31
0.0
  0
LINE
  5
417
330
17
100
AcDbEntity
  8
DIM
100
AcDbLine
 10
1700.0
 20
-2583.0
 30
0.0
 11
1700.0
 21
-2615.0
 31
0.0
  0
LINE
  5
418
330
17
100
AcDbEntity
  8
DIM
100
AcDbLine
 10
1680.0
 20
-2615.0
 30
0.0
 11
1700.0
 21
-2615.0
 31
0.0
  0
LINE
  5
419
330
17
100
AcDbEntity
  8
DIM
100
AcDbLine
 10
1680.0
 20
-2615.0
 30
0.0
 11
1685.6381557247155
 21
-2612.947879140046
 31
0.0
  0
LINE
  5
41A
330
17
100
AcDbEntity
  8
DIM
100
AcDbLine
 10
1680.0
 20
-2615.0
 30
0.0
 11
1685.6381557247155
 21
-2617.052120859954
 31
0.0
  0
LINE
  5
41B
330
17
100
AcDbEntity
  8
DIM
100
AcDbLine
 10
1700.0
 20
-2615.0
 30
0.0
 11
1694.3618442752845
 21
-2617.052120859954
 31
0.0
  0
LINE
  5
41C
330
17
100
AcDbEntity
  8
DIM
100
AcDbLine
 10
1700.0
 20
-2615.0
 30
0.0
 11
1694.3618442752845
 21
-2612.947879140046
 31
0.0
  0
TEXT
  5
41D
330
17
100
AcDbEntity
  8
DIM
100
AcDbText
 10
1690.0
 20
-2609.6
 30
0.0
 40
12.0
  1
20
 72
1
 11
1690.0
 21
-2609.6
 31
0.0
100
AcDbText
 73
1
  0
TEXT
  5
41E
330
17
100
AcDbEntity
  8
TITLE
100
AcDbText
 10
2146.0
 20
-2297.0
 30
0.0
 40
13.0
  1
SIDE VIEW (cross-section, opens up - M)
 11
2146.0
 21
-2297.0
 31
0.0
100
AcDbText
 73
1
  0
LWPOLYLINE
  5
41F
330
17
100
AcDbEntity
  8
SECT
 62
8
100
AcDbPolyline
 90
6
 70
0
 10
2148.75
 20
-2391.614442261515
 10
2146.0
 20
-2382.0
 10
2146.0
 20
-2397.0
 10
2214.0
 20
-2397.0
 10
2214.0
 20
-2382.0
 10
2211.25
 20
-2391.614442261515
  0
LINE
  5
420
330
17
100
AcDbEntity
  8
DIM
100
AcDbLine
 10
2146.0
 20
-2397.0
 30
0.0
 11
2146.0
 21
-2417.0
 31
0.0
  0
LINE
  5
421
330
17
100
AcDbEntity
  8
DIM
100
AcDbLine
 10
2214.0
 20
-2397.0
 30
0.0
 11
2214.0
 21
-2417.0
 31
0.0
  0
LINE
  5
422
330
17
100
AcDbEntity
  8
DIM
100
AcDbLine
 10
2146.0
 20
-2417.0
 30
0.0
 11
2214.0
 21
-2417.0
 31
0.0
  0
LINE
  5
423
330
17
100
AcDbEntity
  8
DIM
100
AcDbLine
 10
2146.0
 20
-2417.0
 30
0.0
 11
2151.6381557247155
 21
-2414.947879140046
 31
0.0
  0
LINE
  5
424
330
17
100
AcDbEntity
  8
DIM
100
AcDbLine
 10
2146.0
 20
-2417.0
 30
0.0
 11
2151.6381557247155
 21
-2419.052120859954
 31
0.0
  0
LINE
  5
425
330
17
100
AcDbEntity
  8
DIM
100
AcDbLine
 10
2214.0
 20
-2417.0
 30
0.0
 11
2208.3618442752845
 21
-2419.052120859954
 31
0.0
  0
LINE
  5
426
330
17
100
AcDbEntity
  8
DIM
100
AcDbLine
 10
2214.0
 20
-2417.0
 30
0.0
 11
2208.3618442752845
 21
-2414.947879140046
 31
0.0
  0
TEXT
  5
427
330
17
100
AcDbEntity
  8
DIM
100
AcDbText
 10
2180.0
 20
-2412.05
 30
0.0
 40
11.0
  1
68
 72
1
 11
2180.0
 21
-2412.05
 31
0.0
100
AcDbText
 73
1
  0
LINE
  5
428
330
17
100
AcDbEntity
  8
DIM
100
AcDbLine
 10
2214.0
 20
-2397.0
 30
0.0
 11
2240.0
 21
-2397.0
 31
0.0
  0
LINE
  5
429
330
17
100
AcDbEntity
  8
DIM
100
AcDbLine
 10
2214.0
 20
-2382.0
 30
0.0
 11
2240.0
 21
-2382.0
 31
0.0
  0
LINE
  5
42A
330
17
100
AcDbEntity
  8
DIM
100
AcDbLine
 10
2240.0
 20
-2397.0
 30
0.0
 11
2240.0
 21
-2382.0
 31
0.0
  0
LINE
  5
42B
330
17
100
AcDbEntity
  8
DIM
100
AcDbLine
 10
2240.0
 20
-2397.0
 30
0.0
 11
2237.947879140046
 21
-2391.3618442752845
 31
0.0
  0
LINE
  5
42C
330
17
100
AcDbEntity
  8
DIM
100
AcDbLine
 10
2240.0
 20
-2397.0
 30
0.0
 11
2242.052120859954
 21
-2391.3618442752845
 31
0.0
  0
LINE
  5
42D
330
17
100
AcDbEntity
  8
DIM
100
AcDbLine
 10
2240.0
 20
-2382.0
 30
0.0
 11
2242.052120859954
 21
-2387.6381557247155
 31
0.0
  0
LINE
  5
42E
330
17
100
AcDbEntity
  8
DIM
100
AcDbLine
 10
2240.0
 20
-2382.0
 30
0.0
 11
2237.947879140046
 21
-2387.6381557247155
 31
0.0
  0
TEXT
  5
42F
330
17
100
AcDbEntity
  8
DIM
100
AcDbText
 10
2245.5
 20
-2389.5
 30
0.0
 40
11.0
  1
15
 50
90.0
 72
1
 11
2245.5
 21
-2389.5
 31
0.0
100
AcDbText
 73
1
  0
TEXT
  5
430
330
17
100
AcDbEntity
  8
NOTE
100
AcDbText
 10
2146.0
 20
-2366.0
 30
0.0
 40
11.0
  1
t = 0.25  |  hook 16 deg inward  |  opening 62.5
 11
2146.0
 21
-2366.0
 31
0.0
100
AcDbText
 73
1
  0
SOLID
  5
431
330
17
100
AcDbEntity
  8
SWATCH
 62
1
100
AcDbTrace
 10
0.0
 20
-2765.0
 30
0.0
 11
26.0
 21
-2765.0
 31
0.0
 12
0.0
 22
-2739.0
 32
0.0
 13
26.0
 23
-2739.0
 33
0.0
  0
TEXT
  5
432
330
17
100
AcDbEntity
  8
TITLE
 62
1
100
AcDbText
 10
38.0
 20
-2767.0
 30
0.0
 40
26.0
  1
T_LEFT_40
 11
38.0
 21
-2767.0
 31
0.0
100
AcDbText
 73
1
  0
TEXT
  5
433
330
17
100
AcDbEntity
  8
TITLE
100
AcDbText
 10
38.0
 20
-2793.0
 30
0.0
 40
14.0
  1
colour: red   |   QTY = 33 pcs
 11
38.0
 21
-2793.0
 31
0.0
100
AcDbText
 73
1
  0
TEXT
  5
434
330
17
100
AcDbEntity
  8
TITLE
100
AcDbText
 10
0.0
 20
-2817.0
 30
0.0
 40
13.0
  1
FRONT VIEW (trapezoidal face, 40 deg cut)
 11
0.0
 21
-2817.0
 31
0.0
100
AcDbText
 73
1
  0
LWPOLYLINE
  5
435
330
17
100
AcDbEntity
  8
OUTLINE
 62
1
100
AcDbPolyline
 90
5
 70
0
 10
0.0
 20
-2921.0
 10
111.0
 20
-2921.0
 10
111.0
 20
-2853.0
 10
81.0
 20
-2853.0
 10
0.0
 20
-2921.0
  0
CIRCLE
  5
436
330
17
100
AcDbEntity
  8
HOLE
100
AcDbCircle
 10
93.0
 20
-2904.0
 30
0.0
 40
1.75
  0
LINE
  5
437
330
17
100
AcDbEntity
  8
CL
100
AcDbLine
 10
88.85
 20
-2904.0
 30
0.0
 11
97.15
 21
-2904.0
 31
0.0
  0
LINE
  5
438
330
17
100
AcDbEntity
  8
CL
100
AcDbLine
 10
93.0
 20
-2908.15
 30
0.0
 11
93.0
 21
-2899.85
 31
0.0
  0
CIRCLE
  5
439
330
17
100
AcDbEntity
  8
HOLE
100
AcDbCircle
 10
93.0
 20
-2870.0
 30
0.0
 40
1.75
  0
LINE
  5
43A
330
17
100
AcDbEntity
  8
CL
100
AcDbLine
 10
88.85
 20
-2870.0
 30
0.0
 11
97.15
 21
-2870.0
 31
0.0
  0
LINE
  5
43B
330
17
100
AcDbEntity
  8
CL
100
AcDbLine
 10
93.0
 20
-2874.15
 30
0.0
 11
93.0
 21
-2865.85
 31
0.0
  0
CIRCLE
  5
43C
330
17
100
AcDbEntity
  8
HOLE
100
AcDbCircle
 10
43.86764705882353
 20
-2906.0
 30
0.0
 40
1.75
  0
LINE
  5
43D
330
17
100
AcDbEntity
  8
CL
100
AcDbLine
 10
39.71764705882353
 20
-2906.0
 30
0.0
 11
48.01764705882353
 21
-2906.0
 31
0.0
  0
LINE
  5
43E
330
17
100
AcDbEntity
  8
CL
100
AcDbLine
 10
43.86764705882353
 20
-2910.15
 30
0.0
 11
43.86764705882353
 21
-2901.85
 31
0.0
  0
LINE
  5
43F
330
17
100
AcDbEntity
  8
DIM
100
AcDbLine
 10
0.0
 20
-2921.0
 30
0.0
 11
0.0
 21
-2955.0
 31
0.0
  0
LINE
  5
440
330
17
100
AcDbEntity
  8
DIM
100
AcDbLine
 10
111.0
 20
-2921.0
 30
0.0
 11
111.0
 21
-2955.0
 31
0.0
  0
LINE
  5
441
330
17
100
AcDbEntity
  8
DIM
100
AcDbLine
 10
0.0
 20
-2955.0
 30
0.0
 11
111.0
 21
-2955.0
 31
0.0
  0
LINE
  5
442
330
17
100
AcDbEntity
  8
DIM
100
AcDbLine
 10
0.0
 20
-2955.0
 30
0.0
 11
5.638155724715451
 21
-2952.947879140046
 31
0.0
  0
LINE
  5
443
330
17
100
AcDbEntity
  8
DIM
100
AcDbLine
 10
0.0
 20
-2955.0
 30
0.0
 11
5.638155724715451
 21
-2957.052120859954
 31
0.0
  0
LINE
  5
444
330
17
100
AcDbEntity
  8
DIM
100
AcDbLine
 10
111.0
 20
-2955.0
 30
0.0
 11
105.36184427528455
 21
-2957.052120859954
 31
0.0
  0
LINE
  5
445
330
17
100
AcDbEntity
  8
DIM
100
AcDbLine
 10
111.0
 20
-2955.0
 30
0.0
 11
105.36184427528455
 21
-2952.947879140046
 31
0.0
  0
TEXT
  5
446
330
17
100
AcDbEntity
  8
DIM
100
AcDbText
 10
55.5
 20
-2949.15
 30
0.0
 40
13.0
  1
bottom 111
 72
1
 11
55.5
 21
-2949.15
 31
0.0
100
AcDbText
 73
1
  0
LINE
  5
447
330
17
100
AcDbEntity
  8
DIM
100
AcDbLine
 10
81.0
 20
-2853.0
 30
0.0
 11
81.0
 21
-2831.0
 31
0.0
  0
LINE
  5
448
330
17
100
AcDbEntity
  8
DIM
100
AcDbLine
 10
111.0
 20
-2853.0
 30
0.0
 11
111.0
 21
-2831.0
 31
0.0
  0
LINE
  5
449
330
17
100
AcDbEntity
  8
DIM
100
AcDbLine
 10
81.0
 20
-2831.0
 30
0.0
 11
111.0
 21
-2831.0
 31
0.0
  0
LINE
  5
44A
330
17
100
AcDbEntity
  8
DIM
100
AcDbLine
 10
81.0
 20
-2831.0
 30
0.0
 11
86.63815572471545
 21
-2828.947879140046
 31
0.0
  0
LINE
  5
44B
330
17
100
AcDbEntity
  8
DIM
100
AcDbLine
 10
81.0
 20
-2831.0
 30
0.0
 11
86.63815572471545
 21
-2833.052120859954
 31
0.0
  0
LINE
  5
44C
330
17
100
AcDbEntity
  8
DIM
100
AcDbLine
 10
111.0
 20
-2831.0
 30
0.0
 11
105.36184427528455
 21
-2833.052120859954
 31
0.0
  0
LINE
  5
44D
330
17
100
AcDbEntity
  8
DIM
100
AcDbLine
 10
111.0
 20
-2831.0
 30
0.0
 11
105.36184427528455
 21
-2828.947879140046
 31
0.0
  0
TEXT
  5
44E
330
17
100
AcDbEntity
  8
DIM
100
AcDbText
 10
96.0
 20
-2825.6
 30
0.0
 40
12.0
  1
top 30
 72
1
 11
96.0
 21
-2825.6
 31
0.0
100
AcDbText
 73
1
  0
LINE
  5
44F
330
17
100
AcDbEntity
  8
DIM
100
AcDbLine
 10
0.0
 20
-2921.0
 30
0.0
 11
-25.71881235391406
 21
-2890.3643558725435
 31
0.0
  0
LINE
  5
450
330
17
100
AcDbEntity
  8
DIM
100
AcDbLine
 10
81.0
 20
-2853.0
 30
0.0
 11
55.28118764608594
 21
-2822.3643558725435
 31
0.0
  0
LINE
  5
451
330
17
100
AcDbEntity
  8
DIM
100
AcDbLine
 10
-25.71881235391406
 20
-2890.3643558725435
 30
0.0
 11
55.28118764608594
 21
-2822.3643558725435
 31
0.0
  0
LINE
  5
452
330
17
100
AcDbEntity
  8
DIM
100
AcDbLine
 10
-25.71881235391406
 20
-2890.3643558725435
 30
0.0
 11
-22.720051829092714
 21
-2885.167488035589
 31
0.0
  0
LINE
  5
453
330
17
100
AcDbEntity
  8
DIM
100
AcDbLine
 10
-25.71881235391406
 20
-2890.3643558725435
 30
0.0
 11
-20.081146262857214
 21
-2888.310890254193
 31
0.0
  0
LINE
  5
454
330
17
100
AcDbEntity
  8
DIM
100
AcDbLine
 10
55.28118764608594
 20
-2822.3643558725435
 30
0.0
 11
52.28242712126459
 21
-2827.561223709498
 31
0.0
  0
LINE
  5
455
330
17
100
AcDbEntity
  8
DIM
100
AcDbLine
 10
55.28118764608594
 20
-2822.3643558725435
 30
0.0
 11
49.643521555029096
 21
-2824.417821490894
 31
0.0
  0
TEXT
  5
456
330
17
100
AcDbEntity
  8
DIM
100
AcDbText
 10
8.608672681146565
 20
-2849.011801281954
 30
0.0
 40
12.0
  1
cut edge 105.8
 50
40.01366622876451
 72
1
 11
8.608672681146565
 21
-2849.011801281954
 31
0.0
100
AcDbText
 73
2
  0
LINE
  5
457
330
17
100
AcDbEntity
  8
DIM
 62
8
100
AcDbLine
 10
0.0
 20
-2921.0
 30
0.0
 11
46.0
 21
-2921.0
 31
0.0
  0
ARC
  5
458
330
17
100
AcDbEntity
  8
DIM
100
AcDbCircle
 10
0.0
 20
-2921.0
 30
0.0
 40
30.0
100
AcDbArc
 50
0.0
 51
40.0
  0
TEXT
  5
459
330
17
100
AcDbEntity
  8
DIM
100
AcDbText
 10
67.65786869658541
 20
-2896.374549680552
 30
0.0
 40
12.0
  1
40 deg
 72
1
 11
67.65786869658541
 21
-2896.374549680552
 31
0.0
100
AcDbText
 73
2
  0
LINE
  5
45A
330
17
100
AcDbEntity
  8
DIM
100
AcDbLine
 10
0.0
 20
-2921.0
 30
0.0
 11
-42.0
 21
-2921.0
 31
0.0
  0
LINE
  5
45B
330
17
100
AcDbEntity
  8
DIM
100
AcDbLine
 10
0.0
 20
-2853.0
 30
0.0
 11
-42.0
 21
-2853.0
 31
0.0
  0
LINE
  5
45C
330
17
100
AcDbEntity
  8
DIM
100
AcDbLine
 10
-42.0
 20
-2921.0
 30
0.0
 11
-42.0
 21
-2853.0
 31
0.0
  0
LINE
  5
45D
330
17
100
AcDbEntity
  8
DIM
100
AcDbLine
 10
-42.0
 20
-2921.0
 30
0.0
 11
-44.052120859954016
 21
-2915.3618442752845
 31
0.0
  0
LINE
  5
45E
330
17
100
AcDbEntity
  8
DIM
100
AcDbLine
 10
-42.0
 20
-2921.0
 30
0.0
 11
-39.947879140045984
 21
-2915.3618442752845
 31
0.0
  0
LINE
  5
45F
330
17
100
AcDbEntity
  8
DIM
100
AcDbLine
 10
-42.0
 20
-2853.0
 30
0.0
 11
-39.947879140045984
 21
-2858.6381557247155
 31
0.0
  0
LINE
  5
460
330
17
100
AcDbEntity
  8
DIM
100
AcDbLine
 10
-42.0
 20
-2853.0
 30
0.0
 11
-44.052120859954016
 21
-2858.6381557247155
 31
0.0
  0
TEXT
  5
461
330
17
100
AcDbEntity
  8
DIM
100
AcDbText
 10
-48.0
 20
-2887.0
 30
0.0
 40
12.0
  1
H 68
 50
90.0
 72
1
 11
-48.0
 21
-2887.0
 31
0.0
100
AcDbText
 73
1
  0
LINE
  5
462
330
17
100
AcDbEntity
  8
DIM
100
AcDbLine
 10
93.0
 20
-2921.0
 30
0.0
 11
115.0
 21
-2921.0
 31
0.0
  0
LINE
  5
463
330
17
100
AcDbEntity
  8
DIM
100
AcDbLine
 10
93.0
 20
-2904.0
 30
0.0
 11
115.0
 21
-2904.0
 31
0.0
  0
LINE
  5
464
330
17
100
AcDbEntity
  8
DIM
100
AcDbLine
 10
115.0
 20
-2921.0
 30
0.0
 11
115.0
 21
-2904.0
 31
0.0
  0
LINE
  5
465
330
17
100
AcDbEntity
  8
DIM
100
AcDbLine
 10
115.0
 20
-2921.0
 30
0.0
 11
112.94787914004598
 21
-2915.3618442752845
 31
0.0
  0
LINE
  5
466
330
17
100
AcDbEntity
  8
DIM
100
AcDbLine
 10
115.0
 20
-2921.0
 30
0.0
 11
117.05212085995402
 21
-2915.3618442752845
 31
0.0
  0
LINE
  5
467
330
17
100
AcDbEntity
  8
DIM
100
AcDbLine
 10
115.0
 20
-2904.0
 30
0.0
 11
117.05212085995402
 21
-2909.6381557247155
 31
0.0
  0
LINE
  5
468
330
17
100
AcDbEntity
  8
DIM
100
AcDbLine
 10
115.0
 20
-2904.0
 30
0.0
 11
112.94787914004598
 21
-2909.6381557247155
 31
0.0
  0
TEXT
  5
469
330
17
100
AcDbEntity
  8
DIM
100
AcDbText
 10
120.0
 20
-2912.5
 30
0.0
 40
10.0
  1
17
 50
90.0
 72
1
 11
120.0
 21
-2912.5
 31
0.0
100
AcDbText
 73
1
  0
LINE
  5
46A
330
17
100
AcDbEntity
  8
DIM
100
AcDbLine
 10
93.0
 20
-2921.0
 30
0.0
 11
135.0
 21
-2921.0
 31
0.0
  0
LINE
  5
46B
330
17
100
AcDbEntity
  8
DIM
100
AcDbLine
 10
93.0
 20
-2870.0
 30
0.0
 11
135.0
 21
-2870.0
 31
0.0
  0
LINE
  5
46C
330
17
100
AcDbEntity
  8
DIM
100
AcDbLine
 10
135.0
 20
-2921.0
 30
0.0
 11
135.0
 21
-2870.0
 31
0.0
  0
LINE
  5
46D
330
17
100
AcDbEntity
  8
DIM
100
AcDbLine
 10
135.0
 20
-2921.0
 30
0.0
 11
132.94787914004598
 21
-2915.3618442752845
 31
0.0
  0
LINE
  5
46E
330
17
100
AcDbEntity
  8
DIM
100
AcDbLine
 10
135.0
 20
-2921.0
 30
0.0
 11
137.05212085995402
 21
-2915.3618442752845
 31
0.0
  0
LINE
  5
46F
330
17
100
AcDbEntity
  8
DIM
100
AcDbLine
 10
135.0
 20
-2870.0
 30
0.0
 11
137.05212085995402
 21
-2875.6381557247155
 31
0.0
  0
LINE
  5
470
330
17
100
AcDbEntity
  8
DIM
100
AcDbLine
 10
135.0
 20
-2870.0
 30
0.0
 11
132.94787914004598
 21
-2875.6381557247155
 31
0.0
  0
TEXT
  5
471
330
17
100
AcDbEntity
  8
DIM
100
AcDbText
 10
140.0
 20
-2895.5
 30
0.0
 40
10.0
  1
51
 50
90.0
 72
1
 11
140.0
 21
-2895.5
 31
0.0
100
AcDbText
 73
1
  0
LINE
  5
472
330
17
100
AcDbEntity
  8
DIM
100
AcDbLine
 10
0.0
 20
-2921.0
 30
0.0
 11
0.0
 21
-2979.0
 31
0.0
  0
LINE
  5
473
330
17
100
AcDbEntity
  8
DIM
100
AcDbLine
 10
93.0
 20
-2921.0
 30
0.0
 11
93.0
 21
-2979.0
 31
0.0
  0
LINE
  5
474
330
17
100
AcDbEntity
  8
DIM
100
AcDbLine
 10
0.0
 20
-2979.0
 30
0.0
 11
93.0
 21
-2979.0
 31
0.0
  0
LINE
  5
475
330
17
100
AcDbEntity
  8
DIM
100
AcDbLine
 10
0.0
 20
-2979.0
 30
0.0
 11
5.638155724715451
 21
-2976.947879140046
 31
0.0
  0
LINE
  5
476
330
17
100
AcDbEntity
  8
DIM
100
AcDbLine
 10
0.0
 20
-2979.0
 30
0.0
 11
5.638155724715451
 21
-2981.052120859954
 31
0.0
  0
LINE
  5
477
330
17
100
AcDbEntity
  8
DIM
100
AcDbLine
 10
93.0
 20
-2979.0
 30
0.0
 11
87.36184427528455
 21
-2981.052120859954
 31
0.0
  0
LINE
  5
478
330
17
100
AcDbEntity
  8
DIM
100
AcDbLine
 10
93.0
 20
-2979.0
 30
0.0
 11
87.36184427528455
 21
-2976.947879140046
 31
0.0
  0
TEXT
  5
479
330
17
100
AcDbEntity
  8
DIM
100
AcDbText
 10
46.5
 20
-2974.5
 30
0.0
 40
10.0
  1
93
 72
1
 11
46.5
 21
-2974.5
 31
0.0
100
AcDbText
 73
1
  0
TEXT
  5
47A
330
17
100
AcDbEntity
  8
NOTE
100
AcDbText
 10
0.0
 20
-3003.0
 30
0.0
 40
11.0
  1
3 x %%c3.5  (2 on a vertical line + 1 in the long-side region)
 11
0.0
 21
-3003.0
 31
0.0
100
AcDbText
 73
1
  0
LINE
  5
47B
330
17
100
AcDbEntity
  8
DIM
100
AcDbLine
 10
93.0
 20
-2870.0
 30
0.0
 11
165.0
 21
-2870.0
 31
0.0
  0
LINE
  5
47C
330
17
100
AcDbEntity
  8
DIM
100
AcDbLine
 10
93.0
 20
-2870.0
 30
0.0
 11
98.63815572471545
 21
-2867.947879140046
 31
0.0
  0
LINE
  5
47D
330
17
100
AcDbEntity
  8
DIM
100
AcDbLine
 10
93.0
 20
-2870.0
 30
0.0
 11
98.63815572471545
 21
-2872.052120859954
 31
0.0
  0
TEXT
  5
47E
330
17
100
AcDbEntity
  8
DIM
100
AcDbText
 10
169.0
 20
-2870.0
 30
0.0
 40
12.0
  1
%%c3.5
 11
169.0
 21
-2870.0
 31
0.0
100
AcDbText
 73
2
  0
TEXT
  5
47F
330
17
100
AcDbEntity
  8
TITLE
100
AcDbText
 10
0.0
 20
-3025.0
 30
0.0
 40
13.0
  1
TOP VIEW (plan; opens upward)
 11
0.0
 21
-3025.0
 31
0.0
100
AcDbText
 73
1
  0
LWPOLYLINE
  5
480
330
17
100
AcDbEntity
  8
OUTLINE
 62
1
100
AcDbPolyline
 90
5
 70
0
 10
0.0
 20
-3111.0
 10
111.0
 20
-3111.0
 10
111.0
 20
-3043.0
 10
81.0
 20
-3043.0
 10
0.0
 20
-3111.0
  0
LINE
  5
481
330
17
100
AcDbEntity
  8
OUTLINE
 62
1
100
AcDbLine
 10
0.0
 20
-3108.25
 30
0.0
 11
111.0
 21
-3108.25
 31
0.0
  0
LINE
  5
482
330
17
100
AcDbEntity
  8
OUTLINE
 62
1
100
AcDbLine
 10
0.0
 20
-3045.75
 30
0.0
 11
111.0
 21
-3045.75
 31
0.0
  0
LINE
  5
483
330
17
100
AcDbEntity
  8
DIM
100
AcDbLine
 10
0.0
 20
-3111.0
 30
0.0
 11
0.0
 21
-3143.0
 31
0.0
  0
LINE
  5
484
330
17
100
AcDbEntity
  8
DIM
100
AcDbLine
 10
111.0
 20
-3111.0
 30
0.0
 11
111.0
 21
-3143.0
 31
0.0
  0
LINE
  5
485
330
17
100
AcDbEntity
  8
DIM
100
AcDbLine
 10
0.0
 20
-3143.0
 30
0.0
 11
111.0
 21
-3143.0
 31
0.0
  0
LINE
  5
486
330
17
100
AcDbEntity
  8
DIM
100
AcDbLine
 10
0.0
 20
-3143.0
 30
0.0
 11
5.638155724715451
 21
-3140.947879140046
 31
0.0
  0
LINE
  5
487
330
17
100
AcDbEntity
  8
DIM
100
AcDbLine
 10
0.0
 20
-3143.0
 30
0.0
 11
5.638155724715451
 21
-3145.052120859954
 31
0.0
  0
LINE
  5
488
330
17
100
AcDbEntity
  8
DIM
100
AcDbLine
 10
111.0
 20
-3143.0
 30
0.0
 11
105.36184427528455
 21
-3145.052120859954
 31
0.0
  0
LINE
  5
489
330
17
100
AcDbEntity
  8
DIM
100
AcDbLine
 10
111.0
 20
-3143.0
 30
0.0
 11
105.36184427528455
 21
-3140.947879140046
 31
0.0
  0
TEXT
  5
48A
330
17
100
AcDbEntity
  8
DIM
100
AcDbText
 10
55.5
 20
-3137.6
 30
0.0
 40
12.0
  1
bottom 111
 72
1
 11
55.5
 21
-3137.6
 31
0.0
100
AcDbText
 73
1
  0
TEXT
  5
48B
330
17
100
AcDbEntity
  8
TITLE
100
AcDbText
 10
546.0
 20
-2817.0
 30
0.0
 40
13.0
  1
SIDE VIEW (cross-section, opens up - M)
 11
546.0
 21
-2817.0
 31
0.0
100
AcDbText
 73
1
  0
LWPOLYLINE
  5
48C
330
17
100
AcDbEntity
  8
SECT
 62
1
100
AcDbPolyline
 90
6
 70
0
 10
548.75
 20
-2911.614442261515
 10
546.0
 20
-2902.0
 10
546.0
 20
-2917.0
 10
614.0
 20
-2917.0
 10
614.0
 20
-2902.0
 10
611.25
 20
-2911.614442261515
  0
LINE
  5
48D
330
17
100
AcDbEntity
  8
DIM
100
AcDbLine
 10
546.0
 20
-2917.0
 30
0.0
 11
546.0
 21
-2937.0
 31
0.0
  0
LINE
  5
48E
330
17
100
AcDbEntity
  8
DIM
100
AcDbLine
 10
614.0
 20
-2917.0
 30
0.0
 11
614.0
 21
-2937.0
 31
0.0
  0
LINE
  5
48F
330
17
100
AcDbEntity
  8
DIM
100
AcDbLine
 10
546.0
 20
-2937.0
 30
0.0
 11
614.0
 21
-2937.0
 31
0.0
  0
LINE
  5
490
330
17
100
AcDbEntity
  8
DIM
100
AcDbLine
 10
546.0
 20
-2937.0
 30
0.0
 11
551.6381557247155
 21
-2934.947879140046
 31
0.0
  0
LINE
  5
491
330
17
100
AcDbEntity
  8
DIM
100
AcDbLine
 10
546.0
 20
-2937.0
 30
0.0
 11
551.6381557247155
 21
-2939.052120859954
 31
0.0
  0
LINE
  5
492
330
17
100
AcDbEntity
  8
DIM
100
AcDbLine
 10
614.0
 20
-2937.0
 30
0.0
 11
608.3618442752845
 21
-2939.052120859954
 31
0.0
  0
LINE
  5
493
330
17
100
AcDbEntity
  8
DIM
100
AcDbLine
 10
614.0
 20
-2937.0
 30
0.0
 11
608.3618442752845
 21
-2934.947879140046
 31
0.0
  0
TEXT
  5
494
330
17
100
AcDbEntity
  8
DIM
100
AcDbText
 10
580.0
 20
-2932.05
 30
0.0
 40
11.0
  1
68
 72
1
 11
580.0
 21
-2932.05
 31
0.0
100
AcDbText
 73
1
  0
LINE
  5
495
330
17
100
AcDbEntity
  8
DIM
100
AcDbLine
 10
614.0
 20
-2917.0
 30
0.0
 11
640.0
 21
-2917.0
 31
0.0
  0
LINE
  5
496
330
17
100
AcDbEntity
  8
DIM
100
AcDbLine
 10
614.0
 20
-2902.0
 30
0.0
 11
640.0
 21
-2902.0
 31
0.0
  0
LINE
  5
497
330
17
100
AcDbEntity
  8
DIM
100
AcDbLine
 10
640.0
 20
-2917.0
 30
0.0
 11
640.0
 21
-2902.0
 31
0.0
  0
LINE
  5
498
330
17
100
AcDbEntity
  8
DIM
100
AcDbLine
 10
640.0
 20
-2917.0
 30
0.0
 11
637.947879140046
 21
-2911.3618442752845
 31
0.0
  0
LINE
  5
499
330
17
100
AcDbEntity
  8
DIM
100
AcDbLine
 10
640.0
 20
-2917.0
 30
0.0
 11
642.052120859954
 21
-2911.3618442752845
 31
0.0
  0
LINE
  5
49A
330
17
100
AcDbEntity
  8
DIM
100
AcDbLine
 10
640.0
 20
-2902.0
 30
0.0
 11
642.052120859954
 21
-2907.6381557247155
 31
0.0
  0
LINE
  5
49B
330
17
100
AcDbEntity
  8
DIM
100
AcDbLine
 10
640.0
 20
-2902.0
 30
0.0
 11
637.947879140046
 21
-2907.6381557247155
 31
0.0
  0
TEXT
  5
49C
330
17
100
AcDbEntity
  8
DIM
100
AcDbText
 10
645.5
 20
-2909.5
 30
0.0
 40
11.0
  1
15
 50
90.0
 72
1
 11
645.5
 21
-2909.5
 31
0.0
100
AcDbText
 73
1
  0
TEXT
  5
49D
330
17
100
AcDbEntity
  8
NOTE
100
AcDbText
 10
546.0
 20
-2886.0
 30
0.0
 40
11.0
  1
t = 0.25  |  hook 16 deg inward  |  opening 62.5
 11
546.0
 21
-2886.0
 31
0.0
100
AcDbText
 73
1
  0
SOLID
  5
49E
330
17
100
AcDbEntity
  8
SWATCH
 62
6
100
AcDbTrace
 10
1680.0
 20
-2765.0
 30
0.0
 11
1706.0
 21
-2765.0
 31
0.0
 12
1680.0
 22
-2739.0
 32
0.0
 13
1706.0
 23
-2739.0
 33
0.0
  0
TEXT
  5
49F
330
17
100
AcDbEntity
  8
TITLE
 62
6
100
AcDbText
 10
1718.0
 20
-2767.0
 30
0.0
 40
26.0
  1
T_RIGHT_40
 11
1718.0
 21
-2767.0
 31
0.0
100
AcDbText
 73
1
  0
TEXT
  5
4A0
330
17
100
AcDbEntity
  8
TITLE
100
AcDbText
 10
1718.0
 20
-2793.0
 30
0.0
 40
14.0
  1
colour: magenta   |   QTY = 33 pcs
 11
1718.0
 21
-2793.0
 31
0.0
100
AcDbText
 73
1
  0
TEXT
  5
4A1
330
17
100
AcDbEntity
  8
TITLE
100
AcDbText
 10
1680.0
 20
-2817.0
 30
0.0
 40
13.0
  1
FRONT VIEW (trapezoidal face, 40 deg cut)
 11
1680.0
 21
-2817.0
 31
0.0
100
AcDbText
 73
1
  0
LWPOLYLINE
  5
4A2
330
17
100
AcDbEntity
  8
OUTLINE
 62
6
100
AcDbPolyline
 90
5
 70
0
 10
1680.0
 20
-2921.0
 10
1791.0
 20
-2921.0
 10
1710.0
 20
-2853.0
 10
1680.0
 20
-2853.0
 10
1680.0
 20
-2921.0
  0
CIRCLE
  5
4A3
330
17
100
AcDbEntity
  8
HOLE
100
AcDbCircle
 10
1698.0
 20
-2904.0
 30
0.0
 40
1.75
  0
LINE
  5
4A4
330
17
100
AcDbEntity
  8
CL
100
AcDbLine
 10
1693.85
 20
-2904.0
 30
0.0
 11
1702.15
 21
-2904.0
 31
0.0
  0
LINE
  5
4A5
330
17
100
AcDbEntity
  8
CL
100
AcDbLine
 10
1698.0
 20
-2908.15
 30
0.0
 11
1698.0
 21
-2899.85
 31
0.0
  0
CIRCLE
  5
4A6
330
17
100
AcDbEntity
  8
HOLE
100
AcDbCircle
 10
1698.0
 20
-2870.0
 30
0.0
 40
1.75
  0
LINE
  5
4A7
330
17
100
AcDbEntity
  8
CL
100
AcDbLine
 10
1693.85
 20
-2870.0
 30
0.0
 11
1702.15
 21
-2870.0
 31
0.0
  0
LINE
  5
4A8
330
17
100
AcDbEntity
  8
CL
100
AcDbLine
 10
1698.0
 20
-2874.15
 30
0.0
 11
1698.0
 21
-2865.85
 31
0.0
  0
CIRCLE
  5
4A9
330
17
100
AcDbEntity
  8
HOLE
100
AcDbCircle
 10
1747.1323529411766
 20
-2906.0
 30
0.0
 40
1.75
  0
LINE
  5
4AA
330
17
100
AcDbEntity
  8
CL
100
AcDbLine
 10
1742.9823529411765
 20
-2906.0
 30
0.0
 11
1751.2823529411767
 21
-2906.0
 31
0.0
  0
LINE
  5
4AB
330
17
100
AcDbEntity
  8
CL
100
AcDbLine
 10
1747.1323529411766
 20
-2910.15
 30
0.0
 11
1747.1323529411766
 21
-2901.85
 31
0.0
  0
LINE
  5
4AC
330
17
100
AcDbEntity
  8
DIM
100
AcDbLine
 10
1680.0
 20
-2921.0
 30
0.0
 11
1680.0
 21
-2955.0
 31
0.0
  0
LINE
  5
4AD
330
17
100
AcDbEntity
  8
DIM
100
AcDbLine
 10
1791.0
 20
-2921.0
 30
0.0
 11
1791.0
 21
-2955.0
 31
0.0
  0
LINE
  5
4AE
330
17
100
AcDbEntity
  8
DIM
100
AcDbLine
 10
1680.0
 20
-2955.0
 30
0.0
 11
1791.0
 21
-2955.0
 31
0.0
  0
LINE
  5
4AF
330
17
100
AcDbEntity
  8
DIM
100
AcDbLine
 10
1680.0
 20
-2955.0
 30
0.0
 11
1685.6381557247155
 21
-2952.947879140046
 31
0.0
  0
LINE
  5
4B0
330
17
100
AcDbEntity
  8
DIM
100
AcDbLine
 10
1680.0
 20
-2955.0
 30
0.0
 11
1685.6381557247155
 21
-2957.052120859954
 31
0.0
  0
LINE
  5
4B1
330
17
100
AcDbEntity
  8
DIM
100
AcDbLine
 10
1791.0
 20
-2955.0
 30
0.0
 11
1785.3618442752845
 21
-2957.052120859954
 31
0.0
  0
LINE
  5
4B2
330
17
100
AcDbEntity
  8
DIM
100
AcDbLine
 10
1791.0
 20
-2955.0
 30
0.0
 11
1785.3618442752845
 21
-2952.947879140046
 31
0.0
  0
TEXT
  5
4B3
330
17
100
AcDbEntity
  8
DIM
100
AcDbText
 10
1735.5
 20
-2949.15
 30
0.0
 40
13.0
  1
bottom 111
 72
1
 11
1735.5
 21
-2949.15
 31
0.0
100
AcDbText
 73
1
  0
LINE
  5
4B4
330
17
100
AcDbEntity
  8
DIM
100
AcDbLine
 10
1680.0
 20
-2853.0
 30
0.0
 11
1680.0
 21
-2831.0
 31
0.0
  0
LINE
  5
4B5
330
17
100
AcDbEntity
  8
DIM
100
AcDbLine
 10
1710.0
 20
-2853.0
 30
0.0
 11
1710.0
 21
-2831.0
 31
0.0
  0
LINE
  5
4B6
330
17
100
AcDbEntity
  8
DIM
100
AcDbLine
 10
1680.0
 20
-2831.0
 30
0.0
 11
1710.0
 21
-2831.0
 31
0.0
  0
LINE
  5
4B7
330
17
100
AcDbEntity
  8
DIM
100
AcDbLine
 10
1680.0
 20
-2831.0
 30
0.0
 11
1685.6381557247155
 21
-2828.947879140046
 31
0.0
  0
LINE
  5
4B8
330
17
100
AcDbEntity
  8
DIM
100
AcDbLine
 10
1680.0
 20
-2831.0
 30
0.0
 11
1685.6381557247155
 21
-2833.052120859954
 31
0.0
  0
LINE
  5
4B9
330
17
100
AcDbEntity
  8
DIM
100
AcDbLine
 10
1710.0
 20
-2831.0
 30
0.0
 11
1704.3618442752845
 21
-2833.052120859954
 31
0.0
  0
LINE
  5
4BA
330
17
100
AcDbEntity
  8
DIM
100
AcDbLine
 10
1710.0
 20
-2831.0
 30
0.0
 11
1704.3618442752845
 21
-2828.947879140046
 31
0.0
  0
TEXT
  5
4BB
330
17
100
AcDbEntity
  8
DIM
100
AcDbText
 10
1695.0
 20
-2825.6
 30
0.0
 40
12.0
  1
top 30
 72
1
 11
1695.0
 21
-2825.6
 31
0.0
100
AcDbText
 73
1
  0
LINE
  5
4BC
330
17
100
AcDbEntity
  8
DIM
100
AcDbLine
 10
1791.0
 20
-2921.0
 30
0.0
 11
1816.718812353914
 21
-2890.3643558725435
 31
0.0
  0
LINE
  5
4BD
330
17
100
AcDbEntity
  8
DIM
100
AcDbLine
 10
1710.0
 20
-2853.0
 30
0.0
 11
1735.718812353914
 21
-2822.3643558725435
 31
0.0
  0
LINE
  5
4BE
330
17
100
AcDbEntity
  8
DIM
100
AcDbLine
 10
1816.718812353914
 20
-2890.3643558725435
 30
0.0
 11
1735.718812353914
 21
-2822.3643558725435
 31
0.0
  0
LINE
  5
4BF
330
17
100
AcDbEntity
  8
DIM
100
AcDbLine
 10
1816.718812353914
 20
-2890.3643558725435
 30
0.0
 11
1811.0811462628571
 21
-2888.310890254193
 31
0.0
  0
LINE
  5
4C0
330
17
100
AcDbEntity
  8
DIM
100
AcDbLine
 10
1816.718812353914
 20
-2890.3643558725435
 30
0.0
 11
1813.7200518290927
 21
-2885.167488035589
 31
0.0
  0
LINE
  5
4C1
330
17
100
AcDbEntity
  8
DIM
100
AcDbLine
 10
1735.718812353914
 20
-2822.3643558725435
 30
0.0
 11
1741.356478444971
 21
-2824.417821490894
 31
0.0
  0
LINE
  5
4C2
330
17
100
AcDbEntity
  8
DIM
100
AcDbLine
 10
1735.718812353914
 20
-2822.3643558725435
 30
0.0
 11
1738.7175728787354
 21
-2827.561223709498
 31
0.0
  0
TEXT
  5
4C3
330
17
100
AcDbEntity
  8
DIM
100
AcDbText
 10
1770.0462973889746
 20
-2863.716910463133
 30
0.0
 40
12.0
  1
cut edge 105.8
 50
139.9863337712355
 72
1
 11
1770.0462973889746
 21
-2863.716910463133
 31
0.0
100
AcDbText
 73
2
  0
LINE
  5
4C4
330
17
100
AcDbEntity
  8
DIM
 62
8
100
AcDbLine
 10
1791.0
 20
-2921.0
 30
0.0
 11
1745.0
 21
-2921.0
 31
0.0
  0
ARC
  5
4C5
330
17
100
AcDbEntity
  8
DIM
100
AcDbCircle
 10
1791.0
 20
-2921.0
 30
0.0
 40
30.0
100
AcDbArc
 50
140.0
 51
180.0
  0
TEXT
  5
4C6
330
17
100
AcDbEntity
  8
DIM
100
AcDbText
 10
1723.3421313034146
 20
-2896.374549680552
 30
0.0
 40
12.0
  1
40 deg
 72
1
 11
1723.3421313034146
 21
-2896.374549680552
 31
0.0
100
AcDbText
 73
2
  0
LINE
  5
4C7
330
17
100
AcDbEntity
  8
DIM
100
AcDbLine
 10
1791.0
 20
-2921.0
 30
0.0
 11
1833.0
 21
-2921.0
 31
0.0
  0
LINE
  5
4C8
330
17
100
AcDbEntity
  8
DIM
100
AcDbLine
 10
1791.0
 20
-2853.0
 30
0.0
 11
1833.0
 21
-2853.0
 31
0.0
  0
LINE
  5
4C9
330
17
100
AcDbEntity
  8
DIM
100
AcDbLine
 10
1833.0
 20
-2921.0
 30
0.0
 11
1833.0
 21
-2853.0
 31
0.0
  0
LINE
  5
4CA
330
17
100
AcDbEntity
  8
DIM
100
AcDbLine
 10
1833.0
 20
-2921.0
 30
0.0
 11
1830.947879140046
 21
-2915.3618442752845
 31
0.0
  0
LINE
  5
4CB
330
17
100
AcDbEntity
  8
DIM
100
AcDbLine
 10
1833.0
 20
-2921.0
 30
0.0
 11
1835.052120859954
 21
-2915.3618442752845
 31
0.0
  0
LINE
  5
4CC
330
17
100
AcDbEntity
  8
DIM
100
AcDbLine
 10
1833.0
 20
-2853.0
 30
0.0
 11
1835.052120859954
 21
-2858.6381557247155
 31
0.0
  0
LINE
  5
4CD
330
17
100
AcDbEntity
  8
DIM
100
AcDbLine
 10
1833.0
 20
-2853.0
 30
0.0
 11
1830.947879140046
 21
-2858.6381557247155
 31
0.0
  0
TEXT
  5
4CE
330
17
100
AcDbEntity
  8
DIM
100
AcDbText
 10
1839.0
 20
-2887.0
 30
0.0
 40
12.0
  1
H 68
 50
90.0
 72
1
 11
1839.0
 21
-2887.0
 31
0.0
100
AcDbText
 73
1
  0
LINE
  5
4CF
330
17
100
AcDbEntity
  8
DIM
100
AcDbLine
 10
1698.0
 20
-2921.0
 30
0.0
 11
1676.0
 21
-2921.0
 31
0.0
  0
LINE
  5
4D0
330
17
100
AcDbEntity
  8
DIM
100
AcDbLine
 10
1698.0
 20
-2904.0
 30
0.0
 11
1676.0
 21
-2904.0
 31
0.0
  0
LINE
  5
4D1
330
17
100
AcDbEntity
  8
DIM
100
AcDbLine
 10
1676.0
 20
-2921.0
 30
0.0
 11
1676.0
 21
-2904.0
 31
0.0
  0
LINE
  5
4D2
330
17
100
AcDbEntity
  8
DIM
100
AcDbLine
 10
1676.0
 20
-2921.0
 30
0.0
 11
1673.947879140046
 21
-2915.3618442752845
 31
0.0
  0
LINE
  5
4D3
330
17
100
AcDbEntity
  8
DIM
100
AcDbLine
 10
1676.0
 20
-2921.0
 30
0.0
 11
1678.052120859954
 21
-2915.3618442752845
 31
0.0
  0
LINE
  5
4D4
330
17
100
AcDbEntity
  8
DIM
100
AcDbLine
 10
1676.0
 20
-2904.0
 30
0.0
 11
1678.052120859954
 21
-2909.6381557247155
 31
0.0
  0
LINE
  5
4D5
330
17
100
AcDbEntity
  8
DIM
100
AcDbLine
 10
1676.0
 20
-2904.0
 30
0.0
 11
1673.947879140046
 21
-2909.6381557247155
 31
0.0
  0
TEXT
  5
4D6
330
17
100
AcDbEntity
  8
DIM
100
AcDbText
 10
1671.0
 20
-2912.5
 30
0.0
 40
10.0
  1
17
 50
90.0
 72
1
 11
1671.0
 21
-2912.5
 31
0.0
100
AcDbText
 73
1
  0
LINE
  5
4D7
330
17
100
AcDbEntity
  8
DIM
100
AcDbLine
 10
1698.0
 20
-2921.0
 30
0.0
 11
1656.0
 21
-2921.0
 31
0.0
  0
LINE
  5
4D8
330
17
100
AcDbEntity
  8
DIM
100
AcDbLine
 10
1698.0
 20
-2870.0
 30
0.0
 11
1656.0
 21
-2870.0
 31
0.0
  0
LINE
  5
4D9
330
17
100
AcDbEntity
  8
DIM
100
AcDbLine
 10
1656.0
 20
-2921.0
 30
0.0
 11
1656.0
 21
-2870.0
 31
0.0
  0
LINE
  5
4DA
330
17
100
AcDbEntity
  8
DIM
100
AcDbLine
 10
1656.0
 20
-2921.0
 30
0.0
 11
1653.947879140046
 21
-2915.3618442752845
 31
0.0
  0
LINE
  5
4DB
330
17
100
AcDbEntity
  8
DIM
100
AcDbLine
 10
1656.0
 20
-2921.0
 30
0.0
 11
1658.052120859954
 21
-2915.3618442752845
 31
0.0
  0
LINE
  5
4DC
330
17
100
AcDbEntity
  8
DIM
100
AcDbLine
 10
1656.0
 20
-2870.0
 30
0.0
 11
1658.052120859954
 21
-2875.6381557247155
 31
0.0
  0
LINE
  5
4DD
330
17
100
AcDbEntity
  8
DIM
100
AcDbLine
 10
1656.0
 20
-2870.0
 30
0.0
 11
1653.947879140046
 21
-2875.6381557247155
 31
0.0
  0
TEXT
  5
4DE
330
17
100
AcDbEntity
  8
DIM
100
AcDbText
 10
1651.0
 20
-2895.5
 30
0.0
 40
10.0
  1
51
 50
90.0
 72
1
 11
1651.0
 21
-2895.5
 31
0.0
100
AcDbText
 73
1
  0
LINE
  5
4DF
330
17
100
AcDbEntity
  8
DIM
100
AcDbLine
 10
1680.0
 20
-2921.0
 30
0.0
 11
1680.0
 21
-2979.0
 31
0.0
  0
LINE
  5
4E0
330
17
100
AcDbEntity
  8
DIM
100
AcDbLine
 10
1698.0
 20
-2921.0
 30
0.0
 11
1698.0
 21
-2979.0
 31
0.0
  0
LINE
  5
4E1
330
17
100
AcDbEntity
  8
DIM
100
AcDbLine
 10
1680.0
 20
-2979.0
 30
0.0
 11
1698.0
 21
-2979.0
 31
0.0
  0
LINE
  5
4E2
330
17
100
AcDbEntity
  8
DIM
100
AcDbLine
 10
1680.0
 20
-2979.0
 30
0.0
 11
1685.6381557247155
 21
-2976.947879140046
 31
0.0
  0
LINE
  5
4E3
330
17
100
AcDbEntity
  8
DIM
100
AcDbLine
 10
1680.0
 20
-2979.0
 30
0.0
 11
1685.6381557247155
 21
-2981.052120859954
 31
0.0
  0
LINE
  5
4E4
330
17
100
AcDbEntity
  8
DIM
100
AcDbLine
 10
1698.0
 20
-2979.0
 30
0.0
 11
1692.3618442752845
 21
-2981.052120859954
 31
0.0
  0
LINE
  5
4E5
330
17
100
AcDbEntity
  8
DIM
100
AcDbLine
 10
1698.0
 20
-2979.0
 30
0.0
 11
1692.3618442752845
 21
-2976.947879140046
 31
0.0
  0
TEXT
  5
4E6
330
17
100
AcDbEntity
  8
DIM
100
AcDbText
 10
1689.0
 20
-2974.5
 30
0.0
 40
10.0
  1
18
 72
1
 11
1689.0
 21
-2974.5
 31
0.0
100
AcDbText
 73
1
  0
TEXT
  5
4E7
330
17
100
AcDbEntity
  8
NOTE
100
AcDbText
 10
1680.0
 20
-3003.0
 30
0.0
 40
11.0
  1
3 x %%c3.5  (2 on a vertical line + 1 in the long-side region)
 11
1680.0
 21
-3003.0
 31
0.0
100
AcDbText
 73
1
  0
LINE
  5
4E8
330
17
100
AcDbEntity
  8
DIM
100
AcDbLine
 10
1698.0
 20
-2870.0
 30
0.0
 11
1626.0
 21
-2870.0
 31
0.0
  0
LINE
  5
4E9
330
17
100
AcDbEntity
  8
DIM
100
AcDbLine
 10
1698.0
 20
-2870.0
 30
0.0
 11
1692.3618442752845
 21
-2872.052120859954
 31
0.0
  0
LINE
  5
4EA
330
17
100
AcDbEntity
  8
DIM
100
AcDbLine
 10
1698.0
 20
-2870.0
 30
0.0
 11
1692.3618442752845
 21
-2867.947879140046
 31
0.0
  0
TEXT
  5
4EB
330
17
100
AcDbEntity
  8
DIM
100
AcDbText
 10
1622.0
 20
-2870.0
 30
0.0
 40
12.0
  1
%%c3.5
 72
2
 11
1622.0
 21
-2870.0
 31
0.0
100
AcDbText
 73
2
  0
TEXT
  5
4EC
330
17
100
AcDbEntity
  8
TITLE
100
AcDbText
 10
1680.0
 20
-3025.0
 30
0.0
 40
13.0
  1
TOP VIEW (plan; opens upward)
 11
1680.0
 21
-3025.0
 31
0.0
100
AcDbText
 73
1
  0
LWPOLYLINE
  5
4ED
330
17
100
AcDbEntity
  8
OUTLINE
 62
6
100
AcDbPolyline
 90
5
 70
0
 10
1680.0
 20
-3111.0
 10
1791.0
 20
-3111.0
 10
1710.0
 20
-3043.0
 10
1680.0
 20
-3043.0
 10
1680.0
 20
-3111.0
  0
LINE
  5
4EE
330
17
100
AcDbEntity
  8
OUTLINE
 62
6
100
AcDbLine
 10
1680.0
 20
-3108.25
 30
0.0
 11
1791.0
 21
-3108.25
 31
0.0
  0
LINE
  5
4EF
330
17
100
AcDbEntity
  8
OUTLINE
 62
6
100
AcDbLine
 10
1680.0
 20
-3045.75
 30
0.0
 11
1791.0
 21
-3045.75
 31
0.0
  0
LINE
  5
4F0
330
17
100
AcDbEntity
  8
DIM
100
AcDbLine
 10
1680.0
 20
-3111.0
 30
0.0
 11
1680.0
 21
-3143.0
 31
0.0
  0
LINE
  5
4F1
330
17
100
AcDbEntity
  8
DIM
100
AcDbLine
 10
1791.0
 20
-3111.0
 30
0.0
 11
1791.0
 21
-3143.0
 31
0.0
  0
LINE
  5
4F2
330
17
100
AcDbEntity
  8
DIM
100
AcDbLine
 10
1680.0
 20
-3143.0
 30
0.0
 11
1791.0
 21
-3143.0
 31
0.0
  0
LINE
  5
4F3
330
17
100
AcDbEntity
  8
DIM
100
AcDbLine
 10
1680.0
 20
-3143.0
 30
0.0
 11
1685.6381557247155
 21
-3140.947879140046
 31
0.0
  0
LINE
  5
4F4
330
17
100
AcDbEntity
  8
DIM
100
AcDbLine
 10
1680.0
 20
-3143.0
 30
0.0
 11
1685.6381557247155
 21
-3145.052120859954
 31
0.0
  0
LINE
  5
4F5
330
17
100
AcDbEntity
  8
DIM
100
AcDbLine
 10
1791.0
 20
-3143.0
 30
0.0
 11
1785.3618442752845
 21
-3145.052120859954
 31
0.0
  0
LINE
  5
4F6
330
17
100
AcDbEntity
  8
DIM
100
AcDbLine
 10
1791.0
 20
-3143.0
 30
0.0
 11
1785.3618442752845
 21
-3140.947879140046
 31
0.0
  0
TEXT
  5
4F7
330
17
100
AcDbEntity
  8
DIM
100
AcDbText
 10
1735.5
 20
-3137.6
 30
0.0
 40
12.0
  1
bottom 111
 72
1
 11
1735.5
 21
-3137.6
 31
0.0
100
AcDbText
 73
1
  0
TEXT
  5
4F8
330
17
100
AcDbEntity
  8
TITLE
100
AcDbText
 10
2226.0
 20
-2817.0
 30
0.0
 40
13.0
  1
SIDE VIEW (cross-section, opens up - M)
 11
2226.0
 21
-2817.0
 31
0.0
100
AcDbText
 73
1
  0
LWPOLYLINE
  5
4F9
330
17
100
AcDbEntity
  8
SECT
 62
6
100
AcDbPolyline
 90
6
 70
0
 10
2228.75
 20
-2911.614442261515
 10
2226.0
 20
-2902.0
 10
2226.0
 20
-2917.0
 10
2294.0
 20
-2917.0
 10
2294.0
 20
-2902.0
 10
2291.25
 20
-2911.614442261515
  0
LINE
  5
4FA
330
17
100
AcDbEntity
  8
DIM
100
AcDbLine
 10
2226.0
 20
-2917.0
 30
0.0
 11
2226.0
 21
-2937.0
 31
0.0
  0
LINE
  5
4FB
330
17
100
AcDbEntity
  8
DIM
100
AcDbLine
 10
2294.0
 20
-2917.0
 30
0.0
 11
2294.0
 21
-2937.0
 31
0.0
  0
LINE
  5
4FC
330
17
100
AcDbEntity
  8
DIM
100
AcDbLine
 10
2226.0
 20
-2937.0
 30
0.0
 11
2294.0
 21
-2937.0
 31
0.0
  0
LINE
  5
4FD
330
17
100
AcDbEntity
  8
DIM
100
AcDbLine
 10
2226.0
 20
-2937.0
 30
0.0
 11
2231.6381557247155
 21
-2934.947879140046
 31
0.0
  0
LINE
  5
4FE
330
17
100
AcDbEntity
  8
DIM
100
AcDbLine
 10
2226.0
 20
-2937.0
 30
0.0
 11
2231.6381557247155
 21
-2939.052120859954
 31
0.0
  0
LINE
  5
4FF
330
17
100
AcDbEntity
  8
DIM
100
AcDbLine
 10
2294.0
 20
-2937.0
 30
0.0
 11
2288.3618442752845
 21
-2939.052120859954
 31
0.0
  0
LINE
  5
500
330
17
100
AcDbEntity
  8
DIM
100
AcDbLine
 10
2294.0
 20
-2937.0
 30
0.0
 11
2288.3618442752845
 21
-2934.947879140046
 31
0.0
  0
TEXT
  5
501
330
17
100
AcDbEntity
  8
DIM
100
AcDbText
 10
2260.0
 20
-2932.05
 30
0.0
 40
11.0
  1
68
 72
1
 11
2260.0
 21
-2932.05
 31
0.0
100
AcDbText
 73
1
  0
LINE
  5
502
330
17
100
AcDbEntity
  8
DIM
100
AcDbLine
 10
2294.0
 20
-2917.0
 30
0.0
 11
2320.0
 21
-2917.0
 31
0.0
  0
LINE
  5
503
330
17
100
AcDbEntity
  8
DIM
100
AcDbLine
 10
2294.0
 20
-2902.0
 30
0.0
 11
2320.0
 21
-2902.0
 31
0.0
  0
LINE
  5
504
330
17
100
AcDbEntity
  8
DIM
100
AcDbLine
 10
2320.0
 20
-2917.0
 30
0.0
 11
2320.0
 21
-2902.0
 31
0.0
  0
LINE
  5
505
330
17
100
AcDbEntity
  8
DIM
100
AcDbLine
 10
2320.0
 20
-2917.0
 30
0.0
 11
2317.947879140046
 21
-2911.3618442752845
 31
0.0
  0
LINE
  5
506
330
17
100
AcDbEntity
  8
DIM
100
AcDbLine
 10
2320.0
 20
-2917.0
 30
0.0
 11
2322.052120859954
 21
-2911.3618442752845
 31
0.0
  0
LINE
  5
507
330
17
100
AcDbEntity
  8
DIM
100
AcDbLine
 10
2320.0
 20
-2902.0
 30
0.0
 11
2322.052120859954
 21
-2907.6381557247155
 31
0.0
  0
LINE
  5
508
330
17
100
AcDbEntity
  8
DIM
100
AcDbLine
 10
2320.0
 20
-2902.0
 30
0.0
 11
2317.947879140046
 21
-2907.6381557247155
 31
0.0
  0
TEXT
  5
509
330
17
100
AcDbEntity
  8
DIM
100
AcDbText
 10
2325.5
 20
-2909.5
 30
0.0
 40
11.0
  1
15
 50
90.0
 72
1
 11
2325.5
 21
-2909.5
 31
0.0
100
AcDbText
 73
1
  0
TEXT
  5
50A
330
17
100
AcDbEntity
  8
NOTE
100
AcDbText
 10
2226.0
 20
-2886.0
 30
0.0
 40
11.0
  1
t = 0.25  |  hook 16 deg inward  |  opening 62.5
 11
2226.0
 21
-2886.0
 31
0.0
100
AcDbText
 73
1
  0
LWPOLYLINE
  5
50B
330
17
100
AcDbEntity
  8
BORDER
100
AcDbPolyline
 90
5
 70
0
 10
-241.30207635632954
 20
-3195.052120859954
 10
2919.4353650368384
 20
-3195.052120859954
 10
2919.4353650368384
 20
101.41326188881447
 10
-241.30207635632954
 20
101.41326188881447
 10
-241.30207635632954
 20
-3195.052120859954
  0
ENDSEC
  0
SECTION
  2
OBJECTS
  0
DICTIONARY
  5
A
330
0
100
AcDbDictionary
281
1
  3
ACAD_COLOR
350
B
  3
ACAD_GROUP
350
C
  3
ACAD_LAYOUT
350
D
  3
ACAD_MATERIAL
350
E
  3
ACAD_MLEADERSTYLE
350
F
  3
ACAD_MLINESTYLE
350
10
  3
ACAD_PLOTSETTINGS
350
11
  3
ACAD_PLOTSTYLENAME
350
12
  3
ACAD_SCALELIST
350
14
  3
ACAD_TABLESTYLE
350
15
  3
ACAD_VISUALSTYLE
350
16
  3
EZDXF_META
350
2D
  0
DICTIONARY
  5
B
330
A
100
AcDbDictionary
281
1
  0
DICTIONARY
  5
C
330
A
100
AcDbDictionary
281
1
  0
DICTIONARY
  5
D
330
A
100
AcDbDictionary
281
1
  3
Model
350
1A
  3
Layout1
350
1E
  0
DICTIONARY
  5
E
330
A
100
AcDbDictionary
281
1
  3
ByBlock
350
1F
  3
ByLayer
350
20
  3
Global
350
21
  0
DICTIONARY
  5
F
330
A
100
AcDbDictionary
281
1
  3
Standard
350
2C
  0
DICTIONARY
  5
10
330
A
100
AcDbDictionary
281
1
  3
Standard
350
22
  0
DICTIONARY
  5
11
330
A
100
AcDbDictionary
281
1
  0
ACDBDICTIONARYWDFLT
  5
12
330
A
100
AcDbDictionary
281
1
  3
Normal
350
13
100
AcDbDictionaryWithDefault
340
13
  0
ACDBPLACEHOLDER
  5
13
330
12
  0
DICTIONARY
  5
14
330
A
100
AcDbDictionary
281
1
  0
DICTIONARY
  5
15
330
A
100
AcDbDictionary
281
1
  0
DICTIONARY
  5
16
330
A
100
AcDbDictionary
281
1
  3
2dWireframe
350
5A
  3
Basic
350
5B
  3
Brighten
350
5C
  3
ColorChange
350
5D
  3
Conceptual
350
5E
  3
Dim
350
5F
  3
EdgeColorOff
350
60
  3
Facepattern
350
61
  3
Flat
350
62
  3
FlatWithEdges
350
63
  3
Gouraud
350
64
  3
GouraudWithEdges
350
65
  3
Hidden
350
66
  3
JitterOff
350
67
  3
Linepattern
350
68
  3
Modeling
350
69
  3
OverhangOff
350
6A
  3
Realistic
350
6B
  3
Shaded
350
6C
  3
Shaded with edges
350
6D
  3
Shades of Gray
350
6E
  3
Sketchy
350
6F
  3
Thicken
350
70
  3
Wireframe
350
71
  3
X-Ray
350
72
  0
LAYOUT
  5
1A
330
D
100
AcDbPlotSettings
  1

  4
A3
  6

 40
7.5
 41
20.0
 42
7.5
 43
20.0
 44
420.0
 45
297.0
 46
0.0
 47
0.0
 48
0.0
 49
0.0
140
0.0
141
0.0
142
1.0
143
1.0
 70
1024
 72
1
 73
0
 74
5
  7

 75
16
 76
0
 77
2
 78
300
147
1.0
148
0.0
149
0.0
100
AcDbLayout
  1
Model
 70
1
 71
0
 10
0.0
 20
0.0
 11
420.0
 21
297.0
 12
0.0
 22
0.0
 32
0.0
 14
1e+20
 24
1e+20
 34
1e+20
 15
-1e+20
 25
-1e+20
 35
-1e+20
146
0.0
 13
0.0
 23
0.0
 33
0.0
 16
1.0
 26
0.0
 36
0.0
 17
0.0
 27
1.0
 37
0.0
 76
1
330
17
  0
LAYOUT
  5
1E
330
D
100
AcDbPlotSettings
  1

  4
A3
  6

 40
7.5
 41
20.0
 42
7.5
 43
20.0
 44
420.0
 45
297.0
 46
0.0
 47
0.0
 48
0.0
 49
0.0
140
0.0
141
0.0
142
1.0
143
1.0
 70
0
 72
1
 73
0
 74
5
  7

 75
16
 76
0
 77
2
 78
300
147
1.0
148
0.0
149
0.0
100
AcDbLayout
  1
Layout1
 70
1
 71
1
 10
0.0
 20
0.0
 11
420.0
 21
297.0
 12
0.0
 22
0.0
 32
0.0
 14
1e+20
 24
1e+20
 34
1e+20
 15
-1e+20
 25
-1e+20
 35
-1e+20
146
0.0
 13
0.0
 23
0.0
 33
0.0
 16
1.0
 26
0.0
 36
0.0
 17
0.0
 27
1.0
 37
0.0
 76
1
330
1B
  0
MATERIAL
  5
1F
102
{ACAD_REACTORS
330
E
102
}
330
E
100
AcDbMaterial
  1
ByBlock
  2

 70
0
 40
1.0
 71
1
 41
1.0
 91
-1023410177
 42
1.0
 72
1
  3

 73
1
 74
1
 75
1
 44
0.5
 73
0
 45
1.0
 46
1.0
 77
1
  4

 78
1
 79
1
170
1
 48
1.0
171
1
  6

172
1
173
1
174
1
140
1.0
141
1.0
175
1
  7

176
1
177
1
178
1
143
1.0
179
1
  8

270
1
271
1
272
1
145
1.0
146
1.0
273
1
  9

274
1
275
1
276
1
 42
1.0
 72
1
  3

 73
1
 74
1
 75
1
 94
63
  0
MATERIAL
  5
20
102
{ACAD_REACTORS
330
E
102
}
330
E
100
AcDbMaterial
  1
ByLayer
  2

 70
0
 40
1.0
 71
1
 41
1.0
 91
-1023410177
 42
1.0
 72
1
  3

 73
1
 74
1
 75
1
 44
0.5
 73
0
 45
1.0
 46
1.0
 77
1
  4

 78
1
 79
1
170
1
 48
1.0
171
1
  6

172
1
173
1
174
1
140
1.0
141
1.0
175
1
  7

176
1
177
1
178
1
143
1.0
179
1
  8

270
1
271
1
272
1
145
1.0
146
1.0
273
1
  9

274
1
275
1
276
1
 42
1.0
 72
1
  3

 73
1
 74
1
 75
1
 94
63
  0
MATERIAL
  5
21
102
{ACAD_REACTORS
330
E
102
}
330
E
100
AcDbMaterial
  1
Global
  2

 70
0
 40
1.0
 71
1
 41
1.0
 91
-1023410177
 42
1.0
 72
1
  3

 73
1
 74
1
 75
1
 44
0.5
 73
0
 45
1.0
 46
1.0
 77
1
  4

 78
1
 79
1
170
1
 48
1.0
171
1
  6

172
1
173
1
174
1
140
1.0
141
1.0
175
1
  7

176
1
177
1
178
1
143
1.0
179
1
  8

270
1
271
1
272
1
145
1.0
146
1.0
273
1
  9

274
1
275
1
276
1
 42
1.0
 72
1
  3

 73
1
 74
1
 75
1
 94
63
  0
MLINESTYLE
  5
22
102
{ACAD_REACTORS
330
10
102
}
330
10
100
AcDbMlineStyle
  2
Standard
 70
0
  3

 62
256
 51
90.0
 52
90.0
 71
2
 49
0.5
 62
256
  6
BYLAYER
 49
-0.5
 62
256
  6
BYLAYER
  0
MLEADERSTYLE
  5
2C
102
{ACAD_REACTORS
330
F
102
}
330
F
100
AcDbMLeaderStyle
179
2
170
2
171
1
172
0
 90
2
 40
0.0
 41
0.0
173
1
 91
-1056964608
 92
-2
290
1
 42
2.0
291
1
 43
8.0
  3
Standard
 44
4.0
300

342
29
174
1
175
1
176
0
178
1
 93
-1056964608
 45
4.0
292
0
297
0
 46
4.0
 94
-1056964608
 47
1.0
 49
1.0
140
1.0
294
1
141
0.0
177
0
142
1.0
295
0
296
0
143
3.75
271
0
272
9
273
9
  0
DICTIONARY
  5
2D
330
A
100
AcDbDictionary
280
1
281
1
  3
CREATED_BY_EZDXF
350
2E
  3
WRITTEN_BY_EZDXF
350
50E
  0
DICTIONARYVAR
  5
2E
330
2D
100
DictionaryVariables
280
0
  1
1.4.4 @ 2026-06-10T12:04:23.379550+00:00
  0
VISUALSTYLE
  5
5A
102
{ACAD_REACTORS
330
16
102
}
330
16
100
AcDbVisualStyle
  2
2dWireframe
 70
4
 90
0
 40
0.6
 62
7
290
0
291
0
  0
VISUALSTYLE
  5
5B
102
{ACAD_REACTORS
330
16
102
}
330
16
100
AcDbVisualStyle
  2
Basic
 70
7
 90
1
 40
0.6
 62
7
290
0
291
1
  0
VISUALSTYLE
  5
5C
102
{ACAD_REACTORS
330
16
102
}
330
16
100
AcDbVisualStyle
  2
Brighten
 70
12
 90
2
 40
0.6
 62
7
290
0
291
1
  0
VISUALSTYLE
  5
5D
102
{ACAD_REACTORS
330
16
102
}
330
16
100
AcDbVisualStyle
  2
ColorChange
 70
16
 90
2
 40
0.6
 62
8
290
0
291
1
  0
VISUALSTYLE
  5
5E
102
{ACAD_REACTORS
330
16
102
}
330
16
100
AcDbVisualStyle
  2
Conceptual
 70
9
 90
3
 40
0.6
 62
7
290
0
291
0
  0
VISUALSTYLE
  5
5F
102
{ACAD_REACTORS
330
16
102
}
330
16
100
AcDbVisualStyle
  2
Dim
 70
11
 90
2
 40
0.6
 62
7
290
0
291
1
  0
VISUALSTYLE
  5
60
102
{ACAD_REACTORS
330
16
102
}
330
16
100
AcDbVisualStyle
  2
EdgeColorOff
 70
22
 90
2
 40
0.6
 62
7
290
0
291
1
  0
VISUALSTYLE
  5
61
102
{ACAD_REACTORS
330
16
102
}
330
16
100
AcDbVisualStyle
  2
Facepattern
 70
15
 90
2
 40
0.6
 62
7
290
0
291
1
  0
VISUALSTYLE
  5
62
102
{ACAD_REACTORS
330
16
102
}
330
16
100
AcDbVisualStyle
  2
Flat
 70
0
 90
2
 40
0.6
 62
7
290
0
291
1
  0
VISUALSTYLE
  5
63
102
{ACAD_REACTORS
330
16
102
}
330
16
100
AcDbVisualStyle
  2
FlatWithEdges
 70
1
 90
2
 40
0.6
 62
7
290
0
291
1
  0
VISUALSTYLE
  5
64
102
{ACAD_REACTORS
330
16
102
}
330
16
100
AcDbVisualStyle
  2
Gouraud
 70
2
 90
2
 40
0.6
 62
7
290
0
291
1
  0
VISUALSTYLE
  5
65
102
{ACAD_REACTORS
330
16
102
}
330
16
100
AcDbVisualStyle
  2
GouraudWithEdges
 70
3
 90
2
 40
0.6
 62
7
290
0
291
1
  0
VISUALSTYLE
  5
66
102
{ACAD_REACTORS
330
16
102
}
330
16
100
AcDbVisualStyle
  2
Hidden
 70
6
 90
1
 40
0.6
 62
7
290
0
291
0
  0
VISUALSTYLE
  5
67
102
{ACAD_REACTORS
330
16
102
}
330
16
100
AcDbVisualStyle
  2
JitterOff
 70
20
 90
2
 40
0.6
 62
7
290
0
291
1
  0
VISUALSTYLE
  5
68
102
{ACAD_REACTORS
330
16
102
}
330
16
100
AcDbVisualStyle
  2
Linepattern
 70
14
 90
2
 40
0.6
 62
7
290
0
291
1
  0
VISUALSTYLE
  5
69
102
{ACAD_REACTORS
330
16
102
}
330
16
100
AcDbVisualStyle
  2
Modeling
 70
10
 90
2
 40
0.6
 62
7
290
0
291
0
  0
VISUALSTYLE
  5
6A
102
{ACAD_REACTORS
330
16
102
}
330
16
100
AcDbVisualStyle
  2
OverhangOff
 70
21
 90
2
 40
0.6
 62
7
290
0
291
1
  0
VISUALSTYLE
  5
6B
102
{ACAD_REACTORS
330
16
102
}
330
16
100
AcDbVisualStyle
  2
Realistic
 70
8
 90
2
 40
0.6
 62
7
290
0
291
0
  0
VISUALSTYLE
  5
6C
102
{ACAD_REACTORS
330
16
102
}
330
16
100
AcDbVisualStyle
  2
Shaded
 70
27
 90
2
 40
0.6
 62
7
290
0
291
0
  0
VISUALSTYLE
  5
6D
102
{ACAD_REACTORS
330
16
102
}
330
16
100
AcDbVisualStyle
  2
Shaded with edges
 70
26
 90
2
 40
0.6
 62
7
290
0
291
0
  0
VISUALSTYLE
  5
6E
102
{ACAD_REACTORS
330
16
102
}
330
16
100
AcDbVisualStyle
  2
Shades of Gray
 70
23
 90
2
 40
0.6
 62
7
290
0
291
0
  0
VISUALSTYLE
  5
6F
102
{ACAD_REACTORS
330
16
102
}
330
16
100
AcDbVisualStyle
  2
Sketchy
 70
24
 90
1
 40
0.6
 62
7
290
0
291
0
  0
VISUALSTYLE
  5
70
102
{ACAD_REACTORS
330
16
102
}
330
16
100
AcDbVisualStyle
  2
Thicken
 70
13
 90
2
 40
0.6
 62
7
290
0
291
1
  0
VISUALSTYLE
  5
71
102
{ACAD_REACTORS
330
16
102
}
330
16
100
AcDbVisualStyle
  2
Wireframe
 70
5
 90
0
 40
0.6
 62
7
290
0
291
0
  0
VISUALSTYLE
  5
72
102
{ACAD_REACTORS
330
16
102
}
330
16
100
AcDbVisualStyle
  2
X-Ray
 70
25
 90
2
 40
0.5
 62
7
290
0
291
0
  0
DICTIONARYVAR
  5
50E
330
2D
100
DictionaryVariables
280
0
  1
1.4.4 @ 2026-06-10T12:04:23.516906+00:00
  0
ENDSEC
  0
EOF
